elapsed_s,frontier_x_m,frontier_y_m
2.99,0.5591,-1.0334
2.99,-1.4909,-0.1334
2.99,0.7091,0.6666
2.99,0.5591,-0.5334
2.99,0.4091,0.7666
2.99,0.7091,-0.1334
2.99,-0.2409,-1.1834
2.99,-0.9409,0.9666
2.99,-2.5909,-0.5334
2.99,-2.2909,-0.8334
2.99,-2.3909,0.9666
2.99,-2.3909,-0.6834
2.99,-2.7409,0.1666
2.99,-1.9409,0.4666
2.99,-2.9409,-0.8334
2.99,-2.4909,-0.8334
2.99,-2.7409,-0.7834
2.99,-2.5909,-0.7334
2.99,-2.8909,-0.6834
2.99,0.8591,0.2666
2.99,-2.1909,0.5666
2.99,-2.3909,0.6166
2.99,-2.5909,0.6666
2.99,-1.7909,1.1666
2.99,0.4591,-1.3834
2.99,-2.6409,-0.8834
2.99,-2.3909,-0.8834
2.99,-1.8409,0.5666
2.99,-2.7409,0.7166
2.99,-0.4909,1.0166
4.71,0.5591,-1.0334
4.71,-1.4909,-0.1334
4.71,0.7091,0.6666
4.71,0.5591,-0.5334
4.71,0.4091,0.7666
4.71,0.7091,-0.1334
4.71,-0.2409,-1.1834
4.71,-0.9409,0.9666
4.71,-2.5909,-0.5334
4.71,-2.2909,-0.8334
4.71,-2.3909,0.9666
4.71,-2.3909,-0.6834
4.71,-2.7409,0.1666
4.71,-1.9409,0.4666
4.71,-2.9409,-0.8334
4.71,-2.4909,-0.8334
4.71,-2.7409,-0.7834
4.71,-2.5909,-0.7334
4.71,-2.8909,-0.6834
4.71,0.8591,0.2666
4.71,-2.1909,0.5666
4.71,-2.3909,0.6166
4.71,-2.5909,0.6666
4.71,-1.7909,1.1666
4.71,0.4591,-1.3834
4.71,-2.6409,-0.8834
4.71,-2.3909,-0.8834
4.71,-1.8409,0.5666
4.71,-2.7409,0.7166
4.71,-0.4909,1.0166
20.51,0.5591,-1.0334
20.51,-1.4909,-0.1334
20.51,0.7091,0.6666
20.51,0.5591,-0.5334
20.51,0.4091,0.7666
20.51,0.7091,-0.1334
20.51,-0.2409,-1.1834
20.51,-0.9409,0.9666
20.51,-2.5909,-0.5334
20.51,-2.2909,-0.8334
20.51,-2.3909,0.9666
20.51,-2.3909,-0.6834
20.51,-2.7409,0.1666
20.51,-1.9409,0.4666
20.51,-2.9409,-0.8334
20.51,-2.4909,-0.8334
20.51,-2.7409,-0.7834
20.51,-2.5909,-0.7334
20.51,-2.8909,-0.6834
20.51,0.8591,0.2666
20.51,-2.1909,0.5666
20.51,-2.3909,0.6166
20.51,-2.5909,0.6666
20.51,-1.7909,1.1666
20.51,0.4591,-1.3834
20.51,-2.6409,-0.8834
20.51,-2.3909,-0.8834
20.51,-1.8409,0.5666
20.51,-2.7409,0.7166
20.51,-0.4909,1.0166
23.77,0.5591,-1.0334
23.77,-1.4909,-0.1334
23.77,0.7091,0.6666
23.77,0.5591,-0.5334
23.77,0.4091,0.7666
23.77,0.7091,-0.1334
23.77,-0.2409,-1.1834
23.77,-0.9409,0.9666
23.77,-2.5909,-0.5334
23.77,-2.2909,-0.8334
23.77,-2.3909,0.9666
23.77,-2.3909,-0.6834
23.77,-2.7409,0.1666
23.77,-1.9409,0.4666
23.77,-2.9409,-0.8334
23.77,-2.4909,-0.8334
23.77,-2.7409,-0.7834
23.77,-2.5909,-0.7334
23.77,-2.8909,-0.6834
23.77,0.8591,0.2666
23.77,-2.1909,0.5666
23.77,-2.3909,0.6166
23.77,-2.5909,0.6666
23.77,-1.7909,1.1666
23.77,0.4591,-1.3834
23.77,-2.6409,-0.8834
23.77,-2.3909,-0.8834
23.77,-1.8409,0.5666
23.77,-2.7409,0.7166
23.77,-0.4909,1.0166
26.91,0.5591,-1.0334
26.91,-1.4909,-0.1334
26.91,0.7091,0.6666
26.91,0.5591,-0.5334
26.91,0.4091,0.7666
26.91,0.7091,-0.1334
26.91,-0.2409,-1.1834
26.91,-0.9409,0.9666
26.91,-2.5909,-0.5334
26.91,-2.2909,-0.8334
26.91,-2.3909,0.9666
26.91,-2.3909,-0.6834
26.91,-2.7409,0.1666
26.91,-1.9409,0.4666
26.91,-2.9409,-0.8334
26.91,-2.4909,-0.8334
26.91,-2.7409,-0.7834
26.91,-2.5909,-0.7334
26.91,-2.8909,-0.6834
26.91,0.8591,0.2666
26.91,-2.1909,0.5666
26.91,-2.3909,0.6166
26.91,-2.5909,0.6666
26.91,-1.7909,1.1666
26.91,0.4591,-1.3834
26.91,-2.6409,-0.8834
26.91,-2.3909,-0.8834
26.91,-1.8409,0.5666
26.91,-2.7409,0.7166
26.91,-0.4909,1.0166
30.16,0.5591,-1.0334
30.16,-1.4909,-0.1334
30.16,0.7091,0.6666
30.16,0.5591,-0.5334
30.16,0.4091,0.7666
30.16,0.7091,-0.1334
30.16,-0.2409,-1.1834
30.16,-0.9409,0.9666
30.16,-2.5909,-0.5334
30.16,-2.2909,-0.8334
30.16,-2.3909,0.9666
30.16,-2.3909,-0.6834
30.16,-2.7409,0.1666
30.16,-1.9409,0.4666
30.16,-2.9409,-0.8334
30.16,-2.4909,-0.8334
30.16,-2.7409,-0.7834
30.16,-2.5909,-0.7334
30.16,-2.8909,-0.6834
30.16,0.8591,0.2666
30.16,-2.1909,0.5666
30.16,-2.3909,0.6166
30.16,-2.5909,0.6666
30.16,-1.7909,1.1666
30.16,0.4591,-1.3834
30.16,-2.6409,-0.8834
30.16,-2.3909,-0.8834
30.16,-1.8409,0.5666
30.16,-2.7409,0.7166
30.16,-0.4909,1.0166
33.30,0.5591,-1.0334
33.30,-1.4909,-0.1334
33.30,0.7091,0.6666
33.30,0.5591,-0.5334
33.30,0.4091,0.7666
33.30,0.7091,-0.1334
33.30,-0.2409,-1.1834
33.30,-0.9409,0.9666
33.30,-2.5909,-0.5334
33.30,-2.2909,-0.8334
33.30,-2.3909,0.9666
33.30,-2.3909,-0.6834
33.30,-2.7409,0.1666
33.30,-1.9409,0.4666
33.30,-2.9409,-0.8334
33.30,-2.4909,-0.8334
33.30,-2.7409,-0.7834
33.30,-2.5909,-0.7334
33.30,-2.8909,-0.6834
33.30,0.8591,0.2666
33.30,-2.1909,0.5666
33.30,-2.3909,0.6166
33.30,-2.5909,0.6666
33.30,-1.7909,1.1666
33.30,0.4591,-1.3834
33.30,-2.6409,-0.8834
33.30,-2.3909,-0.8834
33.30,-1.8409,0.5666
33.30,-2.7409,0.7166
33.30,-0.4909,1.0166
36.39,0.5591,-1.0334
36.39,-1.4909,-0.1334
36.39,0.7091,0.6666
36.39,0.5591,-0.5334
36.39,0.4091,0.7666
36.39,0.7091,-0.1334
36.39,-0.2409,-1.1834
36.39,-0.9409,0.9666
36.39,-2.5909,-0.5334
36.39,-2.2909,-0.8334
36.39,-2.3909,0.9666
36.39,-2.3909,-0.6834
36.39,-2.7409,0.1666
36.39,-1.9409,0.4666
36.39,-2.9409,-0.8334
36.39,-2.4909,-0.8334
36.39,-2.7409,-0.7834
36.39,-2.5909,-0.7334
36.39,-2.8909,-0.6834
36.39,0.8591,0.2666
36.39,-2.1909,0.5666
36.39,-2.3909,0.6166
36.39,-2.5909,0.6666
36.39,-1.7909,1.1666
36.39,0.4591,-1.3834
36.39,-2.6409,-0.8834
36.39,-2.3909,-0.8834
36.39,-1.8409,0.5666
36.39,-2.7409,0.7166
36.39,-0.4909,1.0166
39.65,0.5591,-1.0334
39.65,-1.4909,-0.1334
39.65,0.7091,0.6666
39.65,0.5591,-0.5334
39.65,0.4091,0.7666
39.65,0.7091,-0.1334
39.65,-0.2409,-1.1834
39.65,-0.9409,0.9666
39.65,-2.5909,-0.5334
39.65,-2.2909,-0.8334
39.65,-2.3909,0.9666
39.65,-2.3909,-0.6834
39.65,-2.7409,0.1666
39.65,-1.9409,0.4666
39.65,-2.9409,-0.8334
39.65,-2.4909,-0.8334
39.65,-2.7409,-0.7834
39.65,-2.5909,-0.7334
39.65,-2.8909,-0.6834
39.65,0.8591,0.2666
39.65,-2.1909,0.5666
39.65,-2.3909,0.6166
39.65,-2.5909,0.6666
39.65,-1.7909,1.1666
39.65,0.4591,-1.3834
39.65,-2.6409,-0.8834
39.65,-2.3909,-0.8834
39.65,-1.8409,0.5666
39.65,-2.7409,0.7166
39.65,-0.4909,1.0166
42.82,0.5591,-1.0334
42.82,-1.4909,-0.1334
42.82,0.7091,0.6666
42.82,0.5591,-0.5334
42.82,0.4091,0.7666
42.82,0.7091,-0.1334
42.82,-0.2409,-1.1834
42.82,-0.9409,0.9666
42.82,-2.5909,-0.5334
42.82,-2.2909,-0.8334
42.82,-2.3909,0.9666
42.82,-2.3909,-0.6834
42.82,-2.7409,0.1666
42.82,-1.9409,0.4666
42.82,-2.9409,-0.8334
42.82,-2.4909,-0.8334
42.82,-2.7409,-0.7834
42.82,-2.5909,-0.7334
42.82,-2.8909,-0.6834
42.82,0.8591,0.2666
42.82,-2.1909,0.5666
42.82,-2.3909,0.6166
42.82,-2.5909,0.6666
42.82,-1.7909,1.1666
42.82,0.4591,-1.3834
42.82,-2.6409,-0.8834
42.82,-2.3909,-0.8834
42.82,-1.8409,0.5666
42.82,-2.7409,0.7166
42.82,-0.4909,1.0166
47.54,0.5591,-1.0334
47.54,-1.4909,-0.1334
47.54,0.7091,0.6666
47.54,0.5591,-0.5334
47.54,0.4091,0.7666
47.54,0.7091,-0.1334
47.54,-0.2409,-1.1834
47.54,-0.9409,0.9666
47.54,-2.5909,-0.5334
47.54,-2.2909,-0.8334
47.54,-2.3909,0.9666
47.54,-2.3909,-0.6834
47.54,-2.7409,0.1666
47.54,-1.9409,0.4666
47.54,-2.9409,-0.8334
47.54,-2.4909,-0.8334
47.54,-2.7409,-0.7834
47.54,-2.5909,-0.7334
47.54,-2.8909,-0.6834
47.54,0.8591,0.2666
47.54,-2.1909,0.5666
47.54,-2.3909,0.6166
47.54,-2.5909,0.6666
47.54,-1.7909,1.1666
47.54,0.4591,-1.3834
47.54,-2.6409,-0.8834
47.54,-2.3909,-0.8834
47.54,-1.8409,0.5666
47.54,-2.7409,0.7166
47.54,-0.4909,1.0166
50.72,0.5591,-1.0334
50.72,-1.4909,-0.1334
50.72,0.7091,0.6666
50.72,0.5591,-0.5334
50.72,0.4091,0.7666
50.72,0.7091,-0.1334
50.72,-0.2409,-1.1834
50.72,-0.9409,0.9666
50.72,-2.5909,-0.5334
50.72,-2.2909,-0.8334
50.72,-2.3909,0.9666
50.72,-2.3909,-0.6834
50.72,-2.7409,0.1666
50.72,-1.9409,0.4666
50.72,-2.9409,-0.8334
50.72,-2.4909,-0.8334
50.72,-2.7409,-0.7834
50.72,-2.5909,-0.7334
50.72,-2.8909,-0.6834
50.72,0.8591,0.2666
50.72,-2.1909,0.5666
50.72,-2.3909,0.6166
50.72,-2.5909,0.6666
50.72,-1.7909,1.1666
50.72,0.4591,-1.3834
50.72,-2.6409,-0.8834
50.72,-2.3909,-0.8834
50.72,-1.8409,0.5666
50.72,-2.7409,0.7166
50.72,-0.4909,1.0166
53.85,0.5591,-1.0334
53.85,-1.4909,-0.1334
53.85,0.7091,0.6666
53.85,0.5591,-0.5334
53.85,0.4091,0.7666
53.85,0.7091,-0.1334
53.85,-0.2409,-1.1834
53.85,-0.9409,0.9666
53.85,-2.5909,-0.5334
53.85,-2.2909,-0.8334
53.85,-2.3909,0.9666
53.85,-2.3909,-0.6834
53.85,-2.7409,0.1666
53.85,-1.9409,0.4666
53.85,-2.9409,-0.8334
53.85,-2.4909,-0.8334
53.85,-2.7409,-0.7834
53.85,-2.5909,-0.7334
53.85,-2.8909,-0.6834
53.85,0.8591,0.2666
53.85,-2.1909,0.5666
53.85,-2.3909,0.6166
53.85,-2.5909,0.6666
53.85,-1.7909,1.1666
53.85,0.4591,-1.3834
53.85,-2.6409,-0.8834
53.85,-2.3909,-0.8834
53.85,-1.8409,0.5666
53.85,-2.7409,0.7166
53.85,-0.4909,1.0166
57.06,0.5591,-1.0334
57.06,-1.4909,-0.1334
57.06,0.7091,0.6666
57.06,0.5591,-0.5334
57.06,0.4091,0.7666
57.06,0.7091,-0.1334
57.06,-0.2409,-1.1834
57.06,-0.9409,0.9666
57.06,-2.5909,-0.5334
57.06,-2.2909,-0.8334
57.06,-2.3909,0.9666
57.06,-2.3909,-0.6834
57.06,-2.7409,0.1666
57.06,-1.9409,0.4666
57.06,-2.9409,-0.8334
57.06,-2.4909,-0.8334
57.06,-2.7409,-0.7834
57.06,-2.5909,-0.7334
57.06,-2.8909,-0.6834
57.06,0.8591,0.2666
57.06,-2.1909,0.5666
57.06,-2.3909,0.6166
57.06,-2.5909,0.6666
57.06,-1.7909,1.1666
57.06,0.4591,-1.3834
57.06,-2.6409,-0.8834
57.06,-2.3909,-0.8834
57.06,-1.8409,0.5666
57.06,-2.7409,0.7166
57.06,-0.4909,1.0166
60.17,0.5591,-1.0334
60.17,-1.4909,-0.1334
60.17,0.7091,0.6666
60.17,0.5591,-0.5334
60.17,0.4091,0.7666
60.17,0.7091,-0.1334
60.17,-0.2409,-1.1834
60.17,-0.9409,0.9666
60.17,-2.5909,-0.5334
60.17,-2.2909,-0.8334
60.17,-2.3909,0.9666
60.17,-2.3909,-0.6834
60.17,-2.7409,0.1666
60.17,-1.9409,0.4666
60.17,-2.9409,-0.8334
60.17,-2.4909,-0.8334
60.17,-2.7409,-0.7834
60.17,-2.5909,-0.7334
60.17,-2.8909,-0.6834
60.17,0.8591,0.2666
60.17,-2.1909,0.5666
60.17,-2.3909,0.6166
60.17,-2.5909,0.6666
60.17,-1.7909,1.1666
60.17,0.4591,-1.3834
60.17,-2.6409,-0.8834
60.17,-2.3909,-0.8834
60.17,-1.8409,0.5666
60.17,-2.7409,0.7166
60.17,-0.4909,1.0166
63.32,0.5591,-1.0334
63.32,-1.4909,-0.1334
63.32,0.7091,0.6666
63.32,0.5591,-0.5334
63.32,0.4091,0.7666
63.32,0.7091,-0.1334
63.32,-0.2409,-1.1834
63.32,-0.9409,0.9666
63.32,-2.5909,-0.5334
63.32,-2.2909,-0.8334
63.32,-2.3909,0.9666
63.32,-2.3909,-0.6834
63.32,-2.7409,0.1666
63.32,-1.9409,0.4666
63.32,-2.9409,-0.8334
63.32,-2.4909,-0.8334
63.32,-2.7409,-0.7834
63.32,-2.5909,-0.7334
63.32,-2.8909,-0.6834
63.32,0.8591,0.2666
63.32,-2.1909,0.5666
63.32,-2.3909,0.6166
63.32,-2.5909,0.6666
63.32,-1.7909,1.1666
63.32,0.4591,-1.3834
63.32,-2.6409,-0.8834
63.32,-2.3909,-0.8834
63.32,-1.8409,0.5666
63.32,-2.7409,0.7166
63.32,-0.4909,1.0166
66.46,0.5591,-1.0334
66.46,-1.4909,-0.1334
66.46,0.7091,0.6666
66.46,0.5591,-0.5334
66.46,0.4091,0.7666
66.46,0.7091,-0.1334
66.46,-0.2409,-1.1834
66.46,-0.9409,0.9666
66.46,-2.5909,-0.5334
66.46,-2.2909,-0.8334
66.46,-2.3909,0.9666
66.46,-2.3909,-0.6834
66.46,-2.7409,0.1666
66.46,-1.9409,0.4666
66.46,-2.9409,-0.8334
66.46,-2.4909,-0.8334
66.46,-2.7409,-0.7834
66.46,-2.5909,-0.7334
66.46,-2.8909,-0.6834
66.46,0.8591,0.2666
66.46,-2.1909,0.5666
66.46,-2.3909,0.6166
66.46,-2.5909,0.6666
66.46,-1.7909,1.1666
66.46,0.4591,-1.3834
66.46,-2.6409,-0.8834
66.46,-2.3909,-0.8834
66.46,-1.8409,0.5666
66.46,-2.7409,0.7166
66.46,-0.4909,1.0166
71.29,0.5591,-1.0334
71.29,-1.4909,-0.1334
71.29,0.7091,0.6666
71.29,0.5591,-0.5334
71.29,0.4091,0.7666
71.29,0.7091,-0.1334
71.29,-0.2409,-1.1834
71.29,-0.9409,0.9666
71.29,-2.5909,-0.5334
71.29,-2.2909,-0.8334
71.29,-2.3909,0.9666
71.29,-2.3909,-0.6834
71.29,-2.7409,0.1666
71.29,-1.9409,0.4666
71.29,-2.9409,-0.8334
71.29,-2.4909,-0.8334
71.29,-2.7409,-0.7834
71.29,-2.5909,-0.7334
71.29,-2.8909,-0.6834
71.29,0.8591,0.2666
71.29,-2.1909,0.5666
71.29,-2.3909,0.6166
71.29,-2.5909,0.6666
71.29,-1.7909,1.1666
71.29,0.4591,-1.3834
71.29,-2.6409,-0.8834
71.29,-2.3909,-0.8834
71.29,-1.8409,0.5666
71.29,-2.7409,0.7166
71.29,-0.4909,1.0166
74.51,0.5591,-1.0334
74.51,-1.4909,-0.1334
74.51,0.7091,0.6666
74.51,0.5591,-0.5334
74.51,0.4091,0.7666
74.51,0.7091,-0.1334
74.51,-0.2409,-1.1834
74.51,-0.9409,0.9666
74.51,-2.5909,-0.5334
74.51,-2.2909,-0.8334
74.51,-2.3909,0.9666
74.51,-2.3909,-0.6834
74.51,-2.7409,0.1666
74.51,-1.9409,0.4666
74.51,-2.9409,-0.8334
74.51,-2.4909,-0.8334
74.51,-2.7409,-0.7834
74.51,-2.5909,-0.7334
74.51,-2.8909,-0.6834
74.51,0.8591,0.2666
74.51,-2.1909,0.5666
74.51,-2.3909,0.6166
74.51,-2.5909,0.6666
74.51,-1.7909,1.1666
74.51,0.4591,-1.3834
74.51,-2.6409,-0.8834
74.51,-2.3909,-0.8834
74.51,-1.8409,0.5666
74.51,-2.7409,0.7166
74.51,-0.4909,1.0166
77.80,0.5591,-1.0334
77.80,-1.4909,-0.1334
77.80,0.7091,0.6666
77.80,0.5591,-0.5334
77.80,0.4091,0.7666
77.80,0.7091,-0.1334
77.80,-0.2409,-1.1834
77.80,-0.9409,0.9666
77.80,-2.5909,-0.5334
77.80,-2.2909,-0.8334
77.80,-2.3909,0.9666
77.80,-2.3909,-0.6834
77.80,-2.7409,0.1666
77.80,-1.9409,0.4666
77.80,-2.9409,-0.8334
77.80,-2.4909,-0.8334
77.80,-2.7409,-0.7834
77.80,-2.5909,-0.7334
77.80,-2.8909,-0.6834
77.80,0.8591,0.2666
77.80,-2.1909,0.5666
77.80,-2.3909,0.6166
77.80,-2.5909,0.6666
77.80,-1.7909,1.1666
77.80,0.4591,-1.3834
77.80,-2.6409,-0.8834
77.80,-2.3909,-0.8834
77.80,-1.8409,0.5666
77.80,-2.7409,0.7166
77.80,-0.4909,1.0166
80.95,0.5591,-1.0334
80.95,-1.4909,-0.1334
80.95,0.7091,0.6666
80.95,0.5591,-0.5334
80.95,0.4091,0.7666
80.95,0.7091,-0.1334
80.95,-0.2409,-1.1834
80.95,-0.9409,0.9666
80.95,-2.5909,-0.5334
80.95,-2.2909,-0.8334
80.95,-2.3909,0.9666
80.95,-2.3909,-0.6834
80.95,-2.7409,0.1666
80.95,-1.9409,0.4666
80.95,-2.9409,-0.8334
80.95,-2.4909,-0.8334
80.95,-2.7409,-0.7834
80.95,-2.5909,-0.7334
80.95,-2.8909,-0.6834
80.95,0.8591,0.2666
80.95,-2.1909,0.5666
80.95,-2.3909,0.6166
80.95,-2.5909,0.6666
80.95,-1.7909,1.1666
80.95,0.4591,-1.3834
80.95,-2.6409,-0.8834
80.95,-2.3909,-0.8834
80.95,-1.8409,0.5666
80.95,-2.7409,0.7166
80.95,-0.4909,1.0166
84.15,0.5591,-1.0334
84.15,-1.4909,-0.1334
84.15,0.7091,0.6666
84.15,0.5591,-0.5334
84.15,0.4091,0.7666
84.15,0.7091,-0.1334
84.15,-0.2409,-1.1834
84.15,-0.9409,0.9666
84.15,-2.5909,-0.5334
84.15,-2.2909,-0.8334
84.15,-2.3909,0.9666
84.15,-2.3909,-0.6834
84.15,-2.7409,0.1666
84.15,-1.9409,0.4666
84.15,-2.9409,-0.8334
84.15,-2.4909,-0.8334
84.15,-2.7409,-0.7834
84.15,-2.5909,-0.7334
84.15,-2.8909,-0.6834
84.15,0.8591,0.2666
84.15,-2.1909,0.5666
84.15,-2.3909,0.6166
84.15,-2.5909,0.6666
84.15,-1.7909,1.1666
84.15,0.4591,-1.3834
84.15,-2.6409,-0.8834
84.15,-2.3909,-0.8834
84.15,-1.8409,0.5666
84.15,-2.7409,0.7166
84.15,-0.4909,1.0166
87.28,0.5591,-1.0334
87.28,-1.4909,-0.1334
87.28,0.7091,0.6666
87.28,0.5591,-0.5334
87.28,0.4091,0.7666
87.28,0.7091,-0.1334
87.28,-0.2409,-1.1834
87.28,-0.9409,0.9666
87.28,-2.5909,-0.5334
87.28,-2.2909,-0.8334
87.28,-2.3909,0.9666
87.28,-2.3909,-0.6834
87.28,-2.7409,0.1666
87.28,-1.9409,0.4666
87.28,-2.9409,-0.8334
87.28,-2.4909,-0.8334
87.28,-2.7409,-0.7834
87.28,-2.5909,-0.7334
87.28,-2.8909,-0.6834
87.28,0.8591,0.2666
87.28,-2.1909,0.5666
87.28,-2.3909,0.6166
87.28,-2.5909,0.6666
87.28,-1.7909,1.1666
87.28,0.4591,-1.3834
87.28,-2.6409,-0.8834
87.28,-2.3909,-0.8834
87.28,-1.8409,0.5666
87.28,-2.7409,0.7166
87.28,-0.4909,1.0166
90.45,0.5591,-1.0334
90.45,-1.4909,-0.1334
90.45,0.7091,0.6666
90.45,0.5591,-0.5334
90.45,0.4091,0.7666
90.45,0.7091,-0.1334
90.45,-0.2409,-1.1834
90.45,-0.9409,0.9666
90.45,-2.5909,-0.5334
90.45,-2.2909,-0.8334
90.45,-2.3909,0.9666
90.45,-2.3909,-0.6834
90.45,-2.7409,0.1666
90.45,-1.9409,0.4666
90.45,-2.9409,-0.8334
90.45,-2.4909,-0.8334
90.45,-2.7409,-0.7834
90.45,-2.5909,-0.7334
90.45,-2.8909,-0.6834
90.45,0.8591,0.2666
90.45,-2.1909,0.5666
90.45,-2.3909,0.6166
90.45,-2.5909,0.6666
90.45,-1.7909,1.1666
90.45,0.4591,-1.3834
90.45,-2.6409,-0.8834
90.45,-2.3909,-0.8834
90.45,-1.8409,0.5666
90.45,-2.7409,0.7166
90.45,-0.4909,1.0166
93.58,0.4549,-1.3837
93.58,0.5549,-1.3337
93.58,-0.7951,-1.1837
93.58,-1.0951,-1.0337
93.58,-1.7451,-0.9837
93.58,-2.4951,-0.6837
93.58,-2.2451,-0.0337
93.58,-2.5451,0.2163
93.58,-2.0451,0.2163
93.58,-1.7951,0.3163
93.58,-1.5451,0.3663
93.58,-2.3451,0.4163
93.58,-2.1951,0.5663
93.58,-2.9951,0.5163
93.58,-2.1451,0.9663
93.58,0.8049,0.7663
93.58,-1.2951,0.9663
93.58,-0.4951,1.0163
93.58,-2.5951,1.0663
93.58,-1.8951,1.1163
96.67,0.4549,-1.3837
96.67,-2.3451,-0.9337
96.67,-2.8451,-0.8337
96.67,-3.1951,-0.7837
96.67,-2.4451,-0.7337
96.67,-2.2451,-0.4337
96.67,-2.0451,-0.1837
96.67,-2.1951,-0.0337
96.67,-3.1451,0.1163
96.67,-2.9951,0.1163
96.67,-2.5451,0.2163
96.67,-2.2951,0.3663
96.67,-2.2451,0.5663
96.67,-2.9951,0.5163
96.67,-2.2451,0.9163
96.67,-1.0451,0.9663
96.67,-1.4451,1.1163
96.67,-2.2451,1.2163
99.86,-2.6267,-0.9372
99.86,-3.0267,-0.8372
99.86,-3.1767,-0.7872
99.86,-2.3767,-0.4372
99.86,-2.0767,-0.2372
99.86,-2.6267,-0.0872
99.86,-2.2767,-0.1372
99.86,-3.1767,0.1128
99.86,-3.0267,0.1128
99.86,-2.3767,0.4128
99.86,-2.9767,0.5128
99.86,-2.2267,0.8128
99.86,-1.0267,0.9628
99.86,-0.4767,1.0128
99.86,-2.6767,1.2128
99.86,-2.2767,1.2128
103.01,-2.6323,-0.9372
103.01,-2.9323,-0.8872
103.01,-3.0823,-0.7872
103.01,-3.1823,-0.7872
103.01,-2.6323,-0.2872
103.01,-3.1323,0.1128
103.01,-3.0323,0.1128
103.01,-2.0823,0.2628
103.01,-2.5823,0.3628
103.01,-1.8323,0.3628
103.01,-3.0823,0.3628
103.01,-3.0323,0.5128
103.01,-1.8323,0.6128
103.01,-2.5823,0.6128
103.01,-2.2823,0.7128
103.01,-2.4823,0.8628
103.01,-2.9323,1.0128
103.01,-2.6323,1.0628
103.01,-2.6323,1.1628
103.01,-2.2323,1.1628
103.01,-2.7823,1.3128
106.20,-2.6323,-0.9372
106.20,-3.1823,-0.7872
106.20,-3.0323,-0.7372
106.20,-2.9323,-0.2372
106.20,-2.3823,-0.3372
106.20,-3.1323,0.1128
106.20,-3.0323,0.1128
106.20,-2.0823,0.2628
106.20,-2.6823,0.3628
106.20,-1.8323,0.3628
106.20,-3.0823,0.3628
106.20,-3.0323,0.5128
106.20,-1.7823,0.5628
106.20,-2.5823,0.5628
106.20,-2.7823,0.7128
106.20,-2.6323,0.8628
106.20,-2.9323,1.0128
106.20,-2.2323,1.1628
106.20,-2.8323,1.3128
109.44,-2.6323,-0.9372
109.44,-3.1823,-0.7872
109.44,-3.0323,-0.7372
109.44,-2.9323,-0.3372
109.44,-2.3823,-0.3372
109.44,-3.1823,-0.3372
109.44,-3.0823,-0.0872
109.44,-3.1323,0.1128
109.44,-3.0323,0.1128
109.44,-2.0823,0.2628
109.44,-1.8323,0.3628
109.44,-3.0823,0.3628
109.44,-2.6323,0.4128
109.44,-3.0323,0.5128
109.44,-1.7823,0.5628
109.44,-2.5823,0.5628
109.44,-3.0323,0.6628
109.44,-2.7823,0.7628
109.44,-2.6323,0.8628
109.44,-2.9823,1.0128
109.44,-2.2323,1.2128
109.44,-2.6823,1.2628
109.44,-2.8323,1.3128
109.44,-2.5323,1.3128
114.36,-2.6323,-0.9372
114.36,-3.1823,-0.7872
114.36,-3.0323,-0.7372
114.36,-2.4323,-0.3372
114.36,-3.1823,-0.3372
114.36,-2.9823,-0.2872
114.36,-2.1323,-0.2872
114.36,-3.0823,-0.0872
114.36,-3.1323,0.1128
114.36,-3.0323,0.1128
114.36,-1.9823,0.2128
114.36,-3.0823,0.3628
114.36,-2.6823,0.5128
114.36,-1.7823,0.5628
114.36,-3.0323,0.6628
114.36,-2.7823,0.7628
114.36,-2.9823,0.9628
114.36,-2.2323,1.2128
114.36,-2.6823,1.2628
114.36,-2.8323,1.3128
114.36,-2.5323,1.3128
117.53,-2.6323,-0.9372
117.53,-3.1823,-0.7872
117.53,-3.0323,-0.7372
117.53,-2.4323,-0.3372
117.53,-3.1823,-0.3372
117.53,-2.9823,-0.2872
117.53,-2.1323,-0.2872
117.53,-3.0823,-0.0872
117.53,-3.1323,0.1128
117.53,-3.0323,0.1128
117.53,-1.9823,0.2128
117.53,-3.0823,0.3128
117.53,-2.6823,0.5128
117.53,-1.7823,0.5628
117.53,-3.0323,0.6628
117.53,-2.9823,0.9628
117.53,-2.2323,1.2128
117.53,-2.6823,1.2628
117.53,-2.8823,1.3128
117.53,-2.7823,1.3128
117.53,-2.5323,1.3128
120.77,-2.6323,-0.9372
120.77,-3.1823,-0.7872
120.77,-3.0323,-0.7372
120.77,-2.4323,-0.3372
120.77,-3.1823,-0.3372
120.77,-2.9823,-0.2872
120.77,-2.1323,-0.2872
120.77,-3.0823,-0.0872
120.77,-3.1323,0.1128
120.77,-3.0323,0.1128
120.77,-1.9823,0.2128
120.77,-3.0823,0.3128
120.77,-2.6823,0.5128
120.77,-1.7823,0.5628
120.77,-3.0323,0.6628
120.77,-2.9823,0.9628
120.77,-2.2323,1.2128
120.77,-2.6823,1.2628
120.77,-2.8823,1.3128
120.77,-2.7823,1.3128
120.77,-2.5323,1.3128
123.94,-2.6323,-0.9372
123.94,-3.1823,-0.7872
123.94,-3.0323,-0.7372
123.94,-2.4323,-0.3372
123.94,-3.1823,-0.3372
123.94,-2.9823,-0.2872
123.94,-2.1323,-0.2872
123.94,-3.0823,-0.0872
123.94,-3.1323,0.1128
123.94,-3.0323,0.1128
123.94,-1.9823,0.2128
123.94,-3.0823,0.3128
123.94,-2.6823,0.5128
123.94,-1.7823,0.5628
123.94,-3.0323,0.6628
123.94,-2.9823,0.9628
123.94,-2.2323,1.2128
123.94,-2.6823,1.2628
123.94,-2.8823,1.3128
123.94,-2.7823,1.3128
123.94,-2.5323,1.3128
127.11,-2.6323,-0.9372
127.11,-3.1823,-0.7872
127.11,-3.0323,-0.7372
127.11,-2.4323,-0.3372
127.11,-3.1823,-0.3372
127.11,-2.9823,-0.2872
127.11,-2.1323,-0.2872
127.11,-3.0823,-0.0872
127.11,-3.1323,0.1128
127.11,-3.0323,0.1128
127.11,-1.9823,0.2128
127.11,-3.0823,0.3128
127.11,-2.6823,0.5128
127.11,-1.7823,0.5628
127.11,-3.0323,0.6628
127.11,-2.9823,0.9628
127.11,-2.2323,1.2128
127.11,-2.6823,1.2628
127.11,-2.8823,1.3128
127.11,-2.7823,1.3128
127.11,-2.5323,1.3128
130.46,-2.6323,-0.9372
130.46,-3.1823,-0.7872
130.46,-3.0323,-0.7372
130.46,-2.3823,-0.3372
130.46,-3.1823,-0.3372
130.46,-2.9823,-0.2872
130.46,-2.2323,-0.2372
130.46,-2.1323,-0.2872
130.46,-3.0823,-0.0872
130.46,-3.1323,0.1128
130.46,-3.0323,0.1128
130.46,-2.0323,0.2128
130.46,-3.0823,0.3128
130.46,-2.6823,0.5128
130.46,-1.7823,0.5628
130.46,-3.0323,0.6628
130.46,-2.9823,0.8628
130.46,-2.9823,1.0128
130.46,-2.2323,1.2128
130.46,-2.6823,1.2628
130.46,-2.8823,1.3128
130.46,-2.7823,1.3128
130.46,-2.5323,1.3128
133.66,-2.6323,-0.9372
133.66,-3.1823,-0.7872
133.66,-3.0323,-0.7372
133.66,-2.3823,-0.3372
133.66,-3.1823,-0.3372
133.66,-2.9823,-0.2872
133.66,-2.2323,-0.2372
133.66,-2.1323,-0.2872
133.66,-3.0823,-0.0872
133.66,-3.1323,0.1128
133.66,-3.0323,0.1128
133.66,-2.0323,0.2128
133.66,-3.0823,0.3128
133.66,-2.6823,0.5128
133.66,-1.7823,0.5628
133.66,-3.0323,0.6628
133.66,-3.0323,0.9128
133.66,-2.9823,1.0128
133.66,-2.2323,1.2128
133.66,-2.8823,1.3128
133.66,-2.7823,1.3128
133.66,-2.5323,1.3128
137.09,-2.6323,-0.9372
137.09,-3.1823,-0.7872
137.09,-3.0323,-0.7372
137.09,-2.3823,-0.3372
137.09,-3.1823,-0.3372
137.09,-2.9823,-0.2872
137.09,-2.2323,-0.2372
137.09,-2.1323,-0.2872
137.09,-3.0823,-0.0872
137.09,-3.1323,0.1128
137.09,-3.0323,0.1128
137.09,-2.0323,0.2128
137.09,-3.0823,0.3128
137.09,-2.6823,0.5128
137.09,-1.7823,0.5628
137.09,-3.0323,0.6628
137.09,-3.0323,0.9128
137.09,-2.9823,1.0128
137.09,-2.2323,1.2128
137.09,-2.8823,1.3128
137.09,-2.7823,1.3128
137.09,-2.5323,1.3128
138.19,0.7677,-0.9983
138.19,-3.0323,-0.7483
138.19,0.8177,-0.5983
138.19,-3.1823,-0.3483
138.19,-2.9823,-0.2983
138.19,-3.0823,-0.0983
138.19,-3.0323,0.1017
138.19,0.9677,0.1517
138.19,-3.0823,0.3517
138.19,-2.5823,0.5017
138.19,-2.9823,0.5517
138.19,-3.0323,0.6517
138.19,-2.9323,0.7017
138.19,-2.9323,1.0017
138.19,-2.2323,1.2017
138.19,-2.8823,1.2517
138.19,-2.5823,1.3017
140.31,0.7677,-0.9983
140.31,-3.0323,-0.7483
140.31,0.8177,-0.5983
140.31,-3.1823,-0.3483
140.31,-2.9823,-0.2983
140.31,-3.0823,-0.0983
140.31,-3.0323,0.1017
140.31,0.9677,0.1517
140.31,-3.0823,0.3517
140.31,-2.5823,0.5017
140.31,-2.9823,0.5517
140.31,-3.0323,0.6517
140.31,-2.9323,0.7017
140.31,-2.9323,1.0017
140.31,-2.2323,1.2017
140.31,-2.8823,1.2517
140.31,-2.5823,1.3017
142.26,0.7677,-0.9983
142.26,-3.0323,-0.7483
142.26,0.8177,-0.5983
142.26,-3.1823,-0.3483
142.26,-2.9823,-0.2983
142.26,-3.0823,-0.0983
142.26,-3.0323,0.1017
142.26,0.9677,0.1517
142.26,-3.0823,0.3517
142.26,-2.5823,0.5017
142.26,-2.9823,0.5517
142.26,-3.0323,0.6517
142.26,-2.9323,0.7017
142.26,-2.9323,1.0017
142.26,-2.2323,1.2017
142.26,-2.8823,1.2517
142.26,-2.5823,1.3017
144.42,0.7677,-0.9983
144.42,-3.0323,-0.7483
144.42,0.8177,-0.5983
144.42,-3.1823,-0.3483
144.42,-2.9823,-0.2983
144.42,-3.0823,-0.0983
144.42,-3.0323,0.1017
144.42,0.9677,0.1517
144.42,-3.0823,0.3517
144.42,-2.5823,0.5017
144.42,-2.9823,0.5517
144.42,-3.0323,0.6517
144.42,-2.9323,0.7017
144.42,-2.9323,1.0017
144.42,-2.2323,1.2017
144.42,-2.8823,1.2517
144.42,-2.5823,1.3017
146.41,0.7677,-0.9983
146.41,-3.0323,-0.7483
146.41,0.8177,-0.5983
146.41,-3.1823,-0.3483
146.41,-2.9823,-0.2983
146.41,-3.0823,-0.0983
146.41,-3.0323,0.1017
146.41,0.9677,0.1517
146.41,-3.0823,0.3517
146.41,-2.5823,0.5017
146.41,-2.9823,0.5517
146.41,-3.0323,0.6517
146.41,-2.9323,0.7017
146.41,-2.9323,1.0017
146.41,-2.2323,1.2017
146.41,-2.8823,1.2517
146.41,-2.5823,1.3017
148.11,0.7677,-0.9983
148.11,-3.0323,-0.7483
148.11,0.8177,-0.5983
148.11,-3.1823,-0.3483
148.11,-2.9823,-0.2983
148.11,-3.0823,-0.0983
148.11,-3.0323,0.1017
148.11,0.9677,0.1517
148.11,-3.0823,0.3517
148.11,-2.5823,0.5017
148.11,-2.9823,0.5517
148.11,-3.0323,0.6517
148.11,-2.9323,0.7017
148.11,-2.9323,1.0017
148.11,-2.2323,1.2017
148.11,-2.8823,1.2517
148.11,-2.5823,1.3017
150.35,0.7677,-0.9983
150.35,-3.0323,-0.7483
150.35,0.8177,-0.5983
150.35,-3.1823,-0.3483
150.35,-2.9823,-0.2983
150.35,-3.0823,-0.0983
150.35,-3.0323,0.1017
150.35,0.9677,0.1517
150.35,-3.0823,0.3517
150.35,-2.5823,0.5017
150.35,-2.9823,0.5517
150.35,-3.0323,0.6517
150.35,-2.9323,0.7017
150.35,-2.9323,1.0017
150.35,-2.2323,1.2017
150.35,-2.8823,1.2517
150.35,-2.5823,1.3017
152.26,0.7677,-0.9983
152.26,-3.0323,-0.7483
152.26,0.8177,-0.5983
152.26,-3.1823,-0.3483
152.26,-2.9823,-0.2983
152.26,-3.0823,-0.0983
152.26,-3.0323,0.1017
152.26,0.9677,0.1517
152.26,-3.0823,0.3517
152.26,-2.5823,0.5017
152.26,-2.9823,0.5517
152.26,-3.0323,0.6517
152.26,-2.9323,0.7017
152.26,-2.9323,1.0017
152.26,-2.2323,1.2017
152.26,-2.8823,1.2517
152.26,-2.5823,1.3017
154.23,0.7677,-0.9983
154.23,-3.0323,-0.7483
154.23,0.8177,-0.5983
154.23,-3.1823,-0.3483
154.23,-2.9823,-0.2983
154.23,-3.0823,-0.0983
154.23,-3.0323,0.1017
154.23,0.9677,0.1517
154.23,-3.0823,0.3517
154.23,-2.5823,0.5017
154.23,-2.9823,0.5517
154.23,-3.0323,0.6517
154.23,-2.9323,0.7017
154.23,-2.9323,1.0017
154.23,-2.2323,1.2017
154.23,-2.8823,1.2517
154.23,-2.5823,1.3017
156.40,0.7677,-0.9983
156.40,-3.0323,-0.7483
156.40,0.8177,-0.5983
156.40,-3.1823,-0.3483
156.40,-2.9823,-0.2983
156.40,-3.0823,-0.0983
156.40,-3.0323,0.1017
156.40,0.9677,0.1517
156.40,-3.0823,0.3517
156.40,-2.5823,0.5017
156.40,-2.9823,0.5517
156.40,-3.0323,0.6517
156.40,-2.9323,0.7017
156.40,-2.9323,1.0017
156.40,-2.2323,1.2017
156.40,-2.8823,1.2517
156.40,-2.5823,1.3017
160.86,0.7677,-0.9983
160.86,-3.0323,-0.7483
160.86,0.8177,-0.5983
160.86,-3.1823,-0.3483
160.86,-2.9823,-0.2983
160.86,-3.0823,-0.0983
160.86,-3.0323,0.1017
160.86,0.9677,0.1517
160.86,-3.0823,0.3517
160.86,-2.5823,0.5017
160.86,-2.9823,0.5517
160.86,-3.0323,0.6517
160.86,-2.9323,0.7017
160.86,-2.9323,1.0017
160.86,-2.2323,1.2017
160.86,-2.8823,1.2517
160.86,-2.5823,1.3017
162.63,0.7677,-0.9983
162.63,-3.0323,-0.7483
162.63,0.8177,-0.5983
162.63,-3.1823,-0.3483
162.63,-2.9823,-0.2983
162.63,-3.0823,-0.0983
162.63,-3.0323,0.1017
162.63,0.9677,0.1517
162.63,-3.0823,0.3517
162.63,-2.5823,0.5017
162.63,-2.9823,0.5517
162.63,-3.0323,0.6517
162.63,-2.9323,0.7017
162.63,-2.9323,1.0017
162.63,-2.2323,1.2017
162.63,-2.8823,1.2517
162.63,-2.5823,1.3017
167.72,0.7677,-0.9983
167.72,-3.0323,-0.7483
167.72,0.8177,-0.5983
167.72,-3.1823,-0.3483
167.72,-2.9823,-0.2983
167.72,-3.0823,-0.0983
167.72,-3.0323,0.1017
167.72,0.9677,0.1517
167.72,-3.0823,0.3517
167.72,-2.5823,0.5017
167.72,-2.9823,0.5517
167.72,-3.0323,0.6517
167.72,-2.9323,0.7017
167.72,-2.9323,1.0017
167.72,-2.2323,1.2017
167.72,-2.8823,1.2517
167.72,-2.5823,1.3017
170.91,0.7677,-0.9983
170.91,-3.0323,-0.7483
170.91,0.8177,-0.5983
170.91,-3.1823,-0.3483
170.91,-2.9823,-0.2983
170.91,-3.0823,-0.0983
170.91,-3.0323,0.1017
170.91,0.9677,0.1517
170.91,-3.0823,0.3517
170.91,-2.5823,0.5017
170.91,-2.9823,0.5517
170.91,-3.0323,0.6517
170.91,-2.9323,0.7017
170.91,-2.9323,1.0017
170.91,-2.2323,1.2017
170.91,-2.8823,1.2517
170.91,-2.5823,1.3017
173.99,0.7677,-0.9983
173.99,-3.0323,-0.7483
173.99,0.8177,-0.5983
173.99,-3.1823,-0.3483
173.99,-2.9823,-0.2983
173.99,-3.0823,-0.0983
173.99,-3.0323,0.1017
173.99,0.9677,0.1517
173.99,-3.0823,0.3517
173.99,-2.5823,0.5017
173.99,-2.9823,0.5517
173.99,-3.0323,0.6517
173.99,-2.9323,0.7017
173.99,-2.9323,1.0017
173.99,-2.2323,1.2017
173.99,-2.8823,1.2517
173.99,-2.5823,1.3017
177.09,0.7677,-0.9983
177.09,-3.0323,-0.7483
177.09,0.8177,-0.5983
177.09,-3.1823,-0.3483
177.09,-2.9823,-0.2983
177.09,-3.0823,-0.0983
177.09,-3.0323,0.1017
177.09,0.9677,0.1517
177.09,-3.0823,0.3517
177.09,-2.5823,0.5017
177.09,-2.9823,0.5517
177.09,-3.0323,0.6517
177.09,-2.9323,0.7017
177.09,-2.9323,1.0017
177.09,-2.2323,1.2017
177.09,-2.8823,1.2517
177.09,-2.5823,1.3017
178.35,0.7677,-0.9983
178.35,-3.0323,-0.7483
178.35,0.8177,-0.5983
178.35,-3.1823,-0.3483
178.35,-2.9823,-0.2983
178.35,-3.0823,-0.0983
178.35,-3.0323,0.1017
178.35,0.9677,0.1517
178.35,-3.0823,0.3517
178.35,-2.5823,0.5017
178.35,-2.9823,0.5517
178.35,-3.0323,0.6517
178.35,-2.9323,0.7017
178.35,-2.9323,1.0017
178.35,-2.2323,1.2017
178.35,-2.8823,1.2517
178.35,-2.5823,1.3017
186.28,2.0677,-0.2055
186.28,1.6177,-1.2055
186.28,0.7177,-1.4055
186.28,0.8177,-1.3555
186.28,1.2177,-1.4055
186.28,-3.0823,-0.8055
186.28,2.1177,-0.5555
186.28,1.9677,-0.5055
186.28,-3.1823,-0.4055
186.28,-2.9323,-0.1055
186.28,-3.0323,0.1445
186.28,-3.0823,0.3445
186.28,2.7677,0.3445
186.28,-2.8323,0.3945
186.28,-2.5823,0.4945
186.28,-2.9823,0.5445
186.28,-2.9323,0.6945
186.28,-3.0323,1.0445
186.28,-2.9323,1.0445
186.28,-2.2323,1.1945
186.28,-2.8823,1.2445
189.94,1.9677,-1.2555
189.94,2.1677,-0.8555
189.94,2.5177,-0.4555
189.94,2.5677,-0.2055
189.94,2.3677,0.0445
189.94,2.2677,0.2445
189.94,-2.5823,0.4945
189.94,-2.9323,-0.1055
189.94,1.9677,0.4945
189.94,1.6177,0.5945
189.94,1.7677,-0.1055
189.94,1.6677,-0.8055
189.94,2.0177,-0.5555
189.94,-2.9823,0.5445
189.94,1.9177,0.3445
189.94,-2.2323,1.1945
189.94,1.6177,0.2445
189.94,-3.0823,0.3445
189.94,-2.8823,1.2445
189.94,-3.0823,-0.8055
189.94,2.5677,-1.5555
189.94,2.6677,-1.1055
189.94,2.2177,-0.6055
189.94,-3.1823,-0.4055
189.94,-2.8323,0.3945
189.94,-2.9323,1.0445
189.94,2.5177,-0.8555
189.94,2.7177,-0.7555
189.94,2.5677,-0.7055
189.94,2.4177,-0.6555
195.74,1.9677,-1.2555
195.74,2.1677,-0.8555
195.74,2.5177,-0.4555
195.74,2.5677,-0.2055
195.74,2.3677,0.0445
195.74,2.2677,0.2445
195.74,-2.5823,0.4945
195.74,-2.9323,-0.1055
195.74,1.9677,0.4945
195.74,1.6177,0.5945
195.74,1.7677,-0.1055
195.74,1.6677,-0.8055
195.74,2.0177,-0.5555
195.74,-2.9823,0.5445
195.74,1.9177,0.3445
195.74,-2.2323,1.1945
195.74,1.6177,0.2445
195.74,-3.0823,0.3445
195.74,-2.8823,1.2445
195.74,-3.0823,-0.8055
195.74,2.5677,-1.5555
195.74,2.6677,-1.1055
195.74,2.2177,-0.6055
195.74,-3.1823,-0.4055
195.74,-2.8323,0.3945
195.74,-2.9323,1.0445
195.74,2.5177,-0.8555
195.74,2.7177,-0.7555
195.74,2.5677,-0.7055
195.74,2.4177,-0.6555
196.93,1.9677,-1.2555
196.93,2.1677,-0.8555
196.93,2.5177,-0.4555
196.93,2.5677,-0.2055
196.93,2.3677,0.0445
196.93,2.2677,0.2445
196.93,-2.5823,0.4945
196.93,-2.9323,-0.1055
196.93,1.9677,0.4945
196.93,1.6177,0.5945
196.93,1.7677,-0.1055
196.93,1.6677,-0.8055
196.93,2.0177,-0.5555
196.93,-2.9823,0.5445
196.93,1.9177,0.3445
196.93,-2.2323,1.1945
196.93,1.6177,0.2445
196.93,-3.0823,0.3445
196.93,-2.8823,1.2445
196.93,-3.0823,-0.8055
196.93,2.5677,-1.5555
196.93,2.6677,-1.1055
196.93,2.2177,-0.6055
196.93,-3.1823,-0.4055
196.93,-2.8323,0.3945
196.93,-2.9323,1.0445
196.93,2.5177,-0.8555
196.93,2.7177,-0.7555
196.93,2.5677,-0.7055
196.93,2.4177,-0.6555
200.21,1.9677,-1.2555
200.21,2.1677,-0.8555
200.21,2.5177,-0.4555
200.21,2.5677,-0.2055
200.21,2.3677,0.0445
200.21,2.2677,0.2445
200.21,-2.5823,0.4945
200.21,-2.9323,-0.1055
200.21,1.9677,0.4945
200.21,1.6177,0.5945
200.21,1.7677,-0.1055
200.21,1.6677,-0.8055
200.21,2.0177,-0.5555
200.21,-2.9823,0.5445
200.21,1.9177,0.3445
200.21,-2.2323,1.1945
200.21,1.6177,0.2445
200.21,-3.0823,0.3445
200.21,-2.8823,1.2445
200.21,-3.0823,-0.8055
200.21,2.5677,-1.5555
200.21,2.6677,-1.1055
200.21,2.2177,-0.6055
200.21,-3.1823,-0.4055
200.21,-2.8323,0.3945
200.21,-2.9323,1.0445
200.21,2.5177,-0.8555
200.21,2.7177,-0.7555
200.21,2.5677,-0.7055
200.21,2.4177,-0.6555
203.32,1.9677,-1.2555
203.32,2.1677,-0.8555
203.32,2.5177,-0.4555
203.32,2.5677,-0.2055
203.32,2.3677,0.0445
203.32,2.2677,0.2445
203.32,-2.5823,0.4945
203.32,-2.9323,-0.1055
203.32,1.9677,0.4945
203.32,1.6177,0.5945
203.32,1.7677,-0.1055
203.32,1.6677,-0.8055
203.32,2.0177,-0.5555
203.32,-2.9823,0.5445
203.32,1.9177,0.3445
203.32,-2.2323,1.1945
203.32,1.6177,0.2445
203.32,-3.0823,0.3445
203.32,-2.8823,1.2445
203.32,-3.0823,-0.8055
203.32,2.5677,-1.5555
203.32,2.6677,-1.1055
203.32,2.2177,-0.6055
203.32,-3.1823,-0.4055
203.32,-2.8323,0.3945
203.32,-2.9323,1.0445
203.32,2.5177,-0.8555
203.32,2.7177,-0.7555
203.32,2.5677,-0.7055
203.32,2.4177,-0.6555
206.51,1.9677,-1.2555
206.51,2.1677,-0.8555
206.51,2.5177,-0.4555
206.51,2.5677,-0.2055
206.51,2.3677,0.0445
206.51,2.2677,0.2445
206.51,-2.5823,0.4945
206.51,-2.9323,-0.1055
206.51,1.9677,0.4945
206.51,1.6177,0.5945
206.51,1.7677,-0.1055
206.51,1.6677,-0.8055
206.51,2.0177,-0.5555
206.51,-2.9823,0.5445
206.51,1.9177,0.3445
206.51,-2.2323,1.1945
206.51,1.6177,0.2445
206.51,-3.0823,0.3445
206.51,-2.8823,1.2445
206.51,-3.0823,-0.8055
206.51,2.5677,-1.5555
206.51,2.6677,-1.1055
206.51,2.2177,-0.6055
206.51,-3.1823,-0.4055
206.51,-2.8323,0.3945
206.51,-2.9323,1.0445
206.51,2.5177,-0.8555
206.51,2.7177,-0.7555
206.51,2.5677,-0.7055
206.51,2.4177,-0.6555
209.76,1.9677,-1.2555
209.76,2.1677,-0.8555
209.76,2.5177,-0.4555
209.76,2.5677,-0.2055
209.76,2.3677,0.0445
209.76,2.2677,0.2445
209.76,-2.5823,0.4945
209.76,-2.9323,-0.1055
209.76,1.9677,0.4945
209.76,1.6177,0.5945
209.76,1.7677,-0.1055
209.76,1.6677,-0.8055
209.76,2.0177,-0.5555
209.76,-2.9823,0.5445
209.76,1.9177,0.3445
209.76,-2.2323,1.1945
209.76,1.6177,0.2445
209.76,-3.0823,0.3445
209.76,-2.8823,1.2445
209.76,-3.0823,-0.8055
209.76,2.5677,-1.5555
209.76,2.6677,-1.1055
209.76,2.2177,-0.6055
209.76,-3.1823,-0.4055
209.76,-2.8323,0.3945
209.76,-2.9323,1.0445
209.76,2.5177,-0.8555
209.76,2.7177,-0.7555
209.76,2.5677,-0.7055
209.76,2.4177,-0.6555
214.26,1.9677,-1.2555
214.26,2.1677,-0.8555
214.26,2.5177,-0.4555
214.26,2.5677,-0.2055
214.26,2.3677,0.0445
214.26,2.2677,0.2445
214.26,-2.5823,0.4945
214.26,-2.9323,-0.1055
214.26,1.9677,0.4945
214.26,1.6177,0.5945
214.26,1.7677,-0.1055
214.26,1.6677,-0.8055
214.26,2.0177,-0.5555
214.26,-2.9823,0.5445
214.26,1.9177,0.3445
214.26,-2.2323,1.1945
214.26,1.6177,0.2445
214.26,-3.0823,0.3445
214.26,-2.8823,1.2445
214.26,-3.0823,-0.8055
214.26,2.5677,-1.5555
214.26,2.6677,-1.1055
214.26,2.2177,-0.6055
214.26,-3.1823,-0.4055
214.26,-2.8323,0.3945
214.26,-2.9323,1.0445
214.26,2.5177,-0.8555
214.26,2.7177,-0.7555
214.26,2.5677,-0.7055
214.26,2.4177,-0.6555
215.68,1.9677,-1.2555
215.68,2.1677,-0.8555
215.68,2.5177,-0.4555
215.68,2.5677,-0.2055
215.68,2.3677,0.0445
215.68,2.2677,0.2445
215.68,-2.5823,0.4945
215.68,-2.9323,-0.1055
215.68,1.9677,0.4945
215.68,1.6177,0.5945
215.68,1.7677,-0.1055
215.68,1.6677,-0.8055
215.68,2.0177,-0.5555
215.68,-2.9823,0.5445
215.68,1.9177,0.3445
215.68,-2.2323,1.1945
215.68,1.6177,0.2445
215.68,-3.0823,0.3445
215.68,-2.8823,1.2445
215.68,-3.0823,-0.8055
215.68,2.5677,-1.5555
215.68,2.6677,-1.1055
215.68,2.2177,-0.6055
215.68,-3.1823,-0.4055
215.68,-2.8323,0.3945
215.68,-2.9323,1.0445
215.68,2.5177,-0.8555
215.68,2.7177,-0.7555
215.68,2.5677,-0.7055
215.68,2.4177,-0.6555
216.96,1.9677,-1.2555
216.96,2.1677,-0.8555
216.96,2.5177,-0.4555
216.96,2.5677,-0.2055
216.96,2.3677,0.0445
216.96,2.2677,0.2445
216.96,-2.5823,0.4945
216.96,-2.9323,-0.1055
216.96,1.9677,0.4945
216.96,1.6177,0.5945
216.96,1.7677,-0.1055
216.96,1.6677,-0.8055
216.96,2.0177,-0.5555
216.96,-2.9823,0.5445
216.96,1.9177,0.3445
216.96,-2.2323,1.1945
216.96,1.6177,0.2445
216.96,-3.0823,0.3445
216.96,-2.8823,1.2445
216.96,-3.0823,-0.8055
216.96,2.5677,-1.5555
216.96,2.6677,-1.1055
216.96,2.2177,-0.6055
216.96,-3.1823,-0.4055
216.96,-2.8323,0.3945
216.96,-2.9323,1.0445
216.96,2.5177,-0.8555
216.96,2.7177,-0.7555
216.96,2.5677,-0.7055
216.96,2.4177,-0.6555
219.11,1.9177,-1.3576
219.11,2.1677,-0.8076
219.11,2.8677,-0.5076
219.11,-2.5323,0.4924
219.11,-2.9323,-0.0576
219.11,-0.4323,1.1424
219.11,2.0177,0.4924
219.11,1.9677,-1.6576
219.11,2.8177,-0.8076
219.11,2.3677,-1.4576
219.11,2.7677,0.4424
219.11,2.9177,-0.2576
219.11,1.3677,-1.6076
219.11,1.9177,-0.6076
219.11,2.5177,-1.0076
219.11,2.5177,-1.2576
219.11,-2.2323,1.1924
219.11,1.6177,-1.6076
219.11,-3.0823,-0.8076
219.11,-3.0823,0.3424
219.11,-3.0323,0.5424
219.11,2.1177,0.5924
219.11,1.6677,0.6924
219.11,2.8177,-0.0576
219.11,-2.8823,1.2924
219.11,1.2177,-1.5576
219.11,2.5677,-1.5576
219.11,2.6677,-1.1076
219.11,-3.1823,-0.4076
219.11,3.0677,-0.4076
222.41,2.0177,-1.6076
222.41,2.2677,-0.6076
222.41,2.8677,-0.5076
222.41,-2.5323,0.4924
222.41,2.2177,-1.1076
222.41,1.9177,-0.8576
222.41,-2.9323,-0.0576
222.41,-0.7323,1.2424
222.41,2.8177,-0.8076
222.41,2.3677,-1.4576
222.41,2.9177,-0.2576
222.41,-0.3323,1.1424
222.41,1.8177,-1.2076
222.41,2.8677,0.4424
222.41,2.5177,-1.0076
222.41,1.9677,0.5924
222.41,2.5177,-1.2576
222.41,-2.2323,1.1924
222.41,-3.0823,-0.8076
222.41,-3.0823,0.3424
222.41,-3.0323,0.5424
222.41,2.1177,0.5924
222.41,1.6677,0.6924
222.41,2.8177,-0.0576
222.41,-2.8823,1.2924
222.41,2.5677,-1.5576
222.41,2.6677,-1.1076
222.41,-3.1823,-0.4076
222.41,3.0677,-0.4076
222.41,2.7677,-0.1576
225.55,2.0177,-1.6076
225.55,2.2677,-0.6076
225.55,2.8677,-0.5076
225.55,-2.5323,0.4924
225.55,2.2177,-1.1076
225.55,1.9177,-0.8576
225.55,-2.9323,-0.0576
225.55,-0.7323,1.2424
225.55,2.8177,-0.8076
225.55,2.3677,-1.4576
225.55,2.9177,-0.2576
225.55,-0.3323,1.1424
225.55,1.8177,-1.2076
225.55,2.8677,0.4424
225.55,2.5177,-1.0076
225.55,1.9677,0.5924
225.55,2.5177,-1.2576
225.55,-2.2323,1.1924
225.55,-3.0823,-0.8076
225.55,-3.0823,0.3424
225.55,-3.0323,0.5424
225.55,2.1177,0.5924
225.55,1.6677,0.6924
225.55,2.8177,-0.0576
225.55,-2.8823,1.2924
225.55,2.5677,-1.5576
225.55,2.6677,-1.1076
225.55,-3.1823,-0.4076
225.55,3.0677,-0.4076
225.55,2.7677,-0.1576
228.68,2.0177,-1.6076
228.68,2.2677,-0.6076
228.68,2.8677,-0.5076
228.68,-2.5323,0.4924
228.68,2.2177,-1.1076
228.68,1.9177,-0.8576
228.68,-2.9323,-0.0576
228.68,-0.7323,1.2424
228.68,2.8177,-0.8076
228.68,2.3677,-1.4576
228.68,2.9177,-0.2576
228.68,-0.3323,1.1424
228.68,1.8177,-1.2076
228.68,2.8677,0.4424
228.68,2.5177,-1.0076
228.68,1.9677,0.5924
228.68,2.5177,-1.2576
228.68,-2.2323,1.1924
228.68,-3.0823,-0.8076
228.68,-3.0823,0.3424
228.68,-3.0323,0.5424
228.68,2.1177,0.5924
228.68,1.6677,0.6924
228.68,2.8177,-0.0576
228.68,-2.8823,1.2924
228.68,2.5677,-1.5576
228.68,2.6677,-1.1076
228.68,-3.1823,-0.4076
228.68,3.0677,-0.4076
228.68,2.7677,-0.1576
231.79,2.0177,-1.6076
231.79,2.2677,-0.6076
231.79,2.8677,-0.5076
231.79,-2.5323,0.4924
231.79,2.2177,-1.1076
231.79,1.9177,-0.8576
231.79,-2.9323,-0.0576
231.79,-0.7323,1.2424
231.79,2.8177,-0.8076
231.79,2.3677,-1.4576
231.79,2.9177,-0.2576
231.79,-0.3323,1.1424
231.79,1.8177,-1.2076
231.79,2.8677,0.4424
231.79,2.5177,-1.0076
231.79,1.9677,0.5924
231.79,2.5177,-1.2576
231.79,-2.2323,1.1924
231.79,-3.0823,-0.8076
231.79,-3.0823,0.3424
231.79,-3.0323,0.5424
231.79,2.1177,0.5924
231.79,1.6677,0.6924
231.79,2.8177,-0.0576
231.79,-2.8823,1.2924
231.79,2.5677,-1.5576
231.79,2.6677,-1.1076
231.79,-3.1823,-0.4076
231.79,3.0677,-0.4076
231.79,2.7677,-0.1576
234.90,2.0177,-1.6076
234.90,2.2677,-0.6076
234.90,2.8677,-0.5076
234.90,-2.5323,0.4924
234.90,2.2177,-1.1076
234.90,1.9177,-0.8576
234.90,-2.9323,-0.0576
234.90,-0.7323,1.2424
234.90,2.8177,-0.8076
234.90,2.3677,-1.4576
234.90,2.9177,-0.2576
234.90,-0.3323,1.1424
234.90,1.8177,-1.2076
234.90,2.8677,0.4424
234.90,2.5177,-1.0076
234.90,1.9677,0.5924
234.90,2.5177,-1.2576
234.90,-2.2323,1.1924
234.90,-3.0823,-0.8076
234.90,-3.0823,0.3424
234.90,-3.0323,0.5424
234.90,2.1177,0.5924
234.90,1.6677,0.6924
234.90,2.8177,-0.0576
234.90,-2.8823,1.2924
234.90,2.5677,-1.5576
234.90,2.6677,-1.1076
234.90,-3.1823,-0.4076
234.90,3.0677,-0.4076
234.90,2.7677,-0.1576
238.11,2.0177,-1.6076
238.11,2.2677,-0.6076
238.11,2.8677,-0.5076
238.11,-2.5323,0.4924
238.11,2.2177,-1.1076
238.11,1.9177,-0.8576
238.11,-2.9323,-0.0576
238.11,-0.7323,1.2424
238.11,2.8177,-0.8076
238.11,2.3677,-1.4576
238.11,2.9177,-0.2576
238.11,-0.3323,1.1424
238.11,1.8177,-1.2076
238.11,2.8677,0.4424
238.11,2.5177,-1.0076
238.11,1.9677,0.5924
238.11,2.5177,-1.2576
238.11,-2.2323,1.1924
238.11,-3.0823,-0.8076
238.11,-3.0823,0.3424
238.11,-3.0323,0.5424
238.11,2.1177,0.5924
238.11,1.6677,0.6924
238.11,2.8177,-0.0576
238.11,-2.8823,1.2924
238.11,2.5677,-1.5576
238.11,2.6677,-1.1076
238.11,-3.1823,-0.4076
238.11,3.0677,-0.4076
238.11,2.7677,-0.1576
241.26,2.0177,-1.6076
241.26,2.2677,-0.6076
241.26,2.8677,-0.5076
241.26,-2.5323,0.4924
241.26,2.2177,-1.1076
241.26,1.9177,-0.8576
241.26,-2.9323,-0.0576
241.26,-0.7323,1.2424
241.26,2.8177,-0.8076
241.26,2.3677,-1.4576
241.26,2.9177,-0.2576
241.26,-0.3323,1.1424
241.26,1.8177,-1.2076
241.26,2.8677,0.4424
241.26,2.5177,-1.0076
241.26,1.9677,0.5924
241.26,2.5177,-1.2576
241.26,-2.2323,1.1924
241.26,-3.0823,-0.8076
241.26,-3.0823,0.3424
241.26,-3.0323,0.5424
241.26,2.1177,0.5924
241.26,1.6677,0.6924
241.26,2.8177,-0.0576
241.26,-2.8823,1.2924
241.26,2.5677,-1.5576
241.26,2.6677,-1.1076
241.26,-3.1823,-0.4076
241.26,3.0677,-0.4076
241.26,2.7677,-0.1576
244.36,2.0177,-1.6076
244.36,2.2677,-0.6076
244.36,2.8677,-0.5076
244.36,-2.5323,0.4924
244.36,2.2177,-1.1076
244.36,1.9177,-0.8576
244.36,-2.9323,-0.0576
244.36,-0.7323,1.2424
244.36,2.8177,-0.8076
244.36,2.3677,-1.4576
244.36,2.9177,-0.2576
244.36,-0.3323,1.1424
244.36,1.8177,-1.2076
244.36,2.8677,0.4424
244.36,2.5177,-1.0076
244.36,1.9677,0.5924
244.36,2.5177,-1.2576
244.36,-2.2323,1.1924
244.36,-3.0823,-0.8076
244.36,-3.0823,0.3424
244.36,-3.0323,0.5424
244.36,2.1177,0.5924
244.36,1.6677,0.6924
244.36,2.8177,-0.0576
244.36,-2.8823,1.2924
244.36,2.5677,-1.5576
244.36,2.6677,-1.1076
244.36,-3.1823,-0.4076
244.36,3.0677,-0.4076
244.36,2.7677,-0.1576
247.52,2.0177,-1.6076
247.52,2.2677,-0.6076
247.52,2.8677,-0.5076
247.52,-2.5323,0.4924
247.52,2.2177,-1.1076
247.52,1.9177,-0.8576
247.52,-2.9323,-0.0576
247.52,-0.7323,1.2424
247.52,2.8177,-0.8076
247.52,2.3677,-1.4576
247.52,2.9177,-0.2576
247.52,-0.3323,1.1424
247.52,1.8177,-1.2076
247.52,2.8677,0.4424
247.52,2.5177,-1.0076
247.52,1.9677,0.5924
247.52,2.5177,-1.2576
247.52,-2.2323,1.1924
247.52,-3.0823,-0.8076
247.52,-3.0823,0.3424
247.52,-3.0323,0.5424
247.52,2.1177,0.5924
247.52,1.6677,0.6924
247.52,2.8177,-0.0576
247.52,-2.8823,1.2924
247.52,2.5677,-1.5576
247.52,2.6677,-1.1076
247.52,-3.1823,-0.4076
247.52,3.0677,-0.4076
247.52,2.7677,-0.1576
250.83,2.0177,-1.6076
250.83,2.2677,-0.6076
250.83,2.8677,-0.5076
250.83,-2.5323,0.4924
250.83,2.2177,-1.1076
250.83,1.9177,-0.8576
250.83,-2.9323,-0.0576
250.83,-0.7323,1.2424
250.83,2.8177,-0.8076
250.83,2.3677,-1.4576
250.83,2.9177,-0.2576
250.83,-0.3323,1.1424
250.83,1.8177,-1.2076
250.83,2.8677,0.4424
250.83,2.5177,-1.0076
250.83,1.9677,0.5924
250.83,2.5177,-1.2576
250.83,-2.2323,1.1924
250.83,-3.0823,-0.8076
250.83,-3.0823,0.3424
250.83,-3.0323,0.5424
250.83,2.1177,0.5924
250.83,1.6677,0.6924
250.83,2.8177,-0.0576
250.83,-2.8823,1.2924
250.83,2.5677,-1.5576
250.83,2.6677,-1.1076
250.83,-3.1823,-0.4076
250.83,3.0677,-0.4076
250.83,2.7677,-0.1576
253.97,2.0177,-1.6076
253.97,2.2677,-0.6076
253.97,2.8677,-0.5076
253.97,-2.5323,0.4924
253.97,2.2177,-1.1076
253.97,1.9177,-0.8576
253.97,-2.9323,-0.0576
253.97,-0.7323,1.2424
253.97,2.8177,-0.8076
253.97,2.3677,-1.4576
253.97,2.9177,-0.2576
253.97,-0.3323,1.1424
253.97,1.8177,-1.2076
253.97,2.8677,0.4424
253.97,2.5177,-1.0076
253.97,1.9677,0.5924
253.97,2.5177,-1.2576
253.97,-2.2323,1.1924
253.97,-3.0823,-0.8076
253.97,-3.0823,0.3424
253.97,-3.0323,0.5424
253.97,2.1177,0.5924
253.97,1.6677,0.6924
253.97,2.8177,-0.0576
253.97,-2.8823,1.2924
253.97,2.5677,-1.5576
253.97,2.6677,-1.1076
253.97,-3.1823,-0.4076
253.97,3.0677,-0.4076
253.97,2.7677,-0.1576
257.10,2.0177,-1.6076
257.10,2.2677,-0.6076
257.10,2.8677,-0.5076
257.10,-2.5323,0.4924
257.10,2.2177,-1.1076
257.10,1.9177,-0.8576
257.10,-2.9323,-0.0576
257.10,-0.7323,1.2424
257.10,2.8177,-0.8076
257.10,2.3677,-1.4576
257.10,2.9177,-0.2576
257.10,-0.3323,1.1424
257.10,1.8177,-1.2076
257.10,2.8677,0.4424
257.10,2.5177,-1.0076
257.10,1.9677,0.5924
257.10,2.5177,-1.2576
257.10,-2.2323,1.1924
257.10,-3.0823,-0.8076
257.10,-3.0823,0.3424
257.10,-3.0323,0.5424
257.10,2.1177,0.5924
257.10,1.6677,0.6924
257.10,2.8177,-0.0576
257.10,-2.8823,1.2924
257.10,2.5677,-1.5576
257.10,2.6677,-1.1076
257.10,-3.1823,-0.4076
257.10,3.0677,-0.4076
257.10,2.7677,-0.1576
260.32,2.0177,-1.6076
260.32,2.2677,-0.6076
260.32,2.8677,-0.5076
260.32,-2.5323,0.4924
260.32,2.2177,-1.1076
260.32,1.9177,-0.8576
260.32,-2.9323,-0.0576
260.32,-0.7323,1.2424
260.32,2.8177,-0.8076
260.32,2.3677,-1.4576
260.32,2.9177,-0.2576
260.32,-0.3323,1.1424
260.32,1.8177,-1.2076
260.32,2.8677,0.4424
260.32,2.5177,-1.0076
260.32,1.9677,0.5924
260.32,2.5177,-1.2576
260.32,-2.2323,1.1924
260.32,-3.0823,-0.8076
260.32,-3.0823,0.3424
260.32,-3.0323,0.5424
260.32,2.1177,0.5924
260.32,1.6677,0.6924
260.32,2.8177,-0.0576
260.32,-2.8823,1.2924
260.32,2.5677,-1.5576
260.32,2.6677,-1.1076
260.32,-3.1823,-0.4076
260.32,3.0677,-0.4076
260.32,2.7677,-0.1576
261.33,2.0177,-1.6076
261.33,2.2677,-0.6076
261.33,2.8677,-0.5076
261.33,-2.5323,0.4924
261.33,2.2177,-1.1076
261.33,1.9177,-0.8576
261.33,-2.9323,-0.0576
261.33,-0.7323,1.2424
261.33,2.8177,-0.8076
261.33,2.3677,-1.4576
261.33,2.9177,-0.2576
261.33,-0.3323,1.1424
261.33,1.8177,-1.2076
261.33,2.8677,0.4424
261.33,2.5177,-1.0076
261.33,1.9677,0.5924
261.33,2.5177,-1.2576
261.33,-2.2323,1.1924
261.33,-3.0823,-0.8076
261.33,-3.0823,0.3424
261.33,-3.0323,0.5424
261.33,2.1177,0.5924
261.33,1.6677,0.6924
261.33,2.8177,-0.0576
261.33,-2.8823,1.2924
261.33,2.5677,-1.5576
261.33,2.6677,-1.1076
261.33,-3.1823,-0.4076
261.33,3.0677,-0.4076
261.33,2.7677,-0.1576
263.22,2.8677,-0.5076
263.22,3.3177,0.2424
263.22,-2.5323,0.4924
263.22,-2.9323,-0.0576
263.22,2.7677,0.5424
263.22,-0.7323,1.2424
263.22,2.4177,-1.3076
263.22,-0.3323,1.1424
263.22,2.5177,-1.0576
263.22,2.8677,-0.8076
263.22,2.9177,-0.2576
263.22,2.4177,0.6424
263.22,2.1177,-1.6576
263.22,2.8177,-0.0076
263.22,-2.2323,1.1924
263.22,2.5177,-0.8576
263.22,-3.0823,-0.8076
263.22,-3.0823,0.3424
263.22,3.0677,0.4924
263.22,-3.0323,0.5424
263.22,-2.8823,1.2924
263.22,2.5677,-1.5576
263.22,2.6677,-1.1076
263.22,2.5677,-0.7076
263.22,-3.1823,-0.4076
263.22,3.0677,-0.4076
263.22,2.7677,-0.1576
263.22,-2.9323,1.0424
263.22,1.2177,-1.5576
263.22,2.4677,-1.5576
266.40,2.8677,-0.5076
266.40,3.3177,0.2424
266.40,-2.5323,0.4924
266.40,-2.9323,-0.0576
266.40,2.7677,0.5424
266.40,-0.7323,1.2424
266.40,2.4177,-1.3076
266.40,-0.3323,1.1424
266.40,2.5177,-1.0576
266.40,2.8677,-0.8076
266.40,2.9177,-0.2576
266.40,2.4177,0.6424
266.40,2.1177,-1.6576
266.40,2.8177,-0.0076
266.40,-2.2323,1.1924
266.40,2.5177,-0.8576
266.40,-3.0823,-0.8076
266.40,-3.0823,0.3424
266.40,3.0677,0.4924
266.40,-3.0323,0.5424
266.40,-2.8823,1.2924
266.40,2.5677,-1.5576
266.40,2.6677,-1.1076
266.40,2.5677,-0.7076
266.40,-3.1823,-0.4076
266.40,3.0677,-0.4076
266.40,2.7677,-0.1576
266.40,-2.9323,1.0424
266.40,1.2177,-1.5576
266.40,2.4677,-1.5576
269.53,2.8677,-0.5076
269.53,3.3177,0.2424
269.53,-2.5323,0.4924
269.53,-2.9323,-0.0576
269.53,2.7677,0.5424
269.53,-0.7323,1.2424
269.53,2.4177,-1.3076
269.53,-0.3323,1.1424
269.53,2.5177,-1.0576
269.53,2.8677,-0.8076
269.53,2.9177,-0.2576
269.53,2.4177,0.6424
269.53,2.1177,-1.6576
269.53,2.8177,-0.0076
269.53,-2.2323,1.1924
269.53,2.5177,-0.8576
269.53,-3.0823,-0.8076
269.53,-3.0823,0.3424
269.53,3.0677,0.4924
269.53,-3.0323,0.5424
269.53,-2.8823,1.2924
269.53,2.5677,-1.5576
269.53,2.6677,-1.1076
269.53,2.5677,-0.7076
269.53,-3.1823,-0.4076
269.53,3.0677,-0.4076
269.53,2.7677,-0.1576
269.53,-2.9323,1.0424
269.53,1.2177,-1.5576
269.53,2.4677,-1.5576
272.66,2.8677,-0.5076
272.66,3.3177,0.2424
272.66,-2.5323,0.4924
272.66,-2.9323,-0.0576
272.66,2.7677,0.5424
272.66,-0.7323,1.2424
272.66,2.4177,-1.3076
272.66,-0.3323,1.1424
272.66,2.5177,-1.0576
272.66,2.8677,-0.8076
272.66,2.9177,-0.2576
272.66,2.4177,0.6424
272.66,2.1177,-1.6576
272.66,2.8177,-0.0076
272.66,-2.2323,1.1924
272.66,2.5177,-0.8576
272.66,-3.0823,-0.8076
272.66,-3.0823,0.3424
272.66,3.0677,0.4924
272.66,-3.0323,0.5424
272.66,-2.8823,1.2924
272.66,2.5677,-1.5576
272.66,2.6677,-1.1076
272.66,2.5677,-0.7076
272.66,-3.1823,-0.4076
272.66,3.0677,-0.4076
272.66,2.7677,-0.1576
272.66,-2.9323,1.0424
272.66,1.2177,-1.5576
272.66,2.4677,-1.5576
275.77,2.8677,-0.5076
275.77,3.3177,0.2424
275.77,-2.5323,0.4924
275.77,-2.9323,-0.0576
275.77,2.7677,0.5424
275.77,-0.7323,1.2424
275.77,2.4177,-1.3076
275.77,-0.3323,1.1424
275.77,2.5177,-1.0576
275.77,2.8677,-0.8076
275.77,2.9177,-0.2576
275.77,2.4177,0.6424
275.77,2.1177,-1.6576
275.77,2.8177,-0.0076
275.77,-2.2323,1.1924
275.77,2.5177,-0.8576
275.77,-3.0823,-0.8076
275.77,-3.0823,0.3424
275.77,3.0677,0.4924
275.77,-3.0323,0.5424
275.77,-2.8823,1.2924
275.77,2.5677,-1.5576
275.77,2.6677,-1.1076
275.77,2.5677,-0.7076
275.77,-3.1823,-0.4076
275.77,3.0677,-0.4076
275.77,2.7677,-0.1576
275.77,-2.9323,1.0424
275.77,1.2177,-1.5576
275.77,2.4677,-1.5576
279.04,2.8677,-0.5076
279.04,3.3177,0.2424
279.04,-2.5323,0.4924
279.04,-2.9323,-0.0576
279.04,2.7677,0.5424
279.04,-0.7323,1.2424
279.04,2.4177,-1.3076
279.04,-0.3323,1.1424
279.04,2.5177,-1.0576
279.04,2.8677,-0.8076
279.04,2.9177,-0.2576
279.04,2.4177,0.6424
279.04,2.1177,-1.6576
279.04,2.8177,-0.0076
279.04,-2.2323,1.1924
279.04,2.5177,-0.8576
279.04,-3.0823,-0.8076
279.04,-3.0823,0.3424
279.04,3.0677,0.4924
279.04,-3.0323,0.5424
279.04,-2.8823,1.2924
279.04,2.5677,-1.5576
279.04,2.6677,-1.1076
279.04,2.5677,-0.7076
279.04,-3.1823,-0.4076
279.04,3.0677,-0.4076
279.04,2.7677,-0.1576
279.04,-2.9323,1.0424
279.04,1.2177,-1.5576
279.04,2.4677,-1.5576
282.21,2.8677,-0.5076
282.21,3.3177,0.2424
282.21,-2.5323,0.4924
282.21,-2.9323,-0.0576
282.21,2.7677,0.5424
282.21,-0.7323,1.2424
282.21,2.4177,-1.3076
282.21,-0.3323,1.1424
282.21,2.5177,-1.0576
282.21,2.8677,-0.8076
282.21,2.9177,-0.2576
282.21,2.4177,0.6424
282.21,2.1177,-1.6576
282.21,2.8177,-0.0076
282.21,-2.2323,1.1924
282.21,2.5177,-0.8576
282.21,-3.0823,-0.8076
282.21,-3.0823,0.3424
282.21,3.0677,0.4924
282.21,-3.0323,0.5424
282.21,-2.8823,1.2924
282.21,2.5677,-1.5576
282.21,2.6677,-1.1076
282.21,2.5677,-0.7076
282.21,-3.1823,-0.4076
282.21,3.0677,-0.4076
282.21,2.7677,-0.1576
282.21,-2.9323,1.0424
282.21,1.2177,-1.5576
282.21,2.4677,-1.5576
285.31,2.8677,-0.5076
285.31,3.3177,0.2424
285.31,-2.5323,0.4924
285.31,-2.9323,-0.0576
285.31,2.7677,0.5424
285.31,-0.7323,1.2424
285.31,2.4177,-1.3076
285.31,-0.3323,1.1424
285.31,2.5177,-1.0576
285.31,2.8677,-0.8076
285.31,2.9177,-0.2576
285.31,2.4177,0.6424
285.31,2.1177,-1.6576
285.31,2.8177,-0.0076
285.31,-2.2323,1.1924
285.31,2.5177,-0.8576
285.31,-3.0823,-0.8076
285.31,-3.0823,0.3424
285.31,3.0677,0.4924
285.31,-3.0323,0.5424
285.31,-2.8823,1.2924
285.31,2.5677,-1.5576
285.31,2.6677,-1.1076
285.31,2.5677,-0.7076
285.31,-3.1823,-0.4076
285.31,3.0677,-0.4076
285.31,2.7677,-0.1576
285.31,-2.9323,1.0424
285.31,1.2177,-1.5576
285.31,2.4677,-1.5576
288.51,2.8677,-0.5076
288.51,3.3177,0.2424
288.51,-2.5323,0.4924
288.51,-2.9323,-0.0576
288.51,2.7677,0.5424
288.51,-0.7323,1.2424
288.51,2.4177,-1.3076
288.51,-0.3323,1.1424
288.51,2.5177,-1.0576
288.51,2.8677,-0.8076
288.51,2.9177,-0.2576
288.51,2.4177,0.6424
288.51,2.1177,-1.6576
288.51,2.8177,-0.0076
288.51,-2.2323,1.1924
288.51,2.5177,-0.8576
288.51,-3.0823,-0.8076
288.51,-3.0823,0.3424
288.51,3.0677,0.4924
288.51,-3.0323,0.5424
288.51,-2.8823,1.2924
288.51,2.5677,-1.5576
288.51,2.6677,-1.1076
288.51,2.5677,-0.7076
288.51,-3.1823,-0.4076
288.51,3.0677,-0.4076
288.51,2.7677,-0.1576
288.51,-2.9323,1.0424
288.51,1.2177,-1.5576
288.51,2.4677,-1.5576
291.71,2.8677,-0.5076
291.71,3.3177,0.2424
291.71,-2.5323,0.4924
291.71,-2.9323,-0.0576
291.71,2.7677,0.5424
291.71,-0.7323,1.2424
291.71,2.4177,-1.3076
291.71,-0.3323,1.1424
291.71,2.5177,-1.0576
291.71,2.8677,-0.8076
291.71,2.9177,-0.2576
291.71,2.4177,0.6424
291.71,2.1177,-1.6576
291.71,2.8177,-0.0076
291.71,-2.2323,1.1924
291.71,2.5177,-0.8576
291.71,-3.0823,-0.8076
291.71,-3.0823,0.3424
291.71,3.0677,0.4924
291.71,-3.0323,0.5424
291.71,-2.8823,1.2924
291.71,2.5677,-1.5576
291.71,2.6677,-1.1076
291.71,2.5677,-0.7076
291.71,-3.1823,-0.4076
291.71,3.0677,-0.4076
291.71,2.7677,-0.1576
291.71,-2.9323,1.0424
291.71,1.2177,-1.5576
291.71,2.4677,-1.5576
294.86,2.8677,-0.5076
294.86,3.3177,0.2424
294.86,-2.5323,0.4924
294.86,-2.9323,-0.0576
294.86,2.7677,0.5424
294.86,-0.7323,1.2424
294.86,2.4177,-1.3076
294.86,-0.3323,1.1424
294.86,2.5177,-1.0576
294.86,2.8677,-0.8076
294.86,2.9177,-0.2576
294.86,2.4177,0.6424
294.86,2.1177,-1.6576
294.86,2.8177,-0.0076
294.86,-2.2323,1.1924
294.86,2.5177,-0.8576
294.86,-3.0823,-0.8076
294.86,-3.0823,0.3424
294.86,3.0677,0.4924
294.86,-3.0323,0.5424
294.86,-2.8823,1.2924
294.86,2.5677,-1.5576
294.86,2.6677,-1.1076
294.86,2.5677,-0.7076
294.86,-3.1823,-0.4076
294.86,3.0677,-0.4076
294.86,2.7677,-0.1576
294.86,-2.9323,1.0424
294.86,1.2177,-1.5576
294.86,2.4677,-1.5576
297.96,2.8677,-0.5076
297.96,3.3177,0.2424
297.96,-2.5323,0.4924
297.96,-2.9323,-0.0576
297.96,2.7677,0.5424
297.96,-0.7323,1.2424
297.96,2.4177,-1.3076
297.96,-0.3323,1.1424
297.96,2.5177,-1.0576
297.96,2.8677,-0.8076
297.96,2.9177,-0.2576
297.96,2.4177,0.6424
297.96,2.1177,-1.6576
297.96,2.8177,-0.0076
297.96,-2.2323,1.1924
297.96,2.5177,-0.8576
297.96,-3.0823,-0.8076
297.96,-3.0823,0.3424
297.96,3.0677,0.4924
297.96,-3.0323,0.5424
297.96,-2.8823,1.2924
297.96,2.5677,-1.5576
297.96,2.6677,-1.1076
297.96,2.5677,-0.7076
297.96,-3.1823,-0.4076
297.96,3.0677,-0.4076
297.96,2.7677,-0.1576
297.96,-2.9323,1.0424
297.96,1.2177,-1.5576
297.96,2.4677,-1.5576
301.07,2.8677,-0.5076
301.07,3.3177,0.2424
301.07,-2.5323,0.4924
301.07,-2.9323,-0.0576
301.07,2.7677,0.5424
301.07,-0.7323,1.2424
301.07,2.4177,-1.3076
301.07,-0.3323,1.1424
301.07,2.5177,-1.0576
301.07,2.8677,-0.8076
301.07,2.9177,-0.2576
301.07,2.4177,0.6424
301.07,2.1177,-1.6576
301.07,2.8177,-0.0076
301.07,-2.2323,1.1924
301.07,2.5177,-0.8576
301.07,-3.0823,-0.8076
301.07,-3.0823,0.3424
301.07,3.0677,0.4924
301.07,-3.0323,0.5424
301.07,-2.8823,1.2924
301.07,2.5677,-1.5576
301.07,2.6677,-1.1076
301.07,2.5677,-0.7076
301.07,-3.1823,-0.4076
301.07,3.0677,-0.4076
301.07,2.7677,-0.1576
301.07,-2.9323,1.0424
301.07,1.2177,-1.5576
301.07,2.4677,-1.5576
303.19,2.8677,-0.5076
303.19,3.3177,0.2424
303.19,-2.5323,0.4924
303.19,-2.9323,-0.0576
303.19,2.7677,0.5424
303.19,-0.7323,1.2424
303.19,2.4177,-1.3076
303.19,-0.3323,1.1424
303.19,2.5177,-1.0576
303.19,2.8677,-0.8076
303.19,2.9177,-0.2576
303.19,2.4177,0.6424
303.19,2.1177,-1.6576
303.19,2.8177,-0.0076
303.19,-2.2323,1.1924
303.19,2.5177,-0.8576
303.19,-3.0823,-0.8076
303.19,-3.0823,0.3424
303.19,3.0677,0.4924
303.19,-3.0323,0.5424
303.19,-2.8823,1.2924
303.19,2.5677,-1.5576
303.19,2.6677,-1.1076
303.19,2.5677,-0.7076
303.19,-3.1823,-0.4076
303.19,3.0677,-0.4076
303.19,2.7677,-0.1576
303.19,-2.9323,1.0424
303.19,1.2177,-1.5576
303.19,2.4677,-1.5576
305.27,-0.0323,-1.6004
305.27,0.3677,-1.6004
305.27,2.7677,-0.9004
305.27,-2.5823,0.4996
305.27,2.2677,1.0496
305.27,3.3677,0.1996
305.27,2.8177,-0.5504
305.27,-0.4323,-1.5504
305.27,-0.7323,1.2496
305.27,-3.0323,-0.1004
305.27,2.6677,1.5496
305.27,-0.3323,1.1496
305.27,2.1177,-1.6504
305.27,2.4177,-1.4504
305.27,2.9177,-0.0504
305.27,3.0677,0.6496
305.27,2.5177,-1.2004
305.27,3.0177,-0.2504
305.27,-2.2323,1.1996
305.27,-3.0823,0.3496
305.27,-2.9823,0.5496
305.27,3.5177,0.6996
305.27,-2.9323,0.9996
305.27,-2.8823,1.2496
305.27,-3.0323,-0.7504
305.27,-2.9823,-0.3004
305.27,3.3677,0.6996
305.27,2.5677,-1.5504
305.27,2.8677,-1.1504
305.27,2.7677,-0.2504
308.88,-0.0323,-1.6004
308.88,0.3677,-1.6004
308.88,2.7677,-0.9004
308.88,-2.5823,0.4996
308.88,3.6677,0.5996
308.88,2.2677,1.0496
308.88,3.3677,0.1996
308.88,2.8177,-0.5504
308.88,-0.4323,-1.5504
308.88,-3.0323,-0.1004
308.88,-0.3323,1.1496
308.88,2.6677,1.5496
308.88,-0.6823,1.1996
308.88,2.1177,-1.6504
308.88,2.4177,-1.4504
308.88,3.0677,0.6996
308.88,2.9677,-0.2504
308.88,4.0677,0.5496
308.88,2.5177,-1.2004
308.88,-2.2323,1.1996
308.88,-3.0823,0.3496
308.88,3.0177,0.4496
308.88,-2.9823,0.5496
308.88,-2.9323,0.9996
308.88,-2.8823,1.2496
308.88,-3.0323,-0.7504
308.88,-2.9823,-0.3004
308.88,2.9677,-0.0004
308.88,-0.8823,1.2996
308.88,2.5677,-1.5504
312.06,-0.0323,-1.6004
312.06,0.3677,-1.6004
312.06,2.7677,-0.9004
312.06,-2.5823,0.4996
312.06,3.6677,0.5996
312.06,2.2677,1.0496
312.06,3.3677,0.1996
312.06,2.8177,-0.5504
312.06,-0.4323,-1.5504
312.06,-3.0323,-0.1004
312.06,-0.3323,1.1496
312.06,2.6677,1.5496
312.06,-0.6823,1.1996
312.06,2.1177,-1.6504
312.06,2.4177,-1.4504
312.06,3.0677,0.6996
312.06,2.9677,-0.2504
312.06,4.0677,0.5496
312.06,2.5177,-1.2004
312.06,-2.2323,1.1996
312.06,-3.0823,0.3496
312.06,3.0177,0.4496
312.06,-2.9823,0.5496
312.06,-2.9323,0.9996
312.06,-2.8823,1.2496
312.06,-3.0323,-0.7504
312.06,-2.9823,-0.3004
312.06,2.9677,-0.0004
312.06,-0.8823,1.2996
312.06,2.5677,-1.5504
315.23,-0.0323,-1.6004
315.23,0.3677,-1.6004
315.23,2.7677,-0.9004
315.23,-2.5823,0.4996
315.23,3.6677,0.5996
315.23,2.2677,1.0496
315.23,3.3677,0.1996
315.23,2.8177,-0.5504
315.23,-0.4323,-1.5504
315.23,-3.0323,-0.1004
315.23,-0.3323,1.1496
315.23,2.6677,1.5496
315.23,-0.6823,1.1996
315.23,2.1177,-1.6504
315.23,2.4177,-1.4504
315.23,3.0677,0.6996
315.23,2.9677,-0.2504
315.23,4.0677,0.5496
315.23,2.5177,-1.2004
315.23,-2.2323,1.1996
315.23,-3.0823,0.3496
315.23,3.0177,0.4496
315.23,-2.9823,0.5496
315.23,-2.9323,0.9996
315.23,-2.8823,1.2496
315.23,-3.0323,-0.7504
315.23,-2.9823,-0.3004
315.23,2.9677,-0.0004
315.23,-0.8823,1.2996
315.23,2.5677,-1.5504
318.36,-0.0323,-1.6004
318.36,0.3677,-1.6004
318.36,2.7677,-0.9004
318.36,-2.5823,0.4996
318.36,3.6677,0.5996
318.36,2.2677,1.0496
318.36,3.3677,0.1996
318.36,2.8177,-0.5504
318.36,-0.4323,-1.5504
318.36,-3.0323,-0.1004
318.36,-0.3323,1.1496
318.36,2.6677,1.5496
318.36,-0.6823,1.1996
318.36,2.1177,-1.6504
318.36,2.4177,-1.4504
318.36,3.0677,0.6996
318.36,2.9677,-0.2504
318.36,4.0677,0.5496
318.36,2.5177,-1.2004
318.36,-2.2323,1.1996
318.36,-3.0823,0.3496
318.36,3.0177,0.4496
318.36,-2.9823,0.5496
318.36,-2.9323,0.9996
318.36,-2.8823,1.2496
318.36,-3.0323,-0.7504
318.36,-2.9823,-0.3004
318.36,2.9677,-0.0004
318.36,-0.8823,1.2996
318.36,2.5677,-1.5504
321.59,-0.0323,-1.6004
321.59,0.3677,-1.6004
321.59,2.7677,-0.9004
321.59,-2.5823,0.4996
321.59,3.6677,0.5996
321.59,2.2677,1.0496
321.59,3.3677,0.1996
321.59,2.8177,-0.5504
321.59,-0.4323,-1.5504
321.59,-3.0323,-0.1004
321.59,-0.3323,1.1496
321.59,2.6677,1.5496
321.59,-0.6823,1.1996
321.59,2.1177,-1.6504
321.59,2.4177,-1.4504
321.59,3.0677,0.6996
321.59,2.9677,-0.2504
321.59,4.0677,0.5496
321.59,2.5177,-1.2004
321.59,-2.2323,1.1996
321.59,-3.0823,0.3496
321.59,3.0177,0.4496
321.59,-2.9823,0.5496
321.59,-2.9323,0.9996
321.59,-2.8823,1.2496
321.59,-3.0323,-0.7504
321.59,-2.9823,-0.3004
321.59,2.9677,-0.0004
321.59,-0.8823,1.2996
321.59,2.5677,-1.5504
324.76,-0.0323,-1.6004
324.76,0.3677,-1.6004
324.76,2.7677,-0.9004
324.76,-2.5823,0.4996
324.76,3.6677,0.5996
324.76,2.2677,1.0496
324.76,3.3677,0.1996
324.76,2.8177,-0.5504
324.76,-0.4323,-1.5504
324.76,-3.0323,-0.1004
324.76,-0.3323,1.1496
324.76,2.6677,1.5496
324.76,-0.6823,1.1996
324.76,2.1177,-1.6504
324.76,2.4177,-1.4504
324.76,3.0677,0.6996
324.76,2.9677,-0.2504
324.76,4.0677,0.5496
324.76,2.5177,-1.2004
324.76,-2.2323,1.1996
324.76,-3.0823,0.3496
324.76,3.0177,0.4496
324.76,-2.9823,0.5496
324.76,-2.9323,0.9996
324.76,-2.8823,1.2496
324.76,-3.0323,-0.7504
324.76,-2.9823,-0.3004
324.76,2.9677,-0.0004
324.76,-0.8823,1.2996
324.76,2.5677,-1.5504
327.94,-0.0323,-1.6004
327.94,0.3677,-1.6004
327.94,2.7677,-0.9004
327.94,-2.5823,0.4996
327.94,3.6677,0.5996
327.94,2.2677,1.0496
327.94,3.3677,0.1996
327.94,2.8177,-0.5504
327.94,-0.4323,-1.5504
327.94,-3.0323,-0.1004
327.94,-0.3323,1.1496
327.94,2.6677,1.5496
327.94,-0.6823,1.1996
327.94,2.1177,-1.6504
327.94,2.4177,-1.4504
327.94,3.0677,0.6996
327.94,2.9677,-0.2504
327.94,4.0677,0.5496
327.94,2.5177,-1.2004
327.94,-2.2323,1.1996
327.94,-3.0823,0.3496
327.94,3.0177,0.4496
327.94,-2.9823,0.5496
327.94,-2.9323,0.9996
327.94,-2.8823,1.2496
327.94,-3.0323,-0.7504
327.94,-2.9823,-0.3004
327.94,2.9677,-0.0004
327.94,-0.8823,1.2996
327.94,2.5677,-1.5504
331.65,-0.0323,-1.6004
331.65,0.3677,-1.6004
331.65,2.7677,-0.9004
331.65,-2.5823,0.4996
331.65,3.6677,0.5996
331.65,2.2677,1.0496
331.65,3.3677,0.1996
331.65,2.8177,-0.5504
331.65,-0.4323,-1.5504
331.65,-3.0323,-0.1004
331.65,-0.3323,1.1496
331.65,2.6677,1.5496
331.65,-0.6823,1.1996
331.65,2.1177,-1.6504
331.65,2.4177,-1.4504
331.65,3.0677,0.6996
331.65,2.9677,-0.2504
331.65,4.0677,0.5496
331.65,2.5177,-1.2004
331.65,-2.2323,1.1996
331.65,-3.0823,0.3496
331.65,3.0177,0.4496
331.65,-2.9823,0.5496
331.65,-2.9323,0.9996
331.65,-2.8823,1.2496
331.65,-3.0323,-0.7504
331.65,-2.9823,-0.3004
331.65,2.9677,-0.0004
331.65,-0.8823,1.2996
331.65,2.5677,-1.5504
334.83,-0.0323,-1.6004
334.83,0.3677,-1.6004
334.83,2.7677,-0.9004
334.83,-2.5823,0.4996
334.83,3.6677,0.5996
334.83,2.2677,1.0496
334.83,3.3677,0.1996
334.83,2.8177,-0.5504
334.83,-0.4323,-1.5504
334.83,-3.0323,-0.1004
334.83,-0.3323,1.1496
334.83,2.6677,1.5496
334.83,-0.6823,1.1996
334.83,2.1177,-1.6504
334.83,2.4177,-1.4504
334.83,3.0677,0.6996
334.83,2.9677,-0.2504
334.83,4.0677,0.5496
334.83,2.5177,-1.2004
334.83,-2.2323,1.1996
334.83,-3.0823,0.3496
334.83,3.0177,0.4496
334.83,-2.9823,0.5496
334.83,-2.9323,0.9996
334.83,-2.8823,1.2496
334.83,-3.0323,-0.7504
334.83,-2.9823,-0.3004
334.83,2.9677,-0.0004
334.83,-0.8823,1.2996
334.83,2.5677,-1.5504
337.93,-0.0323,-1.6004
337.93,0.3677,-1.6004
337.93,2.7677,-0.9004
337.93,-2.5823,0.4996
337.93,3.6677,0.5996
337.93,2.2677,1.0496
337.93,3.3677,0.1996
337.93,2.8177,-0.5504
337.93,-0.4323,-1.5504
337.93,-3.0323,-0.1004
337.93,-0.3323,1.1496
337.93,2.6677,1.5496
337.93,-0.6823,1.1996
337.93,2.1177,-1.6504
337.93,2.4177,-1.4504
337.93,3.0677,0.6996
337.93,2.9677,-0.2504
337.93,4.0677,0.5496
337.93,2.5177,-1.2004
337.93,-2.2323,1.1996
337.93,-3.0823,0.3496
337.93,3.0177,0.4496
337.93,-2.9823,0.5496
337.93,-2.9323,0.9996
337.93,-2.8823,1.2496
337.93,-3.0323,-0.7504
337.93,-2.9823,-0.3004
337.93,2.9677,-0.0004
337.93,-0.8823,1.2996
337.93,2.5677,-1.5504
340.72,1.4177,-1.9211
340.72,3.7177,-0.6211
340.72,3.6177,0.6289
340.72,2.0177,1.1789
340.72,0.7677,1.8789
340.72,1.3677,1.6789
340.72,0.4677,-1.6211
340.72,2.7677,-0.9711
340.72,3.3677,0.2289
340.72,0.8177,2.9289
340.72,-2.5823,0.5289
340.72,2.8177,-0.5711
340.72,2.7177,1.4789
340.72,2.8677,0.7789
340.72,-0.0323,-1.6711
340.72,0.8677,-1.8211
340.72,-0.1323,-1.5211
340.72,-3.0323,-0.0711
340.72,1.0677,1.3789
340.72,0.5677,-1.9711
340.72,-0.6823,1.2289
340.72,-0.3823,-1.4711
340.72,2.3677,-1.4711
340.72,-0.3323,1.1289
340.72,0.6177,2.0289
340.72,1.7677,-2.1211
340.72,2.9677,1.0789
340.72,1.9177,-1.9211
340.72,2.4677,-1.2711
340.72,3.0177,-0.2711
346.34,1.7677,-2.1423
346.34,1.2177,-1.9923
346.34,2.7677,-0.8923
346.34,3.7177,-0.5923
346.34,3.7177,0.6577
346.34,2.1677,1.3077
346.34,0.7177,2.6577
346.34,1.7677,2.7077
346.34,-0.1323,-1.6423
346.34,3.3677,0.2077
346.34,-2.6323,0.5077
346.34,0.9677,-1.9923
346.34,0.5177,-1.9423
346.34,2.4177,-1.1923
346.34,0.6677,-1.9923
346.34,-0.4323,-1.5423
346.34,2.8677,-0.4923
346.34,0.4177,-1.6423
346.34,1.9177,-1.9423
346.34,2.6677,1.5577
346.34,2.3677,-1.4923
346.34,-3.0823,-0.0923
346.34,1.3677,1.9077
346.34,-3.0823,0.3077
346.34,-0.7323,1.2077
346.34,2.9677,-0.2423
346.34,2.6677,0.8577
346.34,-0.3323,1.1577
346.34,-2.2323,1.2077
346.34,2.8677,1.4577
349.51,1.7677,-2.1423
349.51,1.2177,-1.9923
349.51,2.7677,-0.8923
349.51,3.7177,-0.5923
349.51,3.7177,0.6577
349.51,2.1677,1.3077
349.51,0.7177,2.6577
349.51,1.7677,2.7077
349.51,-0.1323,-1.6423
349.51,3.3677,0.2077
349.51,-2.6323,0.5077
349.51,0.9677,-1.9923
349.51,0.5177,-1.9423
349.51,2.4177,-1.1923
349.51,0.6677,-1.9923
349.51,-0.4323,-1.5423
349.51,2.8677,-0.4923
349.51,0.4177,-1.6423
349.51,1.9177,-1.9423
349.51,2.6677,1.5577
349.51,2.3677,-1.4923
349.51,-3.0823,-0.0923
349.51,1.3677,1.9077
349.51,-3.0823,0.3077
349.51,-0.7323,1.2077
349.51,2.9677,-0.2423
349.51,2.6677,0.8577
349.51,-0.3323,1.1577
349.51,-2.2323,1.2077
349.51,2.8677,1.4577
352.77,1.7677,-2.1423
352.77,1.2177,-1.9923
352.77,2.7677,-0.8923
352.77,3.7177,-0.5923
352.77,3.7177,0.6577
352.77,2.1677,1.3077
352.77,0.7177,2.6577
352.77,1.7677,2.7077
352.77,-0.1323,-1.6423
352.77,3.3677,0.2077
352.77,-2.6323,0.5077
352.77,0.9677,-1.9923
352.77,0.5177,-1.9423
352.77,2.4177,-1.1923
352.77,0.6677,-1.9923
352.77,-0.4323,-1.5423
352.77,2.8677,-0.4923
352.77,0.4177,-1.6423
352.77,1.9177,-1.9423
352.77,2.6677,1.5577
352.77,2.3677,-1.4923
352.77,-3.0823,-0.0923
352.77,1.3677,1.9077
352.77,-3.0823,0.3077
352.77,-0.7323,1.2077
352.77,2.9677,-0.2423
352.77,2.6677,0.8577
352.77,-0.3323,1.1577
352.77,-2.2323,1.2077
352.77,2.8677,1.4577
354.43,1.7677,-2.1423
354.43,1.2177,-1.9923
354.43,2.7677,-0.8923
354.43,3.7177,-0.5923
354.43,3.7177,0.6577
354.43,2.1677,1.3077
354.43,0.7177,2.6577
354.43,1.7677,2.7077
354.43,-0.1323,-1.6423
354.43,3.3677,0.2077
354.43,-2.6323,0.5077
354.43,0.9677,-1.9923
354.43,0.5177,-1.9423
354.43,2.4177,-1.1923
354.43,0.6677,-1.9923
354.43,-0.4323,-1.5423
354.43,2.8677,-0.4923
354.43,0.4177,-1.6423
354.43,1.9177,-1.9423
354.43,2.6677,1.5577
354.43,2.3677,-1.4923
354.43,-3.0823,-0.0923
354.43,1.3677,1.9077
354.43,-3.0823,0.3077
354.43,-0.7323,1.2077
354.43,2.9677,-0.2423
354.43,2.6677,0.8577
354.43,-0.3323,1.1577
354.43,-2.2323,1.2077
354.43,2.8677,1.4577
357.93,1.7677,-2.1423
357.93,1.2177,-1.9923
357.93,2.7677,-0.8923
357.93,3.7177,-0.5923
357.93,3.7177,0.6577
357.93,2.1677,1.3077
357.93,0.7177,2.6577
357.93,1.7677,2.7077
357.93,-0.1323,-1.6423
357.93,3.3677,0.2077
357.93,-2.6323,0.5077
357.93,0.9677,-1.9923
357.93,0.5177,-1.9423
357.93,2.4177,-1.1923
357.93,0.6677,-1.9923
357.93,-0.4323,-1.5423
357.93,2.8677,-0.4923
357.93,0.4177,-1.6423
357.93,1.9177,-1.9423
357.93,2.6677,1.5577
357.93,2.3677,-1.4923
357.93,-3.0823,-0.0923
357.93,1.3677,1.9077
357.93,-3.0823,0.3077
357.93,-0.7323,1.2077
357.93,2.9677,-0.2423
357.93,2.6677,0.8577
357.93,-0.3323,1.1577
357.93,-2.2323,1.2077
357.93,2.8677,1.4577
361.05,1.7677,-2.1423
361.05,1.2177,-1.9923
361.05,2.7677,-0.8923
361.05,3.7177,-0.5923
361.05,3.7177,0.6577
361.05,2.1677,1.3077
361.05,0.7177,2.6577
361.05,1.7677,2.7077
361.05,-0.1323,-1.6423
361.05,3.3677,0.2077
361.05,-2.6323,0.5077
361.05,0.9677,-1.9923
361.05,0.5177,-1.9423
361.05,2.4177,-1.1923
361.05,0.6677,-1.9923
361.05,-0.4323,-1.5423
361.05,2.8677,-0.4923
361.05,0.4177,-1.6423
361.05,1.9177,-1.9423
361.05,2.6677,1.5577
361.05,2.3677,-1.4923
361.05,-3.0823,-0.0923
361.05,1.3677,1.9077
361.05,-3.0823,0.3077
361.05,-0.7323,1.2077
361.05,2.9677,-0.2423
361.05,2.6677,0.8577
361.05,-0.3323,1.1577
361.05,-2.2323,1.2077
361.05,2.8677,1.4577
364.25,1.7677,-2.1423
364.25,1.2177,-1.9923
364.25,2.7677,-0.8923
364.25,3.7177,-0.5923
364.25,3.7177,0.6577
364.25,2.1677,1.3077
364.25,0.7177,2.6577
364.25,1.7677,2.7077
364.25,-0.1323,-1.6423
364.25,3.3677,0.2077
364.25,-2.6323,0.5077
364.25,0.9677,-1.9923
364.25,0.5177,-1.9423
364.25,2.4177,-1.1923
364.25,0.6677,-1.9923
364.25,-0.4323,-1.5423
364.25,2.8677,-0.4923
364.25,0.4177,-1.6423
364.25,1.9177,-1.9423
364.25,2.6677,1.5577
364.25,2.3677,-1.4923
364.25,-3.0823,-0.0923
364.25,1.3677,1.9077
364.25,-3.0823,0.3077
364.25,-0.7323,1.2077
364.25,2.9677,-0.2423
364.25,2.6677,0.8577
364.25,-0.3323,1.1577
364.25,-2.2323,1.2077
364.25,2.8677,1.4577
367.43,1.7677,-2.1423
367.43,1.2177,-1.9923
367.43,2.7677,-0.8923
367.43,3.7177,-0.5923
367.43,3.7177,0.6577
367.43,2.1677,1.3077
367.43,0.7177,2.6577
367.43,1.7677,2.7077
367.43,-0.1323,-1.6423
367.43,3.3677,0.2077
367.43,-2.6323,0.5077
367.43,0.9677,-1.9923
367.43,0.5177,-1.9423
367.43,2.4177,-1.1923
367.43,0.6677,-1.9923
367.43,-0.4323,-1.5423
367.43,2.8677,-0.4923
367.43,0.4177,-1.6423
367.43,1.9177,-1.9423
367.43,2.6677,1.5577
367.43,2.3677,-1.4923
367.43,-3.0823,-0.0923
367.43,1.3677,1.9077
367.43,-3.0823,0.3077
367.43,-0.7323,1.2077
367.43,2.9677,-0.2423
367.43,2.6677,0.8577
367.43,-0.3323,1.1577
367.43,-2.2323,1.2077
367.43,2.8677,1.4577
370.81,1.7677,-2.1423
370.81,1.2177,-1.9923
370.81,2.7677,-0.8923
370.81,3.7177,-0.5923
370.81,3.7177,0.6577
370.81,2.1677,1.3077
370.81,0.7177,2.6577
370.81,1.7677,2.7077
370.81,-0.1323,-1.6423
370.81,3.3677,0.2077
370.81,-2.6323,0.5077
370.81,0.9677,-1.9923
370.81,0.5177,-1.9423
370.81,2.4177,-1.1923
370.81,0.6677,-1.9923
370.81,-0.4323,-1.5423
370.81,2.8677,-0.4923
370.81,0.4177,-1.6423
370.81,1.9177,-1.9423
370.81,2.6677,1.5577
370.81,2.3677,-1.4923
370.81,-3.0823,-0.0923
370.81,1.3677,1.9077
370.81,-3.0823,0.3077
370.81,-0.7323,1.2077
370.81,2.9677,-0.2423
370.81,2.6677,0.8577
370.81,-0.3323,1.1577
370.81,-2.2323,1.2077
370.81,2.8677,1.4577
374.11,1.7677,-2.1423
374.11,1.2177,-1.9923
374.11,2.7677,-0.8923
374.11,3.7177,-0.5923
374.11,3.7177,0.6577
374.11,2.1677,1.3077
374.11,0.7177,2.6577
374.11,1.7677,2.7077
374.11,-0.1323,-1.6423
374.11,3.3677,0.2077
374.11,-2.6323,0.5077
374.11,0.9677,-1.9923
374.11,0.5177,-1.9423
374.11,2.4177,-1.1923
374.11,0.6677,-1.9923
374.11,-0.4323,-1.5423
374.11,2.8677,-0.4923
374.11,0.4177,-1.6423
374.11,1.9177,-1.9423
374.11,2.6677,1.5577
374.11,2.3677,-1.4923
374.11,-3.0823,-0.0923
374.11,1.3677,1.9077
374.11,-3.0823,0.3077
374.11,-0.7323,1.2077
374.11,2.9677,-0.2423
374.11,2.6677,0.8577
374.11,-0.3323,1.1577
374.11,-2.2323,1.2077
374.11,2.8677,1.4577
377.27,1.7677,-2.1423
377.27,1.2177,-1.9923
377.27,2.7677,-0.8923
377.27,3.7177,-0.5923
377.27,3.7177,0.6577
377.27,2.1677,1.3077
377.27,0.7177,2.6577
377.27,1.7677,2.7077
377.27,-0.1323,-1.6423
377.27,3.3677,0.2077
377.27,-2.6323,0.5077
377.27,0.9677,-1.9923
377.27,0.5177,-1.9423
377.27,2.4177,-1.1923
377.27,0.6677,-1.9923
377.27,-0.4323,-1.5423
377.27,2.8677,-0.4923
377.27,0.4177,-1.6423
377.27,1.9177,-1.9423
377.27,2.6677,1.5577
377.27,2.3677,-1.4923
377.27,-3.0823,-0.0923
377.27,1.3677,1.9077
377.27,-3.0823,0.3077
377.27,-0.7323,1.2077
377.27,2.9677,-0.2423
377.27,2.6677,0.8577
377.27,-0.3323,1.1577
377.27,-2.2323,1.2077
377.27,2.8677,1.4577
380.38,1.7677,-2.1423
380.38,1.2177,-1.9923
380.38,2.7677,-0.8923
380.38,3.7177,-0.5923
380.38,3.7177,0.6577
380.38,2.1677,1.3077
380.38,0.7177,2.6577
380.38,1.7677,2.7077
380.38,-0.1323,-1.6423
380.38,3.3677,0.2077
380.38,-2.6323,0.5077
380.38,0.9677,-1.9923
380.38,0.5177,-1.9423
380.38,2.4177,-1.1923
380.38,0.6677,-1.9923
380.38,-0.4323,-1.5423
380.38,2.8677,-0.4923
380.38,0.4177,-1.6423
380.38,1.9177,-1.9423
380.38,2.6677,1.5577
380.38,2.3677,-1.4923
380.38,-3.0823,-0.0923
380.38,1.3677,1.9077
380.38,-3.0823,0.3077
380.38,-0.7323,1.2077
380.38,2.9677,-0.2423
380.38,2.6677,0.8577
380.38,-0.3323,1.1577
380.38,-2.2323,1.2077
380.38,2.8677,1.4577
382.75,1.7677,-2.1423
382.75,1.2177,-1.9923
382.75,3.7177,-0.5923
382.75,3.7177,0.6577
382.75,2.8177,1.1077
382.75,0.4677,2.2077
382.75,1.9177,1.9577
382.75,1.7677,2.8077
382.75,-0.1323,-1.6423
382.75,3.3677,0.2077
382.75,-2.6323,0.5077
382.75,0.9677,-1.9923
382.75,0.5177,-1.9423
382.75,0.6677,-1.9923
382.75,-0.4323,-1.5423
382.75,0.4177,-1.6423
382.75,2.7177,-1.0923
382.75,0.4177,2.6577
382.75,2.8677,-0.9423
382.75,-3.0823,-0.0923
382.75,2.2177,1.7077
382.75,1.3677,1.9077
382.75,1.9677,-1.9923
382.75,2.4677,-1.1423
382.75,-3.0823,0.3077
382.75,-0.7323,1.2077
382.75,2.7177,1.5577
382.75,2.9677,-0.2423
382.75,-0.3323,1.1577
382.75,-2.2323,1.2077
387.05,1.7677,-2.1423
387.05,1.2177,-1.9923
387.05,3.7177,-0.5923
387.05,3.7177,0.6577
387.05,2.8177,1.1077
387.05,0.4677,2.2077
387.05,1.9177,1.9577
387.05,1.7677,2.8077
387.05,-0.1323,-1.6423
387.05,3.3677,0.2077
387.05,-2.6323,0.5077
387.05,0.9677,-1.9923
387.05,0.5177,-1.9423
387.05,0.6677,-1.9923
387.05,-0.4323,-1.5423
387.05,0.4177,-1.6423
387.05,2.7177,-1.0923
387.05,0.4177,2.6577
387.05,2.8677,-0.9423
387.05,-3.0823,-0.0923
387.05,2.2177,1.7077
387.05,1.3677,1.9077
387.05,1.9677,-1.9923
387.05,2.4677,-1.1423
387.05,-3.0823,0.3077
387.05,-0.7323,1.2077
387.05,2.7177,1.5577
387.05,2.9677,-0.2423
387.05,-0.3323,1.1577
387.05,-2.2323,1.2077
390.22,1.7677,-2.1423
390.22,1.2177,-1.9923
390.22,3.7177,-0.5923
390.22,3.7177,0.6577
390.22,2.8177,1.1077
390.22,0.4677,2.2077
390.22,1.9177,1.9577
390.22,1.7677,2.8077
390.22,-0.1323,-1.6423
390.22,3.3677,0.2077
390.22,-2.6323,0.5077
390.22,0.9677,-1.9923
390.22,0.5177,-1.9423
390.22,0.6677,-1.9923
390.22,-0.4323,-1.5423
390.22,0.4177,-1.6423
390.22,2.7177,-1.0923
390.22,0.4177,2.6577
390.22,2.8677,-0.9423
390.22,-3.0823,-0.0923
390.22,2.2177,1.7077
390.22,1.3677,1.9077
390.22,1.9677,-1.9923
390.22,2.4677,-1.1423
390.22,-3.0823,0.3077
390.22,-0.7323,1.2077
390.22,2.7177,1.5577
390.22,2.9677,-0.2423
390.22,-0.3323,1.1577
390.22,-2.2323,1.2077
393.33,1.7677,-2.1423
393.33,1.2177,-1.9923
393.33,3.7177,-0.5923
393.33,3.7177,0.6577
393.33,2.8177,1.1077
393.33,0.4677,2.2077
393.33,1.9177,1.9577
393.33,1.7677,2.8077
393.33,-0.1323,-1.6423
393.33,3.3677,0.2077
393.33,-2.6323,0.5077
393.33,0.9677,-1.9923
393.33,0.5177,-1.9423
393.33,0.6677,-1.9923
393.33,-0.4323,-1.5423
393.33,0.4177,-1.6423
393.33,2.7177,-1.0923
393.33,0.4177,2.6577
393.33,2.8677,-0.9423
393.33,-3.0823,-0.0923
393.33,2.2177,1.7077
393.33,1.3677,1.9077
393.33,1.9677,-1.9923
393.33,2.4677,-1.1423
393.33,-3.0823,0.3077
393.33,-0.7323,1.2077
393.33,2.7177,1.5577
393.33,2.9677,-0.2423
393.33,-0.3323,1.1577
393.33,-2.2323,1.2077
396.48,1.7677,-2.1423
396.48,1.2177,-1.9923
396.48,3.7177,-0.5923
396.48,3.7177,0.6577
396.48,2.8177,1.1077
396.48,0.4677,2.2077
396.48,1.9177,1.9577
396.48,1.7677,2.8077
396.48,-0.1323,-1.6423
396.48,3.3677,0.2077
396.48,-2.6323,0.5077
396.48,0.9677,-1.9923
396.48,0.5177,-1.9423
396.48,0.6677,-1.9923
396.48,-0.4323,-1.5423
396.48,0.4177,-1.6423
396.48,2.7177,-1.0923
396.48,0.4177,2.6577
396.48,2.8677,-0.9423
396.48,-3.0823,-0.0923
396.48,2.2177,1.7077
396.48,1.3677,1.9077
396.48,1.9677,-1.9923
396.48,2.4677,-1.1423
396.48,-3.0823,0.3077
396.48,-0.7323,1.2077
396.48,2.7177,1.5577
396.48,2.9677,-0.2423
396.48,-0.3323,1.1577
396.48,-2.2323,1.2077
400.08,1.7677,-2.1423
400.08,1.2177,-1.9923
400.08,3.7177,-0.5923
400.08,3.7177,0.6577
400.08,2.8177,1.1077
400.08,0.4677,2.2077
400.08,1.9177,1.9577
400.08,1.7677,2.8077
400.08,-0.1323,-1.6423
400.08,3.3677,0.2077
400.08,-2.6323,0.5077
400.08,0.9677,-1.9923
400.08,0.5177,-1.9423
400.08,0.6677,-1.9923
400.08,-0.4323,-1.5423
400.08,0.4177,-1.6423
400.08,2.7177,-1.0923
400.08,0.4177,2.6577
400.08,2.8677,-0.9423
400.08,-3.0823,-0.0923
400.08,2.2177,1.7077
400.08,1.3677,1.9077
400.08,1.9677,-1.9923
400.08,2.4677,-1.1423
400.08,-3.0823,0.3077
400.08,-0.7323,1.2077
400.08,2.7177,1.5577
400.08,2.9677,-0.2423
400.08,-0.3323,1.1577
400.08,-2.2323,1.2077
403.72,1.7677,-2.1423
403.72,1.2177,-1.9923
403.72,3.7177,-0.5923
403.72,3.7177,0.6577
403.72,2.8177,1.1077
403.72,0.4677,2.2077
403.72,1.9177,1.9577
403.72,1.7677,2.8077
403.72,-0.1323,-1.6423
403.72,3.3677,0.2077
403.72,-2.6323,0.5077
403.72,0.9677,-1.9923
403.72,0.5177,-1.9423
403.72,0.6677,-1.9923
403.72,-0.4323,-1.5423
403.72,0.4177,-1.6423
403.72,2.7177,-1.0923
403.72,0.4177,2.6577
403.72,2.8677,-0.9423
403.72,-3.0823,-0.0923
403.72,2.2177,1.7077
403.72,1.3677,1.9077
403.72,1.9677,-1.9923
403.72,2.4677,-1.1423
403.72,-3.0823,0.3077
403.72,-0.7323,1.2077
403.72,2.7177,1.5577
403.72,2.9677,-0.2423
403.72,-0.3323,1.1577
403.72,-2.2323,1.2077
406.95,1.7677,-2.1423
406.95,1.2177,-1.9923
406.95,3.7177,-0.5923
406.95,3.7177,0.6577
406.95,2.8177,1.1077
406.95,0.4677,2.2077
406.95,1.9177,1.9577
406.95,1.7677,2.8077
406.95,-0.1323,-1.6423
406.95,3.3677,0.2077
406.95,-2.6323,0.5077
406.95,0.9677,-1.9923
406.95,0.5177,-1.9423
406.95,0.6677,-1.9923
406.95,-0.4323,-1.5423
406.95,0.4177,-1.6423
406.95,2.7177,-1.0923
406.95,0.4177,2.6577
406.95,2.8677,-0.9423
406.95,-3.0823,-0.0923
406.95,2.2177,1.7077
406.95,1.3677,1.9077
406.95,1.9677,-1.9923
406.95,2.4677,-1.1423
406.95,-3.0823,0.3077
406.95,-0.7323,1.2077
406.95,2.7177,1.5577
406.95,2.9677,-0.2423
406.95,-0.3323,1.1577
406.95,-2.2323,1.2077
410.20,1.7677,-2.1423
410.20,1.2177,-1.9923
410.20,3.7177,-0.5923
410.20,3.7177,0.6577
410.20,2.8177,1.1077
410.20,0.4677,2.2077
410.20,1.9177,1.9577
410.20,1.7677,2.8077
410.20,-0.1323,-1.6423
410.20,3.3677,0.2077
410.20,-2.6323,0.5077
410.20,0.9677,-1.9923
410.20,0.5177,-1.9423
410.20,0.6677,-1.9923
410.20,-0.4323,-1.5423
410.20,0.4177,-1.6423
410.20,2.7177,-1.0923
410.20,0.4177,2.6577
410.20,2.8677,-0.9423
410.20,-3.0823,-0.0923
410.20,2.2177,1.7077
410.20,1.3677,1.9077
410.20,1.9677,-1.9923
410.20,2.4677,-1.1423
410.20,-3.0823,0.3077
410.20,-0.7323,1.2077
410.20,2.7177,1.5577
410.20,2.9677,-0.2423
410.20,-0.3323,1.1577
410.20,-2.2323,1.2077
413.88,1.7677,-2.1423
413.88,1.2177,-1.9923
413.88,3.7177,-0.5923
413.88,3.7177,0.6577
413.88,2.8177,1.1077
413.88,0.4677,2.2077
413.88,1.9177,1.9577
413.88,1.7677,2.8077
413.88,-0.1323,-1.6423
413.88,3.3677,0.2077
413.88,-2.6323,0.5077
413.88,0.9677,-1.9923
413.88,0.5177,-1.9423
413.88,0.6677,-1.9923
413.88,-0.4323,-1.5423
413.88,0.4177,-1.6423
413.88,2.7177,-1.0923
413.88,0.4177,2.6577
413.88,2.8677,-0.9423
413.88,-3.0823,-0.0923
413.88,2.2177,1.7077
413.88,1.3677,1.9077
413.88,1.9677,-1.9923
413.88,2.4677,-1.1423
413.88,-3.0823,0.3077
413.88,-0.7323,1.2077
413.88,2.7177,1.5577
413.88,2.9677,-0.2423
413.88,-0.3323,1.1577
413.88,-2.2323,1.2077
417.58,1.7677,-2.1423
417.58,1.2177,-1.9923
417.58,3.7177,-0.5923
417.58,3.7177,0.6577
417.58,2.8177,1.1077
417.58,0.4677,2.2077
417.58,1.9177,1.9577
417.58,1.7677,2.8077
417.58,-0.1323,-1.6423
417.58,3.3677,0.2077
417.58,-2.6323,0.5077
417.58,0.9677,-1.9923
417.58,0.5177,-1.9423
417.58,0.6677,-1.9923
417.58,-0.4323,-1.5423
417.58,0.4177,-1.6423
417.58,2.7177,-1.0923
417.58,0.4177,2.6577
417.58,2.8677,-0.9423
417.58,-3.0823,-0.0923
417.58,2.2177,1.7077
417.58,1.3677,1.9077
417.58,1.9677,-1.9923
417.58,2.4677,-1.1423
417.58,-3.0823,0.3077
417.58,-0.7323,1.2077
417.58,2.7177,1.5577
417.58,2.9677,-0.2423
417.58,-0.3323,1.1577
417.58,-2.2323,1.2077
420.74,1.7677,-2.1423
420.74,1.2177,-1.9923
420.74,3.7177,-0.5923
420.74,3.7177,0.6577
420.74,2.8177,1.1077
420.74,0.4677,2.2077
420.74,1.9177,1.9577
420.74,1.7677,2.8077
420.74,-0.1323,-1.6423
420.74,3.3677,0.2077
420.74,-2.6323,0.5077
420.74,0.9677,-1.9923
420.74,0.5177,-1.9423
420.74,0.6677,-1.9923
420.74,-0.4323,-1.5423
420.74,0.4177,-1.6423
420.74,2.7177,-1.0923
420.74,0.4177,2.6577
420.74,2.8677,-0.9423
420.74,-3.0823,-0.0923
420.74,2.2177,1.7077
420.74,1.3677,1.9077
420.74,1.9677,-1.9923
420.74,2.4677,-1.1423
420.74,-3.0823,0.3077
420.74,-0.7323,1.2077
420.74,2.7177,1.5577
420.74,2.9677,-0.2423
420.74,-0.3323,1.1577
420.74,-2.2323,1.2077
423.86,1.7677,-2.1423
423.86,1.2177,-1.9923
423.86,3.7177,-0.5923
423.86,3.7177,0.6577
423.86,2.8177,1.1077
423.86,0.4677,2.2077
423.86,1.9177,1.9577
423.86,1.7677,2.8077
423.86,-0.1323,-1.6423
423.86,3.3677,0.2077
423.86,-2.6323,0.5077
423.86,0.9677,-1.9923
423.86,0.5177,-1.9423
423.86,0.6677,-1.9923
423.86,-0.4323,-1.5423
423.86,0.4177,-1.6423
423.86,2.7177,-1.0923
423.86,0.4177,2.6577
423.86,2.8677,-0.9423
423.86,-3.0823,-0.0923
423.86,2.2177,1.7077
423.86,1.3677,1.9077
423.86,1.9677,-1.9923
423.86,2.4677,-1.1423
423.86,-3.0823,0.3077
423.86,-0.7323,1.2077
423.86,2.7177,1.5577
423.86,2.9677,-0.2423
423.86,-0.3323,1.1577
423.86,-2.2323,1.2077
424.99,1.7677,-2.1423
424.99,1.2177,-1.9923
424.99,3.7177,-0.5923
424.99,3.7177,0.6577
424.99,2.8177,1.1077
424.99,0.4677,2.2077
424.99,1.9177,1.9577
424.99,1.7677,2.8077
424.99,-0.1323,-1.6423
424.99,3.3677,0.2077
424.99,-2.6323,0.5077
424.99,0.9677,-1.9923
424.99,0.5177,-1.9423
424.99,0.6677,-1.9923
424.99,-0.4323,-1.5423
424.99,0.4177,-1.6423
424.99,2.7177,-1.0923
424.99,0.4177,2.6577
424.99,2.8677,-0.9423
424.99,-3.0823,-0.0923
424.99,2.2177,1.7077
424.99,1.3677,1.9077
424.99,1.9677,-1.9923
424.99,2.4677,-1.1423
424.99,-3.0823,0.3077
424.99,-0.7323,1.2077
424.99,2.7177,1.5577
424.99,2.9677,-0.2423
424.99,-0.3323,1.1577
424.99,-2.2323,1.2077
428.00,1.7677,-2.1423
428.00,1.2177,-1.9923
428.00,3.7177,-0.5923
428.00,3.7177,0.6577
428.00,2.8177,1.1077
428.00,-0.4823,2.2577
428.00,2.1677,1.7077
428.00,0.3177,2.2077
428.00,0.7177,3.0077
428.00,1.8177,2.8577
428.00,0.2677,3.2077
428.00,-0.1323,-1.6423
428.00,3.3677,0.2077
428.00,-2.6323,0.5077
428.00,2.2177,2.0077
428.00,0.5177,-1.9423
428.00,0.6677,-1.9923
428.00,-0.4323,-1.5423
428.00,2.7677,-1.0923
428.00,0.4177,-1.6423
428.00,-3.0823,-0.0923
428.00,1.9677,-1.9923
428.00,-3.0823,0.3077
428.00,-0.7323,1.2077
428.00,2.7177,1.5577
428.00,0.9677,-1.8923
428.00,2.9677,-0.2423
428.00,-0.3323,1.1577
428.00,-2.2323,1.2077
428.00,2.8677,1.4577
432.35,1.7677,-2.1423
432.35,1.2177,-1.9923
432.35,3.7177,-0.5923
432.35,3.7177,0.6577
432.35,2.8177,1.1077
432.35,-0.4823,2.2577
432.35,2.1677,1.7077
432.35,0.3177,2.2077
432.35,0.7177,3.0077
432.35,1.8177,2.8577
432.35,0.2677,3.2077
432.35,-0.1323,-1.6423
432.35,3.3677,0.2077
432.35,-2.6323,0.5077
432.35,2.2177,2.0077
432.35,0.5177,-1.9423
432.35,0.6677,-1.9923
432.35,-0.4323,-1.5423
432.35,2.7677,-1.0923
432.35,0.4177,-1.6423
432.35,-3.0823,-0.0923
432.35,1.9677,-1.9923
432.35,-3.0823,0.3077
432.35,-0.7323,1.2077
432.35,2.7177,1.5577
432.35,0.9677,-1.8923
432.35,2.9677,-0.2423
432.35,-0.3323,1.1577
432.35,-2.2323,1.2077
432.35,2.8677,1.4577
436.01,1.7677,-2.1423
436.01,1.2177,-1.9923
436.01,3.7177,-0.5923
436.01,3.7177,0.6577
436.01,2.8177,1.1077
436.01,-0.4823,2.2577
436.01,2.1677,1.7077
436.01,0.3177,2.2077
436.01,0.7177,3.0077
436.01,1.8177,2.8577
436.01,0.2677,3.2077
436.01,-0.1323,-1.6423
436.01,3.3677,0.2077
436.01,-2.6323,0.5077
436.01,2.2177,2.0077
436.01,0.5177,-1.9423
436.01,0.6677,-1.9923
436.01,-0.4323,-1.5423
436.01,2.7677,-1.0923
436.01,0.4177,-1.6423
436.01,-3.0823,-0.0923
436.01,1.9677,-1.9923
436.01,-3.0823,0.3077
436.01,-0.7323,1.2077
436.01,2.7177,1.5577
436.01,0.9677,-1.8923
436.01,2.9677,-0.2423
436.01,-0.3323,1.1577
436.01,-2.2323,1.2077
436.01,2.8677,1.4577
439.19,1.7677,-2.1423
439.19,1.2177,-1.9923
439.19,3.7177,-0.5923
439.19,3.7177,0.6577
439.19,2.8177,1.1077
439.19,-0.4823,2.2577
439.19,2.1677,1.7077
439.19,0.3177,2.2077
439.19,0.7177,3.0077
439.19,1.8177,2.8577
439.19,0.2677,3.2077
439.19,-0.1323,-1.6423
439.19,3.3677,0.2077
439.19,-2.6323,0.5077
439.19,2.2177,2.0077
439.19,0.5177,-1.9423
439.19,0.6677,-1.9923
439.19,-0.4323,-1.5423
439.19,2.7677,-1.0923
439.19,0.4177,-1.6423
439.19,-3.0823,-0.0923
439.19,1.9677,-1.9923
439.19,-3.0823,0.3077
439.19,-0.7323,1.2077
439.19,2.7177,1.5577
439.19,0.9677,-1.8923
439.19,2.9677,-0.2423
439.19,-0.3323,1.1577
439.19,-2.2323,1.2077
439.19,2.8677,1.4577
442.83,1.7677,-2.1423
442.83,1.2177,-1.9923
442.83,3.7177,-0.5923
442.83,3.7177,0.6577
442.83,2.8177,1.1077
442.83,-0.4823,2.2577
442.83,2.1677,1.7077
442.83,0.3177,2.2077
442.83,0.7177,3.0077
442.83,1.8177,2.8577
442.83,0.2677,3.2077
442.83,-0.1323,-1.6423
442.83,3.3677,0.2077
442.83,-2.6323,0.5077
442.83,2.2177,2.0077
442.83,0.5177,-1.9423
442.83,0.6677,-1.9923
442.83,-0.4323,-1.5423
442.83,2.7677,-1.0923
442.83,0.4177,-1.6423
442.83,-3.0823,-0.0923
442.83,1.9677,-1.9923
442.83,-3.0823,0.3077
442.83,-0.7323,1.2077
442.83,2.7177,1.5577
442.83,0.9677,-1.8923
442.83,2.9677,-0.2423
442.83,-0.3323,1.1577
442.83,-2.2323,1.2077
442.83,2.8677,1.4577
445.93,1.7677,-2.1423
445.93,1.2177,-1.9923
445.93,3.7177,-0.5923
445.93,3.7177,0.6577
445.93,2.8177,1.1077
445.93,-0.4823,2.2577
445.93,2.1677,1.7077
445.93,0.3177,2.2077
445.93,0.7177,3.0077
445.93,1.8177,2.8577
445.93,0.2677,3.2077
445.93,-0.1323,-1.6423
445.93,3.3677,0.2077
445.93,-2.6323,0.5077
445.93,2.2177,2.0077
445.93,0.5177,-1.9423
445.93,0.6677,-1.9923
445.93,-0.4323,-1.5423
445.93,2.7677,-1.0923
445.93,0.4177,-1.6423
445.93,-3.0823,-0.0923
445.93,1.9677,-1.9923
445.93,-3.0823,0.3077
445.93,-0.7323,1.2077
445.93,2.7177,1.5577
445.93,0.9677,-1.8923
445.93,2.9677,-0.2423
445.93,-0.3323,1.1577
445.93,-2.2323,1.2077
445.93,2.8677,1.4577
449.04,1.7677,-2.1423
449.04,1.2177,-1.9923
449.04,3.7177,-0.5923
449.04,3.7177,0.6577
449.04,2.8177,1.1077
449.04,-0.4823,2.2577
449.04,2.1677,1.7077
449.04,0.3177,2.2077
449.04,0.7177,3.0077
449.04,1.8177,2.8577
449.04,0.2677,3.2077
449.04,-0.1323,-1.6423
449.04,3.3677,0.2077
449.04,-2.6323,0.5077
449.04,2.2177,2.0077
449.04,0.5177,-1.9423
449.04,0.6677,-1.9923
449.04,-0.4323,-1.5423
449.04,2.7677,-1.0923
449.04,0.4177,-1.6423
449.04,-3.0823,-0.0923
449.04,1.9677,-1.9923
449.04,-3.0823,0.3077
449.04,-0.7323,1.2077
449.04,2.7177,1.5577
449.04,0.9677,-1.8923
449.04,2.9677,-0.2423
449.04,-0.3323,1.1577
449.04,-2.2323,1.2077
449.04,2.8677,1.4577
452.16,1.7677,-2.1423
452.16,1.2177,-1.9923
452.16,3.7177,-0.5923
452.16,3.7177,0.6577
452.16,2.8177,1.1077
452.16,-0.4823,2.2577
452.16,2.1677,1.7077
452.16,0.3177,2.2077
452.16,0.7177,3.0077
452.16,1.8177,2.8577
452.16,0.2677,3.2077
452.16,-0.1323,-1.6423
452.16,3.3677,0.2077
452.16,-2.6323,0.5077
452.16,2.2177,2.0077
452.16,0.5177,-1.9423
452.16,0.6677,-1.9923
452.16,-0.4323,-1.5423
452.16,2.7677,-1.0923
452.16,0.4177,-1.6423
452.16,-3.0823,-0.0923
452.16,1.9677,-1.9923
452.16,-3.0823,0.3077
452.16,-0.7323,1.2077
452.16,2.7177,1.5577
452.16,0.9677,-1.8923
452.16,2.9677,-0.2423
452.16,-0.3323,1.1577
452.16,-2.2323,1.2077
452.16,2.8677,1.4577
455.49,1.7677,-2.1423
455.49,1.2177,-1.9923
455.49,3.7177,-0.5923
455.49,3.7177,0.6577
455.49,2.8177,1.1077
455.49,-0.4823,2.2577
455.49,2.1677,1.7077
455.49,0.3177,2.2077
455.49,0.7177,3.0077
455.49,1.8177,2.8577
455.49,0.2677,3.2077
455.49,-0.1323,-1.6423
455.49,3.3677,0.2077
455.49,-2.6323,0.5077
455.49,2.2177,2.0077
455.49,0.5177,-1.9423
455.49,0.6677,-1.9923
455.49,-0.4323,-1.5423
455.49,2.7677,-1.0923
455.49,0.4177,-1.6423
455.49,-3.0823,-0.0923
455.49,1.9677,-1.9923
455.49,-3.0823,0.3077
455.49,-0.7323,1.2077
455.49,2.7177,1.5577
455.49,0.9677,-1.8923
455.49,2.9677,-0.2423
455.49,-0.3323,1.1577
455.49,-2.2323,1.2077
455.49,2.8677,1.4577
459.12,1.7677,-2.1423
459.12,1.2177,-1.9923
459.12,3.7177,-0.5923
459.12,3.7177,0.6577
459.12,2.8177,1.1077
459.12,-0.4823,2.2577
459.12,2.1677,1.7077
459.12,0.3177,2.2077
459.12,0.7177,3.0077
459.12,1.8177,2.8577
459.12,0.2677,3.2077
459.12,-0.1323,-1.6423
459.12,3.3677,0.2077
459.12,-2.6323,0.5077
459.12,2.2177,2.0077
459.12,0.5177,-1.9423
459.12,0.6677,-1.9923
459.12,-0.4323,-1.5423
459.12,2.7677,-1.0923
459.12,0.4177,-1.6423
459.12,-3.0823,-0.0923
459.12,1.9677,-1.9923
459.12,-3.0823,0.3077
459.12,-0.7323,1.2077
459.12,2.7177,1.5577
459.12,0.9677,-1.8923
459.12,2.9677,-0.2423
459.12,-0.3323,1.1577
459.12,-2.2323,1.2077
459.12,2.8677,1.4577
462.29,1.7677,-2.1423
462.29,1.2177,-1.9923
462.29,3.7177,-0.5923
462.29,3.7177,0.6577
462.29,2.8177,1.1077
462.29,-0.4823,2.2577
462.29,2.1677,1.7077
462.29,0.3177,2.2077
462.29,0.7177,3.0077
462.29,1.8177,2.8577
462.29,0.2677,3.2077
462.29,-0.1323,-1.6423
462.29,3.3677,0.2077
462.29,-2.6323,0.5077
462.29,2.2177,2.0077
462.29,0.5177,-1.9423
462.29,0.6677,-1.9923
462.29,-0.4323,-1.5423
462.29,2.7677,-1.0923
462.29,0.4177,-1.6423
462.29,-3.0823,-0.0923
462.29,1.9677,-1.9923
462.29,-3.0823,0.3077
462.29,-0.7323,1.2077
462.29,2.7177,1.5577
462.29,0.9677,-1.8923
462.29,2.9677,-0.2423
462.29,-0.3323,1.1577
462.29,-2.2323,1.2077
462.29,2.8677,1.4577
463.54,1.7677,-2.1423
463.54,1.2177,-1.9923
463.54,3.7177,-0.5923
463.54,3.7177,0.6577
463.54,2.8177,1.1077
463.54,-0.4823,2.2577
463.54,2.1677,1.7077
463.54,0.3177,2.2077
463.54,0.7177,3.0077
463.54,1.8177,2.8577
463.54,0.2677,3.2077
463.54,-0.1323,-1.6423
463.54,3.3677,0.2077
463.54,-2.6323,0.5077
463.54,2.2177,2.0077
463.54,0.5177,-1.9423
463.54,0.6677,-1.9923
463.54,-0.4323,-1.5423
463.54,2.7677,-1.0923
463.54,0.4177,-1.6423
463.54,-3.0823,-0.0923
463.54,1.9677,-1.9923
463.54,-3.0823,0.3077
463.54,-0.7323,1.2077
463.54,2.7177,1.5577
463.54,0.9677,-1.8923
463.54,2.9677,-0.2423
463.54,-0.3323,1.1577
463.54,-2.2323,1.2077
463.54,2.8677,1.4577
465.28,1.7677,-2.1423
465.28,1.2177,-1.9923
465.28,3.7177,-0.5923
465.28,3.7177,0.6577
465.28,2.8177,1.1077
465.28,-0.4823,2.2577
465.28,2.1677,1.7077
465.28,0.3177,2.2077
465.28,0.7177,3.0077
465.28,1.8177,2.8577
465.28,0.2677,3.2077
465.28,-0.1323,-1.6423
465.28,3.3677,0.2077
465.28,-2.6323,0.5077
465.28,2.2177,2.0077
465.28,0.5177,-1.9423
465.28,0.6677,-1.9923
465.28,-0.4323,-1.5423
465.28,2.7677,-1.0923
465.28,0.4177,-1.6423
465.28,-3.0823,-0.0923
465.28,1.9677,-1.9923
465.28,-3.0823,0.3077
465.28,-0.7323,1.2077
465.28,2.7177,1.5577
465.28,0.9677,-1.8923
465.28,2.9677,-0.2423
465.28,-0.3323,1.1577
465.28,-2.2323,1.2077
465.28,2.8677,1.4577
467.05,1.7677,-2.1423
467.05,1.2177,-1.9923
467.05,3.8177,0.6577
467.05,2.8177,1.1077
467.05,-0.0823,1.2577
467.05,2.1677,1.7077
467.05,-0.5823,2.4577
467.05,1.8177,2.8577
467.05,0.7177,3.1077
467.05,0.2177,3.2077
467.05,-0.1323,-1.6423
467.05,3.3677,0.2077
467.05,3.7677,-0.5923
467.05,3.2177,0.4077
467.05,-2.6323,0.5077
467.05,2.2177,2.0077
467.05,0.5177,-1.9423
467.05,0.6677,-1.9923
467.05,-0.4323,-1.5423
467.05,2.7677,-1.0923
467.05,0.2677,2.3077
467.05,0.4177,-1.6423
467.05,-3.0823,-0.0923
467.05,1.9677,-1.9923
467.05,3.0177,-0.5423
467.05,-3.0823,0.3077
467.05,2.7177,1.5577
467.05,0.9677,-1.8923
467.05,2.9677,-0.2423
467.05,2.7177,0.8577
470.59,1.7677,-2.1423
470.59,1.2177,-1.9923
470.59,3.8177,0.6577
470.59,2.8177,1.1077
470.59,-0.0823,1.2577
470.59,2.1677,1.7077
470.59,-0.5823,2.4577
470.59,1.8177,2.8577
470.59,0.7177,3.1077
470.59,0.2177,3.2077
470.59,-0.1323,-1.6423
470.59,3.3677,0.2077
470.59,3.7677,-0.5923
470.59,3.2177,0.4077
470.59,-2.6323,0.5077
470.59,2.2177,2.0077
470.59,0.5177,-1.9423
470.59,0.6677,-1.9923
470.59,-0.4323,-1.5423
470.59,2.7677,-1.0923
470.59,0.2677,2.3077
470.59,0.4177,-1.6423
470.59,-3.0823,-0.0923
470.59,1.9677,-1.9923
470.59,3.0177,-0.5423
470.59,-3.0823,0.3077
470.59,2.7177,1.5577
470.59,0.9677,-1.8923
470.59,2.9677,-0.2423
470.59,2.7177,0.8577
473.73,1.7677,-2.1423
473.73,1.2177,-1.9923
473.73,3.8177,0.6577
473.73,2.8177,1.1077
473.73,-0.0823,1.2577
473.73,2.1677,1.7077
473.73,-0.5823,2.4577
473.73,1.8177,2.8577
473.73,0.7177,3.1077
473.73,0.2177,3.2077
473.73,-0.1323,-1.6423
473.73,3.3677,0.2077
473.73,3.7677,-0.5923
473.73,3.2177,0.4077
473.73,-2.6323,0.5077
473.73,2.2177,2.0077
473.73,0.5177,-1.9423
473.73,0.6677,-1.9923
473.73,-0.4323,-1.5423
473.73,2.7677,-1.0923
473.73,0.2677,2.3077
473.73,0.4177,-1.6423
473.73,-3.0823,-0.0923
473.73,1.9677,-1.9923
473.73,3.0177,-0.5423
473.73,-3.0823,0.3077
473.73,2.7177,1.5577
473.73,0.9677,-1.8923
473.73,2.9677,-0.2423
473.73,2.7177,0.8577
476.90,1.7677,-2.1423
476.90,1.2177,-1.9923
476.90,3.8177,0.6577
476.90,2.8177,1.1077
476.90,-0.0823,1.2577
476.90,2.1677,1.7077
476.90,-0.5823,2.4577
476.90,1.8177,2.8577
476.90,0.7177,3.1077
476.90,0.2177,3.2077
476.90,-0.1323,-1.6423
476.90,3.3677,0.2077
476.90,3.7677,-0.5923
476.90,3.2177,0.4077
476.90,-2.6323,0.5077
476.90,2.2177,2.0077
476.90,0.5177,-1.9423
476.90,0.6677,-1.9923
476.90,-0.4323,-1.5423
476.90,2.7677,-1.0923
476.90,0.2677,2.3077
476.90,0.4177,-1.6423
476.90,-3.0823,-0.0923
476.90,1.9677,-1.9923
476.90,3.0177,-0.5423
476.90,-3.0823,0.3077
476.90,2.7177,1.5577
476.90,0.9677,-1.8923
476.90,2.9677,-0.2423
476.90,2.7177,0.8577
480.05,1.7677,-2.1423
480.05,1.2177,-1.9923
480.05,3.8177,0.6577
480.05,2.8177,1.1077
480.05,-0.0823,1.2577
480.05,2.1677,1.7077
480.05,-0.5823,2.4577
480.05,1.8177,2.8577
480.05,0.7177,3.1077
480.05,0.2177,3.2077
480.05,-0.1323,-1.6423
480.05,3.3677,0.2077
480.05,3.7677,-0.5923
480.05,3.2177,0.4077
480.05,-2.6323,0.5077
480.05,2.2177,2.0077
480.05,0.5177,-1.9423
480.05,0.6677,-1.9923
480.05,-0.4323,-1.5423
480.05,2.7677,-1.0923
480.05,0.2677,2.3077
480.05,0.4177,-1.6423
480.05,-3.0823,-0.0923
480.05,1.9677,-1.9923
480.05,3.0177,-0.5423
480.05,-3.0823,0.3077
480.05,2.7177,1.5577
480.05,0.9677,-1.8923
480.05,2.9677,-0.2423
480.05,2.7177,0.8577
483.55,1.7677,-2.1423
483.55,1.2177,-1.9923
483.55,3.8177,0.6577
483.55,2.8177,1.1077
483.55,-0.0823,1.2577
483.55,2.1677,1.7077
483.55,-0.5823,2.4577
483.55,1.8177,2.8577
483.55,0.7177,3.1077
483.55,0.2177,3.2077
483.55,-0.1323,-1.6423
483.55,3.3677,0.2077
483.55,3.7677,-0.5923
483.55,3.2177,0.4077
483.55,-2.6323,0.5077
483.55,2.2177,2.0077
483.55,0.5177,-1.9423
483.55,0.6677,-1.9923
483.55,-0.4323,-1.5423
483.55,2.7677,-1.0923
483.55,0.2677,2.3077
483.55,0.4177,-1.6423
483.55,-3.0823,-0.0923
483.55,1.9677,-1.9923
483.55,3.0177,-0.5423
483.55,-3.0823,0.3077
483.55,2.7177,1.5577
483.55,0.9677,-1.8923
483.55,2.9677,-0.2423
483.55,2.7177,0.8577
487.18,1.7677,-2.1423
487.18,1.2177,-1.9923
487.18,3.8177,0.6577
487.18,2.8177,1.1077
487.18,-0.0823,1.2577
487.18,2.1677,1.7077
487.18,-0.5823,2.4577
487.18,1.8177,2.8577
487.18,0.7177,3.1077
487.18,0.2177,3.2077
487.18,-0.1323,-1.6423
487.18,3.3677,0.2077
487.18,3.7677,-0.5923
487.18,3.2177,0.4077
487.18,-2.6323,0.5077
487.18,2.2177,2.0077
487.18,0.5177,-1.9423
487.18,0.6677,-1.9923
487.18,-0.4323,-1.5423
487.18,2.7677,-1.0923
487.18,0.2677,2.3077
487.18,0.4177,-1.6423
487.18,-3.0823,-0.0923
487.18,1.9677,-1.9923
487.18,3.0177,-0.5423
487.18,-3.0823,0.3077
487.18,2.7177,1.5577
487.18,0.9677,-1.8923
487.18,2.9677,-0.2423
487.18,2.7177,0.8577
490.27,1.7677,-2.1423
490.27,1.2177,-1.9923
490.27,3.8177,0.6577
490.27,2.8177,1.1077
490.27,-0.0823,1.2577
490.27,2.1677,1.7077
490.27,-0.5823,2.4577
490.27,1.8177,2.8577
490.27,0.7177,3.1077
490.27,0.2177,3.2077
490.27,-0.1323,-1.6423
490.27,3.3677,0.2077
490.27,3.7677,-0.5923
490.27,3.2177,0.4077
490.27,-2.6323,0.5077
490.27,2.2177,2.0077
490.27,0.5177,-1.9423
490.27,0.6677,-1.9923
490.27,-0.4323,-1.5423
490.27,2.7677,-1.0923
490.27,0.2677,2.3077
490.27,0.4177,-1.6423
490.27,-3.0823,-0.0923
490.27,1.9677,-1.9923
490.27,3.0177,-0.5423
490.27,-3.0823,0.3077
490.27,2.7177,1.5577
490.27,0.9677,-1.8923
490.27,2.9677,-0.2423
490.27,2.7177,0.8577
493.37,1.7677,-2.1423
493.37,1.2177,-1.9923
493.37,3.8177,0.6577
493.37,2.8177,1.1077
493.37,-0.0823,1.2577
493.37,2.1677,1.7077
493.37,-0.5823,2.4577
493.37,1.8177,2.8577
493.37,0.7177,3.1077
493.37,0.2177,3.2077
493.37,-0.1323,-1.6423
493.37,3.3677,0.2077
493.37,3.7677,-0.5923
493.37,3.2177,0.4077
493.37,-2.6323,0.5077
493.37,2.2177,2.0077
493.37,0.5177,-1.9423
493.37,0.6677,-1.9923
493.37,-0.4323,-1.5423
493.37,2.7677,-1.0923
493.37,0.2677,2.3077
493.37,0.4177,-1.6423
493.37,-3.0823,-0.0923
493.37,1.9677,-1.9923
493.37,3.0177,-0.5423
493.37,-3.0823,0.3077
493.37,2.7177,1.5577
493.37,0.9677,-1.8923
493.37,2.9677,-0.2423
493.37,2.7177,0.8577
496.57,1.7677,-2.1423
496.57,1.2177,-1.9923
496.57,3.8177,0.6577
496.57,2.8177,1.1077
496.57,-0.0823,1.2577
496.57,2.1677,1.7077
496.57,-0.5823,2.4577
496.57,1.8177,2.8577
496.57,0.7177,3.1077
496.57,0.2177,3.2077
496.57,-0.1323,-1.6423
496.57,3.3677,0.2077
496.57,3.7677,-0.5923
496.57,3.2177,0.4077
496.57,-2.6323,0.5077
496.57,2.2177,2.0077
496.57,0.5177,-1.9423
496.57,0.6677,-1.9923
496.57,-0.4323,-1.5423
496.57,2.7677,-1.0923
496.57,0.2677,2.3077
496.57,0.4177,-1.6423
496.57,-3.0823,-0.0923
496.57,1.9677,-1.9923
496.57,3.0177,-0.5423
496.57,-3.0823,0.3077
496.57,2.7177,1.5577
496.57,0.9677,-1.8923
496.57,2.9677,-0.2423
496.57,2.7177,0.8577
499.66,1.7677,-2.1423
499.66,1.2177,-1.9923
499.66,3.8177,0.6577
499.66,2.8177,1.1077
499.66,-0.0823,1.2577
499.66,2.1677,1.7077
499.66,-0.5823,2.4577
499.66,1.8177,2.8577
499.66,0.7177,3.1077
499.66,0.2177,3.2077
499.66,-0.1323,-1.6423
499.66,3.3677,0.2077
499.66,3.7677,-0.5923
499.66,3.2177,0.4077
499.66,-2.6323,0.5077
499.66,2.2177,2.0077
499.66,0.5177,-1.9423
499.66,0.6677,-1.9923
499.66,-0.4323,-1.5423
499.66,2.7677,-1.0923
499.66,0.2677,2.3077
499.66,0.4177,-1.6423
499.66,-3.0823,-0.0923
499.66,1.9677,-1.9923
499.66,3.0177,-0.5423
499.66,-3.0823,0.3077
499.66,2.7177,1.5577
499.66,0.9677,-1.8923
499.66,2.9677,-0.2423
499.66,2.7177,0.8577
502.73,1.7677,-2.1423
502.73,1.2177,-1.9923
502.73,3.8177,0.6577
502.73,2.8177,1.1077
502.73,-0.0823,1.2577
502.73,2.1677,1.7077
502.73,-0.5823,2.4577
502.73,1.8177,2.8577
502.73,0.7177,3.1077
502.73,0.2177,3.2077
502.73,-0.1323,-1.6423
502.73,3.3677,0.2077
502.73,3.7677,-0.5923
502.73,3.2177,0.4077
502.73,-2.6323,0.5077
502.73,2.2177,2.0077
502.73,0.5177,-1.9423
502.73,0.6677,-1.9923
502.73,-0.4323,-1.5423
502.73,2.7677,-1.0923
502.73,0.2677,2.3077
502.73,0.4177,-1.6423
502.73,-3.0823,-0.0923
502.73,1.9677,-1.9923
502.73,3.0177,-0.5423
502.73,-3.0823,0.3077
502.73,2.7177,1.5577
502.73,0.9677,-1.8923
502.73,2.9677,-0.2423
502.73,2.7177,0.8577
505.81,1.7677,-2.1423
505.81,1.2177,-1.9923
505.81,3.8177,0.6577
505.81,2.8177,1.1077
505.81,-0.0823,1.2577
505.81,2.1677,1.7077
505.81,-0.5823,2.4577
505.81,1.8177,2.8577
505.81,0.7177,3.1077
505.81,0.2177,3.2077
505.81,-0.1323,-1.6423
505.81,3.3677,0.2077
505.81,3.7677,-0.5923
505.81,3.2177,0.4077
505.81,-2.6323,0.5077
505.81,2.2177,2.0077
505.81,0.5177,-1.9423
505.81,0.6677,-1.9923
505.81,-0.4323,-1.5423
505.81,2.7677,-1.0923
505.81,0.2677,2.3077
505.81,0.4177,-1.6423
505.81,-3.0823,-0.0923
505.81,1.9677,-1.9923
505.81,3.0177,-0.5423
505.81,-3.0823,0.3077
505.81,2.7177,1.5577
505.81,0.9677,-1.8923
505.81,2.9677,-0.2423
505.81,2.7177,0.8577
506.97,1.7677,-2.1423
506.97,1.2177,-1.9923
506.97,3.8177,0.6577
506.97,2.8177,1.1077
506.97,-0.0823,1.2577
506.97,2.1677,1.7077
506.97,-0.5823,2.4577
506.97,1.8177,2.8577
506.97,0.7177,3.1077
506.97,0.2177,3.2077
506.97,-0.1323,-1.6423
506.97,3.3677,0.2077
506.97,3.7677,-0.5923
506.97,3.2177,0.4077
506.97,-2.6323,0.5077
506.97,2.2177,2.0077
506.97,0.5177,-1.9423
506.97,0.6677,-1.9923
506.97,-0.4323,-1.5423
506.97,2.7677,-1.0923
506.97,0.2677,2.3077
506.97,0.4177,-1.6423
506.97,-3.0823,-0.0923
506.97,1.9677,-1.9923
506.97,3.0177,-0.5423
506.97,-3.0823,0.3077
506.97,2.7177,1.5577
506.97,0.9677,-1.8923
506.97,2.9677,-0.2423
506.97,2.7177,0.8577
508.82,1.7677,-2.1348
508.82,1.2677,-1.9848
508.82,-0.4823,-1.4848
508.82,2.7677,-1.0348
508.82,3.8177,0.6652
508.82,2.8177,1.1152
508.82,2.2177,1.6652
508.82,-0.6823,2.5652
508.82,1.8177,2.8652
508.82,0.7177,3.1152
508.82,0.3677,3.2152
508.82,0.1177,3.2152
508.82,-0.1323,-1.6348
508.82,3.3677,0.2152
508.82,2.7177,1.4652
508.82,-2.6323,0.5152
508.82,2.2177,2.0152
508.82,0.6677,-1.9848
508.82,0.5177,-1.9348
508.82,3.3677,0.4652
508.82,-0.1823,2.0152
508.82,0.2677,2.3152
508.82,0.4177,-1.6348
508.82,-3.0823,-0.0848
508.82,1.9677,-1.9848
508.82,2.9677,-0.2848
508.82,4.0177,0.5152
508.82,-0.3323,1.2152
508.82,-0.1823,1.4152
508.82,0.9677,-1.8848
510.67,-1.1823,-2.0375
510.67,1.7677,-2.1875
510.67,1.2677,-1.9875
510.67,-0.4323,-1.5375
510.67,-1.9323,-1.2875
510.67,2.8177,-1.0875
510.67,3.8177,0.6625
510.67,2.8677,1.1125
510.67,-0.6323,2.5125
510.67,1.8177,2.8625
510.67,0.7177,3.1125
510.67,0.3677,3.1625
510.67,0.1177,3.2125
510.67,-0.1323,-1.6375
510.67,3.3677,0.2125
510.67,2.6677,1.5125
510.67,-2.6323,0.5125
510.67,2.2677,1.6125
510.67,0.6677,-1.9875
510.67,0.5177,-1.9375
510.67,0.2677,2.3125
510.67,0.4177,-1.6375
510.67,-3.0823,-0.0875
510.67,-3.0823,0.3125
510.67,1.9677,-1.9875
510.67,-2.1823,-1.1375
510.67,3.0177,-0.5375
510.67,-0.1823,1.4125
510.67,0.9677,-1.8875
510.67,2.9677,-0.2375
514.53,-1.1823,-2.0375
514.53,1.7677,-2.1875
514.53,1.2677,-1.9875
514.53,-0.4323,-1.5375
514.53,-1.9323,-1.2875
514.53,2.8177,-1.0875
514.53,3.8177,0.6625
514.53,2.8677,1.1125
514.53,-0.6323,2.5125
514.53,1.8177,2.8625
514.53,0.7177,3.1125
514.53,0.3677,3.1625
514.53,0.1177,3.2125
514.53,-0.1323,-1.6375
514.53,3.3677,0.2125
514.53,2.6677,1.5125
514.53,-2.6323,0.5125
514.53,2.2677,1.6125
514.53,0.6677,-1.9875
514.53,0.5177,-1.9375
514.53,0.2677,2.3125
514.53,0.4177,-1.6375
514.53,-3.0823,-0.0875
514.53,-3.0823,0.3125
514.53,1.9677,-1.9875
514.53,-2.1823,-1.1375
514.53,3.0177,-0.5375
514.53,-0.1823,1.4125
514.53,0.9677,-1.8875
514.53,2.9677,-0.2375
517.61,-1.1823,-2.0375
517.61,1.7677,-2.1875
517.61,1.2677,-1.9875
517.61,-0.4323,-1.5375
517.61,-1.9323,-1.2875
517.61,2.8177,-1.0875
517.61,3.8177,0.6625
517.61,2.8677,1.1125
517.61,-0.6323,2.5125
517.61,1.8177,2.8625
517.61,0.7177,3.1125
517.61,0.3677,3.1625
517.61,0.1177,3.2125
517.61,-0.1323,-1.6375
517.61,3.3677,0.2125
517.61,2.6677,1.5125
517.61,-2.6323,0.5125
517.61,2.2677,1.6125
517.61,0.6677,-1.9875
517.61,0.5177,-1.9375
517.61,0.2677,2.3125
517.61,0.4177,-1.6375
517.61,-3.0823,-0.0875
517.61,-3.0823,0.3125
517.61,1.9677,-1.9875
517.61,-2.1823,-1.1375
517.61,3.0177,-0.5375
517.61,-0.1823,1.4125
517.61,0.9677,-1.8875
517.61,2.9677,-0.2375
520.75,-1.1823,-2.0375
520.75,1.7677,-2.1875
520.75,1.2677,-1.9875
520.75,-0.4323,-1.5375
520.75,-1.9323,-1.2875
520.75,2.8177,-1.0875
520.75,3.8177,0.6625
520.75,2.8677,1.1125
520.75,-0.6323,2.5125
520.75,1.8177,2.8625
520.75,0.7177,3.1125
520.75,0.3677,3.1625
520.75,0.1177,3.2125
520.75,-0.1323,-1.6375
520.75,3.3677,0.2125
520.75,2.6677,1.5125
520.75,-2.6323,0.5125
520.75,2.2677,1.6125
520.75,0.6677,-1.9875
520.75,0.5177,-1.9375
520.75,0.2677,2.3125
520.75,0.4177,-1.6375
520.75,-3.0823,-0.0875
520.75,-3.0823,0.3125
520.75,1.9677,-1.9875
520.75,-2.1823,-1.1375
520.75,3.0177,-0.5375
520.75,-0.1823,1.4125
520.75,0.9677,-1.8875
520.75,2.9677,-0.2375
523.83,-1.1823,-2.0375
523.83,1.7677,-2.1875
523.83,1.2677,-1.9875
523.83,-0.4323,-1.5375
523.83,-1.9323,-1.2875
523.83,2.8177,-1.0875
523.83,3.8177,0.6625
523.83,2.8677,1.1125
523.83,-0.6323,2.5125
523.83,1.8177,2.8625
523.83,0.7177,3.1125
523.83,0.3677,3.1625
523.83,0.1177,3.2125
523.83,-0.1323,-1.6375
523.83,3.3677,0.2125
523.83,2.6677,1.5125
523.83,-2.6323,0.5125
523.83,2.2677,1.6125
523.83,0.6677,-1.9875
523.83,0.5177,-1.9375
523.83,0.2677,2.3125
523.83,0.4177,-1.6375
523.83,-3.0823,-0.0875
523.83,-3.0823,0.3125
523.83,1.9677,-1.9875
523.83,-2.1823,-1.1375
523.83,3.0177,-0.5375
523.83,-0.1823,1.4125
523.83,0.9677,-1.8875
523.83,2.9677,-0.2375
527.91,-1.1823,-2.0375
527.91,1.7677,-2.1875
527.91,1.2677,-1.9875
527.91,-0.4323,-1.5375
527.91,-1.9323,-1.2875
527.91,2.8177,-1.0875
527.91,3.8177,0.6625
527.91,2.8677,1.1125
527.91,-0.6323,2.5125
527.91,1.8177,2.8625
527.91,0.7177,3.1125
527.91,0.3677,3.1625
527.91,0.1177,3.2125
527.91,-0.1323,-1.6375
527.91,3.3677,0.2125
527.91,2.6677,1.5125
527.91,-2.6323,0.5125
527.91,2.2677,1.6125
527.91,0.6677,-1.9875
527.91,0.5177,-1.9375
527.91,0.2677,2.3125
527.91,0.4177,-1.6375
527.91,-3.0823,-0.0875
527.91,-3.0823,0.3125
527.91,1.9677,-1.9875
527.91,-2.1823,-1.1375
527.91,3.0177,-0.5375
527.91,-0.1823,1.4125
527.91,0.9677,-1.8875
527.91,2.9677,-0.2375
531.03,-1.1823,-2.0375
531.03,1.7677,-2.1875
531.03,1.2677,-1.9875
531.03,-0.4323,-1.5375
531.03,-1.9323,-1.2875
531.03,2.8177,-1.0875
531.03,3.8177,0.6625
531.03,2.8677,1.1125
531.03,-0.6323,2.5125
531.03,1.8177,2.8625
531.03,0.7177,3.1125
531.03,0.3677,3.1625
531.03,0.1177,3.2125
531.03,-0.1323,-1.6375
531.03,3.3677,0.2125
531.03,2.6677,1.5125
531.03,-2.6323,0.5125
531.03,2.2677,1.6125
531.03,0.6677,-1.9875
531.03,0.5177,-1.9375
531.03,0.2677,2.3125
531.03,0.4177,-1.6375
531.03,-3.0823,-0.0875
531.03,-3.0823,0.3125
531.03,1.9677,-1.9875
531.03,-2.1823,-1.1375
531.03,3.0177,-0.5375
531.03,-0.1823,1.4125
531.03,0.9677,-1.8875
531.03,2.9677,-0.2375
534.15,-1.1823,-2.0375
534.15,1.7677,-2.1875
534.15,1.2677,-1.9875
534.15,-0.4323,-1.5375
534.15,-1.9323,-1.2875
534.15,2.8177,-1.0875
534.15,3.8177,0.6625
534.15,2.8677,1.1125
534.15,-0.6323,2.5125
534.15,1.8177,2.8625
534.15,0.7177,3.1125
534.15,0.3677,3.1625
534.15,0.1177,3.2125
534.15,-0.1323,-1.6375
534.15,3.3677,0.2125
534.15,2.6677,1.5125
534.15,-2.6323,0.5125
534.15,2.2677,1.6125
534.15,0.6677,-1.9875
534.15,0.5177,-1.9375
534.15,0.2677,2.3125
534.15,0.4177,-1.6375
534.15,-3.0823,-0.0875
534.15,-3.0823,0.3125
534.15,1.9677,-1.9875
534.15,-2.1823,-1.1375
534.15,3.0177,-0.5375
534.15,-0.1823,1.4125
534.15,0.9677,-1.8875
534.15,2.9677,-0.2375
537.24,-1.1823,-2.0375
537.24,1.7677,-2.1875
537.24,1.2677,-1.9875
537.24,-0.4323,-1.5375
537.24,-1.9323,-1.2875
537.24,2.8177,-1.0875
537.24,3.8177,0.6625
537.24,2.8677,1.1125
537.24,-0.6323,2.5125
537.24,1.8177,2.8625
537.24,0.7177,3.1125
537.24,0.3677,3.1625
537.24,0.1177,3.2125
537.24,-0.1323,-1.6375
537.24,3.3677,0.2125
537.24,2.6677,1.5125
537.24,-2.6323,0.5125
537.24,2.2677,1.6125
537.24,0.6677,-1.9875
537.24,0.5177,-1.9375
537.24,0.2677,2.3125
537.24,0.4177,-1.6375
537.24,-3.0823,-0.0875
537.24,-3.0823,0.3125
537.24,1.9677,-1.9875
537.24,-2.1823,-1.1375
537.24,3.0177,-0.5375
537.24,-0.1823,1.4125
537.24,0.9677,-1.8875
537.24,2.9677,-0.2375
540.81,-1.1823,-2.0375
540.81,1.7677,-2.1875
540.81,1.2677,-1.9875
540.81,-0.4323,-1.5375
540.81,-1.9323,-1.2875
540.81,2.8177,-1.0875
540.81,3.8177,0.6625
540.81,2.8677,1.1125
540.81,-0.6323,2.5125
540.81,1.8177,2.8625
540.81,0.7177,3.1125
540.81,0.3677,3.1625
540.81,0.1177,3.2125
540.81,-0.1323,-1.6375
540.81,3.3677,0.2125
540.81,2.6677,1.5125
540.81,-2.6323,0.5125
540.81,2.2677,1.6125
540.81,0.6677,-1.9875
540.81,0.5177,-1.9375
540.81,0.2677,2.3125
540.81,0.4177,-1.6375
540.81,-3.0823,-0.0875
540.81,-3.0823,0.3125
540.81,1.9677,-1.9875
540.81,-2.1823,-1.1375
540.81,3.0177,-0.5375
540.81,-0.1823,1.4125
540.81,0.9677,-1.8875
540.81,2.9677,-0.2375
543.93,-1.1823,-2.0375
543.93,1.7677,-2.1875
543.93,1.2677,-1.9875
543.93,-0.4323,-1.5375
543.93,-1.9323,-1.2875
543.93,2.8177,-1.0875
543.93,3.8177,0.6625
543.93,2.8677,1.1125
543.93,-0.6323,2.5125
543.93,1.8177,2.8625
543.93,0.7177,3.1125
543.93,0.3677,3.1625
543.93,0.1177,3.2125
543.93,-0.1323,-1.6375
543.93,3.3677,0.2125
543.93,2.6677,1.5125
543.93,-2.6323,0.5125
543.93,2.2677,1.6125
543.93,0.6677,-1.9875
543.93,0.5177,-1.9375
543.93,0.2677,2.3125
543.93,0.4177,-1.6375
543.93,-3.0823,-0.0875
543.93,-3.0823,0.3125
543.93,1.9677,-1.9875
543.93,-2.1823,-1.1375
543.93,3.0177,-0.5375
543.93,-0.1823,1.4125
543.93,0.9677,-1.8875
543.93,2.9677,-0.2375
547.08,-1.1823,-2.0375
547.08,1.7677,-2.1875
547.08,1.2677,-1.9875
547.08,-0.4323,-1.5375
547.08,-1.9323,-1.2875
547.08,2.8177,-1.0875
547.08,3.8177,0.6625
547.08,2.8677,1.1125
547.08,-0.6323,2.5125
547.08,1.8177,2.8625
547.08,0.7177,3.1125
547.08,0.3677,3.1625
547.08,0.1177,3.2125
547.08,-0.1323,-1.6375
547.08,3.3677,0.2125
547.08,2.6677,1.5125
547.08,-2.6323,0.5125
547.08,2.2677,1.6125
547.08,0.6677,-1.9875
547.08,0.5177,-1.9375
547.08,0.2677,2.3125
547.08,0.4177,-1.6375
547.08,-3.0823,-0.0875
547.08,-3.0823,0.3125
547.08,1.9677,-1.9875
547.08,-2.1823,-1.1375
547.08,3.0177,-0.5375
547.08,-0.1823,1.4125
547.08,0.9677,-1.8875
547.08,2.9677,-0.2375
550.17,-1.1823,-2.0375
550.17,1.7677,-2.1875
550.17,1.2677,-1.9875
550.17,-0.4323,-1.5375
550.17,-1.9323,-1.2875
550.17,2.8177,-1.0875
550.17,3.8177,0.6625
550.17,2.8677,1.1125
550.17,-0.6323,2.5125
550.17,1.8177,2.8625
550.17,0.7177,3.1125
550.17,0.3677,3.1625
550.17,0.1177,3.2125
550.17,-0.1323,-1.6375
550.17,3.3677,0.2125
550.17,2.6677,1.5125
550.17,-2.6323,0.5125
550.17,2.2677,1.6125
550.17,0.6677,-1.9875
550.17,0.5177,-1.9375
550.17,0.2677,2.3125
550.17,0.4177,-1.6375
550.17,-3.0823,-0.0875
550.17,-3.0823,0.3125
550.17,1.9677,-1.9875
550.17,-2.1823,-1.1375
550.17,3.0177,-0.5375
550.17,-0.1823,1.4125
550.17,0.9677,-1.8875
550.17,2.9677,-0.2375
553.21,-1.1823,-2.0375
553.21,1.7677,-2.1875
553.21,1.2677,-1.9875
553.21,-0.4323,-1.5375
553.21,-1.9323,-1.2875
553.21,2.8177,-1.0875
553.21,3.2677,0.2125
553.21,3.8177,0.6625
553.21,2.8677,1.1125
553.21,2.8677,1.6625
553.21,-0.6323,2.5125
553.21,1.8177,2.8625
553.21,0.7177,3.1125
553.21,0.3677,3.1625
553.21,0.1177,3.2125
553.21,-0.1323,-1.6375
553.21,-2.6323,0.5125
553.21,2.2677,1.6125
553.21,0.6677,-1.9875
553.21,0.5177,-1.9375
553.21,-1.2323,1.3125
553.21,0.2677,2.3125
553.21,0.4177,-1.6375
553.21,-3.0823,-0.0875
553.21,-3.0823,0.3125
553.21,1.9677,-1.9875
553.21,-2.1823,-1.1375
553.21,3.0177,-0.5375
553.21,-0.1823,1.4125
553.21,0.9677,-1.8875
554.67,-1.1823,-2.0375
554.67,1.7677,-2.1875
554.67,1.2677,-1.9875
554.67,-0.4323,-1.5375
554.67,-1.9323,-1.2875
554.67,2.8177,-1.0875
554.67,3.2677,0.2125
554.67,3.8177,0.6625
554.67,2.8677,1.1125
554.67,2.8677,1.6625
554.67,-0.6323,2.5125
554.67,1.8177,2.8625
554.67,0.7177,3.1125
554.67,0.3677,3.1625
554.67,0.1177,3.2125
554.67,-0.1323,-1.6375
554.67,-2.6323,0.5125
554.67,2.2677,1.6125
554.67,0.6677,-1.9875
554.67,0.5177,-1.9375
554.67,-1.2323,1.3125
554.67,0.2677,2.3125
554.67,0.4177,-1.6375
554.67,-3.0823,-0.0875
554.67,-3.0823,0.3125
554.67,1.9677,-1.9875
554.67,-2.1823,-1.1375
554.67,3.0177,-0.5375
554.67,-0.1823,1.4125
554.67,0.9677,-1.8875
558.39,-1.1823,-2.0375
558.39,1.7677,-2.1875
558.39,1.2677,-1.9875
558.39,-0.4323,-1.5375
558.39,-1.9323,-1.2875
558.39,2.8177,-1.0875
558.39,3.2677,0.2125
558.39,3.8177,0.6625
558.39,2.8677,1.1125
558.39,2.8677,1.6625
558.39,-0.6323,2.5125
558.39,1.8177,2.8625
558.39,0.7177,3.1125
558.39,0.3677,3.1625
558.39,0.1177,3.2125
558.39,-0.1323,-1.6375
558.39,-2.6323,0.5125
558.39,2.2677,1.6125
558.39,0.6677,-1.9875
558.39,0.5177,-1.9375
558.39,-1.2323,1.3125
558.39,0.2677,2.3125
558.39,0.4177,-1.6375
558.39,-3.0823,-0.0875
558.39,-3.0823,0.3125
558.39,1.9677,-1.9875
558.39,-2.1823,-1.1375
558.39,3.0177,-0.5375
558.39,-0.1823,1.4125
558.39,0.9677,-1.8875
562.02,-1.1823,-2.0375
562.02,1.7677,-2.1875
562.02,1.2677,-1.9875
562.02,-0.4323,-1.5375
562.02,-1.9323,-1.2875
562.02,2.8177,-1.0875
562.02,3.2677,0.2125
562.02,3.8177,0.6625
562.02,2.8677,1.1125
562.02,2.8677,1.6625
562.02,-0.6323,2.5125
562.02,1.8177,2.8625
562.02,0.7177,3.1125
562.02,0.3677,3.1625
562.02,0.1177,3.2125
562.02,-0.1323,-1.6375
562.02,-2.6323,0.5125
562.02,2.2677,1.6125
562.02,0.6677,-1.9875
562.02,0.5177,-1.9375
562.02,-1.2323,1.3125
562.02,0.2677,2.3125
562.02,0.4177,-1.6375
562.02,-3.0823,-0.0875
562.02,-3.0823,0.3125
562.02,1.9677,-1.9875
562.02,-2.1823,-1.1375
562.02,3.0177,-0.5375
562.02,-0.1823,1.4125
562.02,0.9677,-1.8875
565.14,-1.1823,-2.0375
565.14,1.7677,-2.1875
565.14,1.2677,-1.9875
565.14,-0.4323,-1.5375
565.14,-1.9323,-1.2875
565.14,2.8177,-1.0875
565.14,3.2677,0.2125
565.14,3.8177,0.6625
565.14,2.8677,1.1125
565.14,2.8677,1.6625
565.14,-0.6323,2.5125
565.14,1.8177,2.8625
565.14,0.7177,3.1125
565.14,0.3677,3.1625
565.14,0.1177,3.2125
565.14,-0.1323,-1.6375
565.14,-2.6323,0.5125
565.14,2.2677,1.6125
565.14,0.6677,-1.9875
565.14,0.5177,-1.9375
565.14,-1.2323,1.3125
565.14,0.2677,2.3125
565.14,0.4177,-1.6375
565.14,-3.0823,-0.0875
565.14,-3.0823,0.3125
565.14,1.9677,-1.9875
565.14,-2.1823,-1.1375
565.14,3.0177,-0.5375
565.14,-0.1823,1.4125
565.14,0.9677,-1.8875
568.23,-1.1823,-2.0375
568.23,1.7677,-2.1875
568.23,1.2677,-1.9875
568.23,-0.4323,-1.5375
568.23,-1.9323,-1.2875
568.23,2.8177,-1.0875
568.23,3.2677,0.2125
568.23,3.8177,0.6625
568.23,2.8677,1.1125
568.23,2.8677,1.6625
568.23,-0.6323,2.5125
568.23,1.8177,2.8625
568.23,0.7177,3.1125
568.23,0.3677,3.1625
568.23,0.1177,3.2125
568.23,-0.1323,-1.6375
568.23,-2.6323,0.5125
568.23,2.2677,1.6125
568.23,0.6677,-1.9875
568.23,0.5177,-1.9375
568.23,-1.2323,1.3125
568.23,0.2677,2.3125
568.23,0.4177,-1.6375
568.23,-3.0823,-0.0875
568.23,-3.0823,0.3125
568.23,1.9677,-1.9875
568.23,-2.1823,-1.1375
568.23,3.0177,-0.5375
568.23,-0.1823,1.4125
568.23,0.9677,-1.8875
571.33,-1.1823,-2.0375
571.33,1.7677,-2.1875
571.33,1.2677,-1.9875
571.33,-0.4323,-1.5375
571.33,-1.9323,-1.2875
571.33,2.8177,-1.0875
571.33,3.2677,0.2125
571.33,3.8177,0.6625
571.33,2.8677,1.1125
571.33,2.8677,1.6625
571.33,-0.6323,2.5125
571.33,1.8177,2.8625
571.33,0.7177,3.1125
571.33,0.3677,3.1625
571.33,0.1177,3.2125
571.33,-0.1323,-1.6375
571.33,-2.6323,0.5125
571.33,2.2677,1.6125
571.33,0.6677,-1.9875
571.33,0.5177,-1.9375
571.33,-1.2323,1.3125
571.33,0.2677,2.3125
571.33,0.4177,-1.6375
571.33,-3.0823,-0.0875
571.33,-3.0823,0.3125
571.33,1.9677,-1.9875
571.33,-2.1823,-1.1375
571.33,3.0177,-0.5375
571.33,-0.1823,1.4125
571.33,0.9677,-1.8875
574.43,-1.1823,-2.0375
574.43,1.7677,-2.1875
574.43,1.2677,-1.9875
574.43,-0.4323,-1.5375
574.43,-1.9323,-1.2875
574.43,2.8177,-1.0875
574.43,3.2677,0.2125
574.43,3.8177,0.6625
574.43,2.8677,1.1125
574.43,2.8677,1.6625
574.43,-0.6323,2.5125
574.43,1.8177,2.8625
574.43,0.7177,3.1125
574.43,0.3677,3.1625
574.43,0.1177,3.2125
574.43,-0.1323,-1.6375
574.43,-2.6323,0.5125
574.43,2.2677,1.6125
574.43,0.6677,-1.9875
574.43,0.5177,-1.9375
574.43,-1.2323,1.3125
574.43,0.2677,2.3125
574.43,0.4177,-1.6375
574.43,-3.0823,-0.0875
574.43,-3.0823,0.3125
574.43,1.9677,-1.9875
574.43,-2.1823,-1.1375
574.43,3.0177,-0.5375
574.43,-0.1823,1.4125
574.43,0.9677,-1.8875
577.56,-1.1823,-2.0375
577.56,1.7677,-2.1875
577.56,1.2677,-1.9875
577.56,-0.4323,-1.5375
577.56,-1.9323,-1.2875
577.56,3.3677,-0.1375
577.56,3.8677,0.5125
577.56,2.8677,1.1125
577.56,2.8677,1.6625
577.56,-0.6323,2.5125
577.56,1.8177,2.8625
577.56,0.7177,3.1125
577.56,0.3677,3.1625
577.56,0.1177,3.2125
577.56,-0.1323,-1.6375
577.56,3.7177,0.7625
577.56,-2.6323,0.5125
577.56,2.2677,1.6125
577.56,0.6677,-1.9875
577.56,0.5177,-1.9375
577.56,-1.2323,1.3125
577.56,0.2677,2.3125
577.56,0.4177,-1.6375
577.56,3.0677,-0.6875
577.56,-3.0823,-0.0875
577.56,-3.0823,0.3125
577.56,1.9677,-1.9875
577.56,-2.1823,-1.1375
577.56,2.8177,-1.0875
577.56,0.9677,-1.8875
579.06,-1.1823,-2.0375
579.06,1.7677,-2.1875
579.06,1.2677,-1.9875
579.06,-0.4323,-1.5375
579.06,-1.9323,-1.2875
579.06,3.3677,-0.1375
579.06,3.8677,0.5125
579.06,2.8677,1.1125
579.06,2.8677,1.6625
579.06,-0.6323,2.5125
579.06,1.8177,2.8625
579.06,0.7177,3.1125
579.06,0.3677,3.1625
579.06,0.1177,3.2125
579.06,-0.1323,-1.6375
579.06,3.7177,0.7625
579.06,-2.6323,0.5125
579.06,2.2677,1.6125
579.06,0.6677,-1.9875
579.06,0.5177,-1.9375
579.06,-1.2323,1.3125
579.06,0.2677,2.3125
579.06,0.4177,-1.6375
579.06,3.0677,-0.6875
579.06,-3.0823,-0.0875
579.06,-3.0823,0.3125
579.06,1.9677,-1.9875
579.06,-2.1823,-1.1375
579.06,2.8177,-1.0875
579.06,0.9677,-1.8875
582.97,-1.1823,-2.0375
582.97,1.7677,-2.1875
582.97,1.2677,-1.9875
582.97,-0.4323,-1.5375
582.97,-1.9323,-1.2875
582.97,3.3677,-0.1375
582.97,3.8677,0.5125
582.97,2.8677,1.1125
582.97,2.8677,1.6625
582.97,-0.6323,2.5125
582.97,1.8177,2.8625
582.97,0.7177,3.1125
582.97,0.3677,3.1625
582.97,0.1177,3.2125
582.97,-0.1323,-1.6375
582.97,3.7177,0.7625
582.97,-2.6323,0.5125
582.97,2.2677,1.6125
582.97,0.6677,-1.9875
582.97,0.5177,-1.9375
582.97,-1.2323,1.3125
582.97,0.2677,2.3125
582.97,0.4177,-1.6375
582.97,3.0677,-0.6875
582.97,-3.0823,-0.0875
582.97,-3.0823,0.3125
582.97,1.9677,-1.9875
582.97,-2.1823,-1.1375
582.97,2.8177,-1.0875
582.97,0.9677,-1.8875
586.04,-1.1823,-2.0375
586.04,1.7677,-2.1875
586.04,1.2677,-1.9875
586.04,-0.4323,-1.5375
586.04,-1.9323,-1.2875
586.04,3.3677,-0.1375
586.04,3.8677,0.5125
586.04,2.8677,1.1125
586.04,2.8677,1.6625
586.04,-0.6323,2.5125
586.04,1.8177,2.8625
586.04,0.7177,3.1125
586.04,0.3677,3.1625
586.04,0.1177,3.2125
586.04,-0.1323,-1.6375
586.04,3.7177,0.7625
586.04,-2.6323,0.5125
586.04,2.2677,1.6125
586.04,0.6677,-1.9875
586.04,0.5177,-1.9375
586.04,-1.2323,1.3125
586.04,0.2677,2.3125
586.04,0.4177,-1.6375
586.04,3.0677,-0.6875
586.04,-3.0823,-0.0875
586.04,-3.0823,0.3125
586.04,1.9677,-1.9875
586.04,-2.1823,-1.1375
586.04,2.8177,-1.0875
586.04,0.9677,-1.8875
589.13,-1.1823,-2.0375
589.13,1.7677,-2.1875
589.13,1.2677,-1.9875
589.13,-0.4323,-1.5375
589.13,-1.9323,-1.2875
589.13,3.3677,-0.1375
589.13,3.8677,0.5125
589.13,2.8677,1.1125
589.13,2.8677,1.6625
589.13,-0.6323,2.5125
589.13,1.8177,2.8625
589.13,0.7177,3.1125
589.13,0.3677,3.1625
589.13,0.1177,3.2125
589.13,-0.1323,-1.6375
589.13,3.7177,0.7625
589.13,-2.6323,0.5125
589.13,2.2677,1.6125
589.13,0.6677,-1.9875
589.13,0.5177,-1.9375
589.13,-1.2323,1.3125
589.13,0.2677,2.3125
589.13,0.4177,-1.6375
589.13,3.0677,-0.6875
589.13,-3.0823,-0.0875
589.13,-3.0823,0.3125
589.13,1.9677,-1.9875
589.13,-2.1823,-1.1375
589.13,2.8177,-1.0875
589.13,0.9677,-1.8875
592.27,-1.1823,-2.0375
592.27,1.7677,-2.1875
592.27,1.2677,-1.9875
592.27,-0.4323,-1.5375
592.27,-1.9323,-1.2875
592.27,3.3677,-0.1375
592.27,3.8677,0.5125
592.27,2.8677,1.1125
592.27,2.8677,1.6625
592.27,-0.6323,2.5125
592.27,1.8177,2.8625
592.27,0.7177,3.1125
592.27,0.3677,3.1625
592.27,0.1177,3.2125
592.27,-0.1323,-1.6375
592.27,3.7177,0.7625
592.27,-2.6323,0.5125
592.27,2.2677,1.6125
592.27,0.6677,-1.9875
592.27,0.5177,-1.9375
592.27,-1.2323,1.3125
592.27,0.2677,2.3125
592.27,0.4177,-1.6375
592.27,3.0677,-0.6875
592.27,-3.0823,-0.0875
592.27,-3.0823,0.3125
592.27,1.9677,-1.9875
592.27,-2.1823,-1.1375
592.27,2.8177,-1.0875
592.27,0.9677,-1.8875
593.86,-1.1823,-2.0375
593.86,1.7677,-2.1875
593.86,1.2677,-1.9875
593.86,-0.4323,-1.5375
593.86,-1.9323,-1.2875
593.86,3.3677,-0.1375
593.86,3.8677,0.5125
593.86,2.8677,1.1125
593.86,2.8677,1.6625
593.86,-0.6323,2.5125
593.86,1.8177,2.8625
593.86,0.7177,3.1125
593.86,0.3677,3.1625
593.86,0.1177,3.2125
593.86,-0.1323,-1.6375
593.86,3.7177,0.7625
593.86,-2.6323,0.5125
593.86,2.2677,1.6125
593.86,0.6677,-1.9875
593.86,0.5177,-1.9375
593.86,-1.2323,1.3125
593.86,0.2677,2.3125
593.86,0.4177,-1.6375
593.86,3.0677,-0.6875
593.86,-3.0823,-0.0875
593.86,-3.0823,0.3125
593.86,1.9677,-1.9875
593.86,-2.1823,-1.1375
593.86,2.8177,-1.0875
593.86,0.9677,-1.8875
594.92,-1.1823,-2.0375
594.92,1.7677,-2.1875
594.92,1.2677,-1.9875
594.92,-0.4323,-1.5375
594.92,-1.9323,-1.2875
594.92,3.3677,-0.1375
594.92,3.8677,0.5125
594.92,2.8677,1.1125
594.92,2.8677,1.6625
594.92,-0.6323,2.5125
594.92,1.8177,2.8625
594.92,0.7177,3.1125
594.92,0.3677,3.1625
594.92,0.1177,3.2125
594.92,-0.1323,-1.6375
594.92,3.7177,0.7625
594.92,-2.6323,0.5125
594.92,2.2677,1.6125
594.92,0.6677,-1.9875
594.92,0.5177,-1.9375
594.92,-1.2323,1.3125
594.92,0.2677,2.3125
594.92,0.4177,-1.6375
594.92,3.0677,-0.6875
594.92,-3.0823,-0.0875
594.92,-3.0823,0.3125
594.92,1.9677,-1.9875
594.92,-2.1823,-1.1375
594.92,2.8177,-1.0875
594.92,0.9677,-1.8875
597.83,-1.1823,-2.0375
597.83,1.7677,-2.1875
597.83,1.2677,-1.9875
597.83,-0.4323,-1.5375
597.83,-1.9323,-1.2875
597.83,3.3677,-0.1375
597.83,3.8677,0.5125
597.83,2.8677,1.1125
597.83,2.8677,1.6625
597.83,-0.6323,2.5125
597.83,1.8177,2.8625
597.83,0.7177,3.1125
597.83,0.3677,3.1625
597.83,0.1177,3.2125
597.83,-0.1323,-1.6375
597.83,3.7177,0.7625
597.83,-2.6323,0.5125
597.83,2.2677,1.6125
597.83,0.6677,-1.9875
597.83,0.5177,-1.9375
597.83,-1.2323,1.3125
597.83,0.2677,2.3125
597.83,0.4177,-1.6375
597.83,3.0677,-0.6875
597.83,-3.0823,-0.0875
597.83,-3.0823,0.3125
597.83,1.9677,-1.9875
597.83,-2.1823,-1.1375
597.83,2.8177,-1.0875
597.83,0.9677,-1.8875
598.88,-1.1823,-2.0375
598.88,1.7677,-2.1875
598.88,1.2677,-1.9875
598.88,-0.4323,-1.5375
598.88,-1.9323,-1.2875
598.88,3.3677,-0.1375
598.88,3.8677,0.5125
598.88,2.8677,1.1125
598.88,2.8677,1.6625
598.88,-0.6323,2.5125
598.88,1.8177,2.8625
598.88,0.7177,3.1125
598.88,0.3677,3.1625
598.88,0.1177,3.2125
598.88,-0.1323,-1.6375
598.88,3.7177,0.7625
598.88,-2.6323,0.5125
598.88,2.2677,1.6125
598.88,0.6677,-1.9875
598.88,0.5177,-1.9375
598.88,-1.2323,1.3125
598.88,0.2677,2.3125
598.88,0.4177,-1.6375
598.88,3.0677,-0.6875
598.88,-3.0823,-0.0875
598.88,-3.0823,0.3125
598.88,1.9677,-1.9875
598.88,-2.1823,-1.1375
598.88,2.8177,-1.0875
598.88,0.9677,-1.8875
600.92,-1.1823,-2.0375
600.92,1.7677,-2.1875
600.92,1.2677,-1.9875
600.92,-0.4323,-1.5375
600.92,-1.9323,-1.2875
600.92,3.3677,-0.1375
600.92,3.8677,0.5125
600.92,2.8677,1.1125
600.92,2.8677,1.6625
600.92,-0.6323,2.5125
600.92,1.8177,2.8625
600.92,0.7177,3.1125
600.92,0.3677,3.1625
600.92,0.1177,3.2125
600.92,-0.1323,-1.6375
600.92,3.7177,0.7625
600.92,-2.6323,0.5125
600.92,2.2677,1.6125
600.92,0.6677,-1.9875
600.92,0.5177,-1.9375
600.92,-1.2323,1.3125
600.92,0.2677,2.3125
600.92,0.4177,-1.6375
600.92,3.0677,-0.6875
600.92,-3.0823,-0.0875
600.92,-3.0823,0.3125
600.92,1.9677,-1.9875
600.92,-2.1823,-1.1375
600.92,2.8177,-1.0875
600.92,0.9677,-1.8875
602.89,-1.1823,-2.0375
602.89,1.7677,-2.1875
602.89,1.2677,-1.9875
602.89,-0.4323,-1.5375
602.89,-1.9323,-1.2875
602.89,3.3677,-0.1375
602.89,3.8677,0.5125
602.89,2.8677,1.1125
602.89,2.8677,1.6625
602.89,-0.6323,2.5125
602.89,1.8177,2.8625
602.89,0.7177,3.1125
602.89,0.3677,3.1625
602.89,0.1177,3.2125
602.89,-0.1323,-1.6375
602.89,3.7177,0.7625
602.89,-2.6323,0.5125
602.89,2.2677,1.6125
602.89,0.6677,-1.9875
602.89,0.5177,-1.9375
602.89,-1.2323,1.3125
602.89,0.2677,2.3125
602.89,0.4177,-1.6375
602.89,3.0677,-0.6875
602.89,-3.0823,-0.0875
602.89,-3.0823,0.3125
602.89,1.9677,-1.9875
602.89,-2.1823,-1.1375
602.89,2.8177,-1.0875
602.89,0.9677,-1.8875
606.35,-1.0948,-1.9875
606.35,1.5052,-2.0375
606.35,-0.0948,-1.6375
606.35,-1.9948,-1.2875
606.35,3.3552,-0.1375
606.35,3.5552,0.2625
606.35,4.0052,0.5625
606.35,2.8552,1.1125
606.35,-1.3448,1.7125
606.35,2.9552,1.6625
606.35,-0.3948,1.8125
606.35,-0.6948,2.6125
606.35,0.7552,3.0625
606.35,1.8052,2.8625
606.35,0.3552,3.1625
606.35,0.1052,3.1625
606.35,2.8052,-0.9875
606.35,3.7052,0.7625
606.35,-2.5948,0.5125
606.35,0.4052,-1.6375
606.35,0.6552,-1.9875
606.35,-1.2948,1.3625
606.35,-0.3448,-1.4875
606.35,-3.0448,-0.0875
606.35,-3.0948,0.3125
606.35,0.5052,-2.0875
606.35,1.9052,-1.9875
606.35,0.9552,-2.1875
606.35,0.9552,-1.8375
606.35,0.5552,-1.8375
607.36,-1.0948,-1.9875
607.36,1.5052,-2.0375
607.36,-0.0948,-1.6375
607.36,-1.9948,-1.2875
607.36,3.3552,-0.1375
607.36,3.5552,0.2625
607.36,4.0052,0.5625
607.36,2.8552,1.1125
607.36,-1.3448,1.7125
607.36,2.9552,1.6625
607.36,-0.3948,1.8125
607.36,-0.6948,2.6125
607.36,0.7552,3.0625
607.36,1.8052,2.8625
607.36,0.3552,3.1625
607.36,0.1052,3.1625
607.36,2.8052,-0.9875
607.36,3.7052,0.7625
607.36,-2.5948,0.5125
607.36,0.4052,-1.6375
607.36,0.6552,-1.9875
607.36,-1.2948,1.3625
607.36,-0.3448,-1.4875
607.36,-3.0448,-0.0875
607.36,-3.0948,0.3125
607.36,0.5052,-2.0875
607.36,1.9052,-1.9875
607.36,0.9552,-2.1875
607.36,0.9552,-1.8375
607.36,0.5552,-1.8375
610.63,-1.0948,-1.9875
610.63,1.5052,-2.0375
610.63,-0.0948,-1.6375
610.63,-1.9948,-1.2875
610.63,3.3552,-0.1375
610.63,3.5552,0.2625
610.63,4.0052,0.5625
610.63,2.8552,1.1125
610.63,-1.3448,1.7125
610.63,2.9552,1.6625
610.63,-0.3948,1.8125
610.63,-0.6948,2.6125
610.63,0.7552,3.0625
610.63,1.8052,2.8625
610.63,0.3552,3.1625
610.63,0.1052,3.1625
610.63,2.8052,-0.9875
610.63,3.7052,0.7625
610.63,-2.5948,0.5125
610.63,0.4052,-1.6375
610.63,0.6552,-1.9875
610.63,-1.2948,1.3625
610.63,-0.3448,-1.4875
610.63,-3.0448,-0.0875
610.63,-3.0948,0.3125
610.63,0.5052,-2.0875
610.63,1.9052,-1.9875
610.63,0.9552,-2.1875
610.63,0.9552,-1.8375
610.63,0.5552,-1.8375
612.99,-1.0948,-1.9875
612.99,1.5052,-2.0375
612.99,-0.0948,-1.6375
612.99,-1.9948,-1.2875
612.99,3.3552,-0.1375
612.99,3.5552,0.2625
612.99,4.0052,0.5625
612.99,2.8552,1.1125
612.99,-1.3448,1.7125
612.99,2.9552,1.6625
612.99,-0.3948,1.8125
612.99,-0.6948,2.6125
612.99,0.7552,3.0625
612.99,1.8052,2.8625
612.99,0.3552,3.1625
612.99,0.1052,3.1625
612.99,2.8052,-0.9875
612.99,3.7052,0.7625
612.99,-2.5948,0.5125
612.99,0.4052,-1.6375
612.99,0.6552,-1.9875
612.99,-1.2948,1.3625
612.99,-0.3448,-1.4875
612.99,-3.0448,-0.0875
612.99,-3.0948,0.3125
612.99,0.5052,-2.0875
612.99,1.9052,-1.9875
612.99,0.9552,-2.1875
612.99,0.9552,-1.8375
612.99,0.5552,-1.8375
614.82,-1.0948,-1.9875
614.82,1.5052,-2.0375
614.82,-0.0948,-1.6375
614.82,-1.9948,-1.2875
614.82,3.3552,-0.1375
614.82,3.5552,0.2625
614.82,4.0052,0.5625
614.82,2.8552,1.1125
614.82,-1.3448,1.7125
614.82,2.9552,1.6625
614.82,-0.3948,1.8125
614.82,-0.6948,2.6125
614.82,0.7552,3.0625
614.82,1.8052,2.8625
614.82,0.3552,3.1625
614.82,0.1052,3.1625
614.82,2.8052,-0.9875
614.82,3.7052,0.7625
614.82,-2.5948,0.5125
614.82,0.4052,-1.6375
614.82,0.6552,-1.9875
614.82,-1.2948,1.3625
614.82,-0.3448,-1.4875
614.82,-3.0448,-0.0875
614.82,-3.0948,0.3125
614.82,0.5052,-2.0875
614.82,1.9052,-1.9875
614.82,0.9552,-2.1875
614.82,0.9552,-1.8375
614.82,0.5552,-1.8375
616.78,-1.0948,-1.9875
616.78,1.5052,-2.0375
616.78,-0.0948,-1.6375
616.78,-1.9948,-1.2875
616.78,3.3552,-0.1375
616.78,4.0052,0.5625
616.78,-1.3448,1.7125
616.78,3.3052,1.8625
616.78,-0.3948,1.8125
616.78,-0.6948,2.6125
616.78,0.7552,3.0625
616.78,1.8052,2.8625
616.78,0.3552,3.1625
616.78,0.1052,3.1625
616.78,2.8052,-0.9875
616.78,3.7052,0.7625
616.78,3.6552,0.2625
616.78,2.6052,1.6125
616.78,-2.5948,0.5125
616.78,0.4052,-1.6375
616.78,0.6552,-1.9875
616.78,-1.2948,1.3625
616.78,-0.3448,-1.4875
616.78,-3.0448,-0.0875
616.78,2.9552,1.0125
616.78,-3.0948,0.3125
616.78,2.7552,1.2125
616.78,0.5052,-2.0875
616.78,1.9052,-1.9875
616.78,0.9552,-2.1875
619.42,-1.0948,-1.9875
619.42,1.5052,-2.0375
619.42,-0.0948,-1.6375
619.42,-1.9948,-1.2875
619.42,3.3552,-0.1375
619.42,4.0052,0.5625
619.42,-1.3448,1.7125
619.42,3.3052,1.8625
619.42,-0.3948,1.8125
619.42,-0.6948,2.6125
619.42,0.7552,3.0625
619.42,1.8052,2.8625
619.42,0.3552,3.1625
619.42,0.1052,3.1625
619.42,2.8052,-0.9875
619.42,3.7052,0.7625
619.42,3.6552,0.2625
619.42,2.6052,1.6125
619.42,-2.5948,0.5125
619.42,0.4052,-1.6375
619.42,0.6552,-1.9875
619.42,-1.2948,1.3625
619.42,-0.3448,-1.4875
619.42,-3.0448,-0.0875
619.42,2.9552,1.0125
619.42,-3.0948,0.3125
619.42,2.7552,1.2125
619.42,0.5052,-2.0875
619.42,1.9052,-1.9875
619.42,0.9552,-2.1875
622.26,-1.0948,-1.9875
622.26,1.5052,-2.0375
622.26,-0.0948,-1.6375
622.26,-1.9948,-1.2875
622.26,3.3552,-0.1375
622.26,4.0052,0.5625
622.26,-1.3448,1.7125
622.26,3.3052,1.8625
622.26,-0.3948,1.8125
622.26,-0.6948,2.6125
622.26,0.7552,3.0625
622.26,1.8052,2.8625
622.26,0.3552,3.1625
622.26,0.1052,3.1625
622.26,2.8052,-0.9875
622.26,3.7052,0.7625
622.26,3.6552,0.2625
622.26,2.6052,1.6125
622.26,-2.5948,0.5125
622.26,0.4052,-1.6375
622.26,0.6552,-1.9875
622.26,-1.2948,1.3625
622.26,-0.3448,-1.4875
622.26,-3.0448,-0.0875
622.26,2.9552,1.0125
622.26,-3.0948,0.3125
622.26,2.7552,1.2125
622.26,0.5052,-2.0875
622.26,1.9052,-1.9875
622.26,0.9552,-2.1875
625.09,-1.0948,-1.9875
625.09,1.5052,-2.0375
625.09,-0.0948,-1.6375
625.09,-1.9948,-1.2875
625.09,3.3552,-0.1375
625.09,4.0052,0.5625
625.09,-1.3448,1.7125
625.09,3.3052,1.8625
625.09,-0.3948,1.8125
625.09,-0.6948,2.6125
625.09,0.7552,3.0625
625.09,1.8052,2.8625
625.09,0.3552,3.1625
625.09,0.1052,3.1625
625.09,2.8052,-0.9875
625.09,3.7052,0.7625
625.09,3.6552,0.2625
625.09,2.6052,1.6125
625.09,-2.5948,0.5125
625.09,0.4052,-1.6375
625.09,0.6552,-1.9875
625.09,-1.2948,1.3625
625.09,-0.3448,-1.4875
625.09,-3.0448,-0.0875
625.09,2.9552,1.0125
625.09,-3.0948,0.3125
625.09,2.7552,1.2125
625.09,0.5052,-2.0875
625.09,1.9052,-1.9875
625.09,0.9552,-2.1875
626.77,-1.0948,-1.9875
626.77,1.5052,-2.0375
626.77,-0.0948,-1.6375
626.77,-1.9948,-1.2875
626.77,3.3552,-0.1375
626.77,4.0052,0.5625
626.77,-1.3448,1.7125
626.77,3.3052,1.8625
626.77,-0.3948,1.8125
626.77,-0.6948,2.6125
626.77,0.7552,3.0625
626.77,1.8052,2.8625
626.77,0.3552,3.1625
626.77,0.1052,3.1625
626.77,2.8052,-0.9875
626.77,3.7052,0.7625
626.77,3.6552,0.2625
626.77,2.6052,1.6125
626.77,-2.5948,0.5125
626.77,0.4052,-1.6375
626.77,0.6552,-1.9875
626.77,-1.2948,1.3625
626.77,-0.3448,-1.4875
626.77,-3.0448,-0.0875
626.77,2.9552,1.0125
626.77,-3.0948,0.3125
626.77,2.7552,1.2125
626.77,0.5052,-2.0875
626.77,1.9052,-1.9875
626.77,0.9552,-2.1875
628.78,-1.1448,-2.0004
628.78,1.6552,-2.0504
628.78,0.6052,-2.0004
628.78,1.0552,-1.8504
628.78,-1.8948,-1.3004
628.78,3.4052,-0.2004
628.78,-2.5948,0.4996
628.78,3.8552,0.5996
628.78,-1.4448,1.7496
628.78,3.3052,1.8496
628.78,-0.5948,2.3996
628.78,0.7552,3.0996
628.78,1.8052,2.8496
628.78,0.2552,3.1996
628.78,-1.3448,1.3496
628.78,2.8552,1.0996
628.78,-0.1448,-1.7504
628.78,-2.9948,-0.1504
628.78,-2.0948,-1.2004
628.78,0.4052,-1.6504
628.78,-0.3448,-1.5504
628.78,2.6052,1.6996
628.78,1.9552,-2.0004
628.78,3.6052,0.3496
628.78,3.2552,-0.5504
628.78,3.7552,0.1996
628.78,0.9552,-2.2004
628.78,-0.1948,-2.0504
628.78,3.0552,-0.8004
628.78,3.0052,-0.6004
632.39,-1.1448,-2.0004
632.39,1.6552,-2.0504
632.39,0.6052,-2.0004
632.39,1.0552,-1.8504
632.39,-1.8948,-1.3004
632.39,3.4052,-0.2004
632.39,-2.5948,0.4996
632.39,3.8552,0.5996
632.39,-1.4448,1.7496
632.39,3.3052,1.8496
632.39,-0.5948,2.3996
632.39,0.7552,3.0996
632.39,1.8052,2.8496
632.39,0.2552,3.1996
632.39,-1.3448,1.3496
632.39,2.8552,1.0996
632.39,-0.1448,-1.7504
632.39,-2.9948,-0.1504
632.39,-2.0948,-1.2004
632.39,0.4052,-1.6504
632.39,-0.3448,-1.5504
632.39,2.6052,1.6996
632.39,1.9552,-2.0004
632.39,3.6052,0.3496
632.39,3.2552,-0.5504
632.39,3.7552,0.1996
632.39,0.9552,-2.2004
632.39,-0.1948,-2.0504
632.39,3.0552,-0.8004
632.39,3.0052,-0.6004
636.39,-1.1448,-2.0004
636.39,1.6552,-2.0504
636.39,0.6052,-2.0004
636.39,1.0552,-1.8504
636.39,-1.8948,-1.3004
636.39,3.4052,-0.2004
636.39,-2.5948,0.4996
636.39,3.8552,0.5996
636.39,-1.4448,1.7496
636.39,3.3052,1.8496
636.39,-0.5948,2.3996
636.39,0.7552,3.0996
636.39,1.8052,2.8496
636.39,0.2552,3.1996
636.39,-1.3448,1.3496
636.39,2.8552,1.0996
636.39,-0.1448,-1.7504
636.39,-2.9948,-0.1504
636.39,-2.0948,-1.2004
636.39,0.4052,-1.6504
636.39,-0.3448,-1.5504
636.39,2.6052,1.6996
636.39,1.9552,-2.0004
636.39,3.6052,0.3496
636.39,3.2552,-0.5504
636.39,3.7552,0.1996
636.39,0.9552,-2.2004
636.39,-0.1948,-2.0504
636.39,3.0552,-0.8004
636.39,3.0052,-0.6004
638.79,-1.1448,-2.0004
638.79,1.6552,-2.0504
638.79,0.6052,-2.0004
638.79,1.0552,-1.8504
638.79,-1.8948,-1.3004
638.79,3.4052,-0.2004
638.79,-2.5948,0.4996
638.79,3.8552,0.5996
638.79,-1.4448,1.7496
638.79,3.3052,1.8496
638.79,-0.5948,2.3996
638.79,0.7552,3.0996
638.79,1.8052,2.8496
638.79,0.2552,3.1996
638.79,-1.3448,1.3496
638.79,2.8552,1.0996
638.79,-0.1448,-1.7504
638.79,-2.9948,-0.1504
638.79,-2.0948,-1.2004
638.79,0.4052,-1.6504
638.79,-0.3448,-1.5504
638.79,2.6052,1.6996
638.79,1.9552,-2.0004
638.79,3.6052,0.3496
638.79,3.2552,-0.5504
638.79,3.7552,0.1996
638.79,0.9552,-2.2004
638.79,-0.1948,-2.0504
638.79,3.0552,-0.8004
638.79,3.0052,-0.6004
640.93,-1.0899,-1.9504
640.93,1.7101,-2.1004
640.93,0.6101,-2.0504
640.93,1.1101,-1.9004
640.93,-1.8899,-1.3004
640.93,3.4101,-0.2004
640.93,-2.5899,0.4996
640.93,3.8601,0.5996
640.93,-1.3899,1.6496
640.93,3.3101,1.8496
640.93,-0.5899,2.3996
640.93,0.7601,3.0996
640.93,1.8101,2.8996
640.93,0.2601,3.1996
640.93,2.8601,1.0996
640.93,-0.0899,-1.7004
640.93,0.4601,-1.6504
640.93,-2.0899,-1.2004
640.93,-0.3399,-1.5504
640.93,-3.0399,-0.1004
640.93,3.6101,0.3496
640.93,2.6101,1.6996
640.93,-0.5899,-1.6004
640.93,3.2601,-0.5504
640.93,-2.2399,1.1996
640.93,0.9601,-2.2004
640.93,3.0101,-1.3004
640.93,3.0101,-0.6004
640.93,3.7601,0.1996
640.93,2.6101,1.4496
644.73,-1.0899,-1.9504
644.73,1.7101,-2.1004
644.73,0.6101,-2.0504
644.73,1.1101,-1.9004
644.73,-1.8899,-1.3004
644.73,3.4101,-0.2004
644.73,-2.5899,0.4996
644.73,3.8601,0.5996
644.73,-1.3899,1.6496
644.73,3.3101,1.8496
644.73,-0.5899,2.3996
644.73,0.7601,3.0996
644.73,1.8101,2.8996
644.73,0.2601,3.1996
644.73,2.8601,1.0996
644.73,-0.0899,-1.7004
644.73,0.4601,-1.6504
644.73,-2.0899,-1.2004
644.73,-0.3399,-1.5504
644.73,-3.0399,-0.1004
644.73,3.6101,0.3496
644.73,2.6101,1.6996
644.73,-0.5899,-1.6004
644.73,3.2601,-0.5504
644.73,-2.2399,1.1996
644.73,0.9601,-2.2004
644.73,3.0101,-1.3004
644.73,3.0101,-0.6004
644.73,3.7601,0.1996
644.73,2.6101,1.4496
649.17,-1.0899,-1.9504
649.17,1.7101,-2.1004
649.17,0.6101,-2.0504
649.17,1.1101,-1.9004
649.17,-1.8899,-1.3004
649.17,3.4101,-0.2004
649.17,-2.5899,0.4996
649.17,3.8601,0.5996
649.17,-1.3899,1.6496
649.17,3.3101,1.8496
649.17,-0.5899,2.3996
649.17,0.7601,3.0996
649.17,1.8101,2.8996
649.17,0.2601,3.1996
649.17,2.8601,1.0996
649.17,-0.0899,-1.7004
649.17,0.4601,-1.6504
649.17,-2.0899,-1.2004
649.17,-0.3399,-1.5504
649.17,-3.0399,-0.1004
649.17,3.6101,0.3496
649.17,2.6101,1.6996
649.17,-0.5899,-1.6004
649.17,3.2601,-0.5504
649.17,-2.2399,1.1996
649.17,0.9601,-2.2004
649.17,3.0101,-1.3004
649.17,3.0101,-0.6004
649.17,3.7601,0.1996
649.17,2.6101,1.4496
651.03,-1.0899,-1.9504
651.03,1.7101,-2.1004
651.03,0.6101,-2.0504
651.03,1.1101,-1.9004
651.03,-1.8899,-1.3004
651.03,3.4101,-0.2004
651.03,-2.5899,0.4996
651.03,3.8601,0.5996
651.03,-1.3899,1.6496
651.03,3.3101,1.8496
651.03,-0.5899,2.3996
651.03,0.7601,3.0996
651.03,1.8101,2.8996
651.03,0.2601,3.1996
651.03,2.8601,1.0996
651.03,-0.0899,-1.7004
651.03,0.4601,-1.6504
651.03,-2.0899,-1.2004
651.03,-0.3399,-1.5504
651.03,-3.0399,-0.1004
651.03,3.6101,0.3496
651.03,2.6101,1.6996
651.03,-0.5899,-1.6004
651.03,3.2601,-0.5504
651.03,-2.2399,1.1996
651.03,0.9601,-2.2004
651.03,3.0101,-1.3004
651.03,3.0101,-0.6004
651.03,3.7601,0.1996
651.03,2.6101,1.4496
653.11,-1.0899,-1.9504
653.11,1.7101,-2.1004
653.11,0.6101,-2.0504
653.11,1.1101,-1.9004
653.11,-1.8899,-1.3004
653.11,3.4101,-0.2004
653.11,-2.5899,0.4996
653.11,3.8601,0.5996
653.11,-1.3899,1.6496
653.11,3.3101,1.8496
653.11,-0.5899,2.4496
653.11,0.7101,3.0996
653.11,1.8101,2.9496
653.11,0.1101,2.9996
653.11,0.4601,3.0496
653.11,2.8601,1.0996
653.11,-0.0899,-1.7004
653.11,0.4601,-1.6504
653.11,-2.0899,-1.2004
653.11,-0.3399,-1.5504
653.11,-3.0399,-0.1004
653.11,3.6101,0.3496
653.11,2.6101,1.6996
653.11,-0.5899,-1.6004
653.11,3.2601,-0.5504
653.11,-2.2399,1.1996
653.11,0.9601,-2.2004
653.11,3.0101,-1.3004
653.11,3.0101,-0.6004
653.11,3.7601,0.1996
656.66,-1.0899,-1.9504
656.66,1.7101,-2.1004
656.66,0.6101,-2.0504
656.66,1.1101,-1.9004
656.66,-1.8899,-1.3004
656.66,3.4101,-0.2004
656.66,-2.5899,0.4996
656.66,3.8601,0.5996
656.66,-1.3899,1.6496
656.66,3.3101,1.8496
656.66,-0.5899,2.4996
656.66,0.7101,3.0996
656.66,1.8101,2.9496
656.66,0.0101,3.1996
656.66,2.8601,1.0996
656.66,-0.0899,-1.7004
656.66,-0.0399,3.9496
656.66,0.4601,-1.6504
656.66,-2.0899,-1.2004
656.66,-0.3399,-1.5504
656.66,-3.0399,-0.1004
656.66,3.6101,0.3496
656.66,2.6101,1.6996
656.66,-0.5899,-1.6004
656.66,3.2601,-0.5504
656.66,-2.2399,1.1996
656.66,0.1101,2.5496
656.66,-0.0899,4.3496
656.66,0.9601,-2.2004
656.66,3.0101,-1.3004
660.34,-1.0899,-1.9504
660.34,1.7101,-2.1004
660.34,0.6101,-2.0504
660.34,1.1101,-1.9004
660.34,-1.8899,-1.3004
660.34,3.4101,-0.2004
660.34,-2.5899,0.4996
660.34,3.8601,0.5996
660.34,-1.3899,1.6496
660.34,3.3101,1.8496
660.34,-0.5899,2.4996
660.34,0.7101,3.0996
660.34,1.8101,2.9496
660.34,0.0101,3.1996
660.34,2.8601,1.0996
660.34,-0.0899,-1.7004
660.34,-0.0399,3.9496
660.34,0.4601,-1.6504
660.34,-2.0899,-1.2004
660.34,-0.3399,-1.5504
660.34,-3.0399,-0.1004
660.34,3.6101,0.3496
660.34,2.6101,1.6996
660.34,-0.5899,-1.6004
660.34,3.2601,-0.5504
660.34,-2.2399,1.1996
660.34,0.1101,2.5496
660.34,-0.0899,4.3496
660.34,0.9601,-2.2004
660.34,3.0101,-1.3004
663.07,-1.0899,-1.9504
663.07,1.7101,-2.1004
663.07,0.6101,-2.0504
663.07,1.1101,-1.9004
663.07,-1.8899,-1.3004
663.07,3.4101,-0.2004
663.07,-2.5899,0.4996
663.07,3.8601,0.5996
663.07,-1.3899,1.6496
663.07,3.3101,1.8496
663.07,-0.5899,2.4996
663.07,0.7101,3.0996
663.07,1.8101,2.9496
663.07,0.0101,3.1996
663.07,2.8601,1.0996
663.07,-0.0899,-1.7004
663.07,-0.0399,3.9496
663.07,0.4601,-1.6504
663.07,-2.0899,-1.2004
663.07,-0.3399,-1.5504
663.07,-3.0399,-0.1004
663.07,3.6101,0.3496
663.07,2.6101,1.6996
663.07,-0.5899,-1.6004
663.07,3.2601,-0.5504
663.07,-2.2399,1.1996
663.07,0.1101,2.5496
663.07,-0.0899,4.3496
663.07,0.9601,-2.2004
663.07,3.0101,-1.3004
665.01,-1.0899,-1.9504
665.01,1.7101,-2.1004
665.01,0.6101,-2.0504
665.01,1.1101,-1.9004
665.01,-1.8899,-1.3004
665.01,3.4101,-0.2004
665.01,-2.5899,0.4996
665.01,3.8601,0.5996
665.01,-1.3899,1.6496
665.01,3.3101,1.8496
665.01,-0.5899,2.4996
665.01,0.7101,3.0996
665.01,1.8101,2.9496
665.01,0.0101,3.1996
665.01,2.8601,1.0996
665.01,-0.0899,-1.7004
665.01,-0.0399,3.9496
665.01,0.4601,-1.6504
665.01,-2.0899,-1.2004
665.01,-0.3399,-1.5504
665.01,-3.0399,-0.1004
665.01,3.6101,0.3496
665.01,2.6101,1.6996
665.01,-0.5899,-1.6004
665.01,3.2601,-0.5504
665.01,-2.2399,1.1996
665.01,0.1101,2.5496
665.01,-0.0899,4.3496
665.01,0.9601,-2.2004
665.01,3.0101,-1.3004
669.23,-1.0899,-1.9504
669.23,1.7101,-2.1004
669.23,0.6101,-2.0504
669.23,1.1101,-1.9004
669.23,-1.8899,-1.3004
669.23,3.1601,-0.6504
669.23,3.6101,-0.2004
669.23,-2.5899,0.4996
669.23,3.7601,0.6496
669.23,-1.3899,1.6496
669.23,3.3101,1.8496
669.23,-0.5899,2.4996
669.23,0.7101,3.0996
669.23,1.8101,2.9496
669.23,0.0101,3.1996
669.23,2.8601,1.0996
669.23,4.3101,0.6996
669.23,-0.0899,-1.7004
669.23,4.1601,0.1996
669.23,-0.0399,3.9496
669.23,0.4601,-1.6504
669.23,-2.0899,-1.2004
669.23,-0.3399,-1.5504
669.23,-3.0399,-0.1004
669.23,3.6101,0.3496
669.23,2.6101,1.6996
669.23,-0.5899,-1.6004
669.23,-2.2399,1.1996
669.23,0.1101,2.5496
669.23,-0.0899,4.3496
673.26,-1.0899,-1.9504
673.26,1.7101,-2.1004
673.26,0.6101,-2.0504
673.26,1.1101,-1.9004
673.26,-1.8899,-1.3004
673.26,3.1601,-0.6504
673.26,3.6101,-0.2004
673.26,-2.5899,0.4996
673.26,3.7601,0.6496
673.26,-1.3899,1.6496
673.26,3.3101,1.8496
673.26,-0.5899,2.4996
673.26,0.7101,3.0996
673.26,1.8101,2.9496
673.26,0.0101,3.1996
673.26,2.8601,1.0996
673.26,4.3101,0.6996
673.26,-0.0899,-1.7004
673.26,4.1601,0.1996
673.26,-0.0399,3.9496
673.26,0.4601,-1.6504
673.26,-2.0899,-1.2004
673.26,-0.3399,-1.5504
673.26,-3.0399,-0.1004
673.26,3.6101,0.3496
673.26,2.6101,1.6996
673.26,-0.5899,-1.6004
673.26,-2.2399,1.1996
673.26,0.1101,2.5496
673.26,-0.0899,4.3496
675.80,-1.0899,-1.9504
675.80,1.7101,-2.1004
675.80,0.6101,-2.0504
675.80,1.1101,-1.9004
675.80,-1.8899,-1.3004
675.80,3.1601,-0.6504
675.80,3.6101,-0.2004
675.80,-2.5899,0.4996
675.80,3.7601,0.6496
675.80,-1.3899,1.6496
675.80,3.3101,1.8496
675.80,-0.5899,2.4996
675.80,0.7101,3.0996
675.80,1.8101,2.9496
675.80,0.0101,3.1996
675.80,2.8601,1.0996
675.80,4.3101,0.6996
675.80,-0.0899,-1.7004
675.80,4.1601,0.1996
675.80,-0.0399,3.9496
675.80,0.4601,-1.6504
675.80,-2.0899,-1.2004
675.80,-0.3399,-1.5504
675.80,-3.0399,-0.1004
675.80,3.6101,0.3496
675.80,2.6101,1.6996
675.80,-0.5899,-1.6004
675.80,-2.2399,1.1996
675.80,0.1101,2.5496
675.80,-0.0899,4.3496
677.26,-1.0899,-1.9504
677.26,1.7101,-2.1004
677.26,0.6101,-2.0504
677.26,1.1101,-1.9004
677.26,-1.8899,-1.3004
677.26,3.1601,-0.6504
677.26,3.6101,-0.2004
677.26,-2.5899,0.4996
677.26,3.7601,0.6496
677.26,-1.3899,1.6496
677.26,3.3101,1.8496
677.26,-0.5899,2.4996
677.26,0.7101,3.0996
677.26,1.8101,2.9496
677.26,0.0101,3.1996
677.26,2.8601,1.0996
677.26,4.3101,0.6996
677.26,-0.0899,-1.7004
677.26,4.1601,0.1996
677.26,-0.0399,3.9496
677.26,0.4601,-1.6504
677.26,-2.0899,-1.2004
677.26,-0.3399,-1.5504
677.26,-3.0399,-0.1004
677.26,3.6101,0.3496
677.26,2.6101,1.6996
677.26,-0.5899,-1.6004
677.26,-2.2399,1.1996
677.26,0.1101,2.5496
677.26,-0.0899,4.3496
679.20,1.8101,-2.5004
679.20,0.6601,-2.6504
679.20,1.2601,-2.5004
679.20,-1.0899,-1.9504
679.20,1.1101,-1.9004
679.20,-1.8899,-1.3004
679.20,3.1601,-0.6504
679.20,3.6101,-0.2004
679.20,-2.5899,0.4996
679.20,3.7601,0.6496
679.20,-1.3899,1.6496
679.20,3.3101,1.8496
679.20,-0.5899,2.4996
679.20,0.7101,3.0996
679.20,1.8101,2.9496
679.20,0.0101,3.1996
679.20,-0.1899,-2.1004
679.20,2.8601,1.0996
679.20,4.3101,0.6996
679.20,4.1601,0.1996
679.20,-0.0399,3.9496
679.20,-0.3399,-1.5504
679.20,0.4601,-1.6504
679.20,-2.0899,-1.2004
679.20,-3.0399,-0.1004
679.20,0.5101,-2.0004
679.20,3.6101,0.3496
679.20,2.6101,1.6996
679.20,-0.5899,-1.6004
679.20,-2.2399,1.1996
683.02,0.6101,-2.7620
683.02,1.8601,-2.6120
683.02,1.2601,-2.4120
683.02,-1.1399,-2.0620
683.02,-1.8899,-1.2620
683.02,3.6601,-0.6120
683.02,3.6101,-0.1620
683.02,4.1101,0.1880
683.02,4.3101,0.6880
683.02,3.6601,0.7380
683.02,-1.3399,1.7380
683.02,3.3101,1.8380
683.02,-0.6399,1.9880
683.02,-0.6899,2.6880
683.02,1.8101,2.9380
683.02,0.7101,3.0880
683.02,0.0101,3.1880
683.02,2.9101,1.0880
683.02,-0.1899,-2.0620
683.02,-0.0399,3.9380
683.02,3.1601,-0.7620
683.02,-1.3899,1.3880
683.02,-2.6399,0.5380
683.02,3.9101,0.4880
683.02,-2.9899,-0.0620
683.02,-0.3399,-1.5620
683.02,-2.1899,-1.1620
683.02,-0.6399,-1.4620
683.02,2.6101,1.6880
683.02,1.4601,-3.2620
687.77,0.6101,-2.7620
687.77,1.8601,-2.6120
687.77,1.2601,-2.4120
687.77,-1.1399,-2.0620
687.77,-1.8899,-1.2620
687.77,3.6601,-0.6120
687.77,3.6101,-0.1620
687.77,4.1101,0.1880
687.77,4.3101,0.6880
687.77,3.6601,0.7380
687.77,-1.3399,1.7380
687.77,3.3101,1.8380
687.77,-0.6399,1.9880
687.77,-0.6899,2.6880
687.77,1.8101,2.9380
687.77,0.7101,3.0880
687.77,0.0101,3.1880
687.77,2.9101,1.0880
687.77,-0.1899,-2.0620
687.77,-0.0399,3.9380
687.77,3.1601,-0.7620
687.77,-1.3899,1.3880
687.77,-2.6399,0.5380
687.77,3.9101,0.4880
687.77,-2.9899,-0.0620
687.77,-0.3399,-1.5620
687.77,-2.1899,-1.1620
687.77,-0.6399,-1.4620
687.77,2.6101,1.6880
687.77,1.4601,-3.2620
692.38,0.6101,-2.7620
692.38,1.8601,-2.6120
692.38,1.2601,-2.4120
692.38,-1.1399,-2.0620
692.38,-1.8899,-1.2620
692.38,3.6601,-0.6120
692.38,3.6101,-0.1620
692.38,4.1101,0.1880
692.38,4.3101,0.6880
692.38,3.6601,0.7380
692.38,-1.3399,1.7380
692.38,3.3101,1.8380
692.38,-0.6399,1.9880
692.38,-0.6899,2.6880
692.38,1.8101,2.9380
692.38,0.7101,3.0880
692.38,0.0101,3.1880
692.38,2.9101,1.0880
692.38,-0.1899,-2.0620
692.38,-0.0399,3.9380
692.38,3.1601,-0.7620
692.38,-1.3899,1.3880
692.38,-2.6399,0.5380
692.38,3.9101,0.4880
692.38,-2.9899,-0.0620
692.38,-0.3399,-1.5620
692.38,-2.1899,-1.1620
692.38,-0.6399,-1.4620
692.38,2.6101,1.6880
692.38,1.4601,-3.2620
698.48,0.6101,-2.7620
698.48,1.8601,-2.6120
698.48,1.2601,-2.4120
698.48,-1.1399,-2.0620
698.48,-1.8899,-1.2620
698.48,3.6601,-0.6120
698.48,3.6101,-0.1620
698.48,4.1101,0.1880
698.48,4.3101,0.6880
698.48,3.6601,0.7380
698.48,-1.3399,1.7380
698.48,3.3101,1.8380
698.48,-0.6399,1.9880
698.48,-0.6899,2.6880
698.48,1.8101,2.9380
698.48,0.7101,3.0880
698.48,0.0101,3.1880
698.48,2.9101,1.0880
698.48,-0.1899,-2.0620
698.48,-0.0399,3.9380
698.48,3.1601,-0.7620
698.48,-1.3899,1.3880
698.48,-2.6399,0.5380
698.48,3.9101,0.4880
698.48,-2.9899,-0.0620
698.48,-0.3399,-1.5620
698.48,-2.1899,-1.1620
698.48,-0.6399,-1.4620
698.48,2.6101,1.6880
698.48,1.4601,-3.2620
701.57,0.6101,-2.7620
701.57,1.8601,-2.6120
701.57,1.2601,-2.4120
701.57,-1.1399,-2.0620
701.57,-1.8899,-1.2620
701.57,3.6601,-0.6120
701.57,3.6101,-0.1620
701.57,4.1101,0.1880
701.57,4.3101,0.6880
701.57,3.6601,0.7380
701.57,-1.3399,1.7380
701.57,3.3101,1.8380
701.57,-0.6399,1.9880
701.57,-0.6899,2.6880
701.57,1.8101,2.9380
701.57,0.7101,3.0880
701.57,0.0101,3.1880
701.57,2.9101,1.0880
701.57,-0.1899,-2.0620
701.57,-0.0399,3.9380
701.57,3.1601,-0.7620
701.57,-1.3899,1.3880
701.57,-2.6399,0.5380
701.57,3.9101,0.4880
701.57,-2.9899,-0.0620
701.57,-0.3399,-1.5620
701.57,-2.1899,-1.1620
701.57,-0.6399,-1.4620
701.57,2.6101,1.6880
701.57,1.4601,-3.2620
704.67,0.6101,-2.7620
704.67,1.8601,-2.6120
704.67,1.2601,-2.4120
704.67,-1.1399,-2.0620
704.67,-1.8899,-1.2620
704.67,3.6601,-0.6120
704.67,3.6101,-0.1620
704.67,4.1101,0.1880
704.67,4.3101,0.6880
704.67,3.6601,0.7380
704.67,-1.3399,1.7380
704.67,3.3101,1.8380
704.67,-0.6399,1.9880
704.67,-0.6899,2.6880
704.67,1.8101,2.9380
704.67,0.7101,3.0880
704.67,0.0101,3.1880
704.67,2.9101,1.0880
704.67,-0.1899,-2.0620
704.67,-0.0399,3.9380
704.67,3.1601,-0.7620
704.67,-1.3899,1.3880
704.67,-2.6399,0.5380
704.67,3.9101,0.4880
704.67,-2.9899,-0.0620
704.67,-0.3399,-1.5620
704.67,-2.1899,-1.1620
704.67,-0.6399,-1.4620
704.67,2.6101,1.6880
704.67,1.4601,-3.2620
707.75,0.6101,-2.7620
707.75,1.8601,-2.6120
707.75,1.2601,-2.4120
707.75,-1.1399,-2.0620
707.75,-1.8899,-1.2620
707.75,3.6601,-0.6120
707.75,3.6101,-0.1620
707.75,4.1101,0.1880
707.75,4.3101,0.6880
707.75,3.6601,0.7380
707.75,-1.3399,1.7380
707.75,3.3101,1.8380
707.75,-0.6399,1.9880
707.75,-0.6899,2.6880
707.75,1.8101,2.9380
707.75,0.7101,3.0880
707.75,0.0101,3.1880
707.75,2.9101,1.0880
707.75,-0.1899,-2.0620
707.75,-0.0399,3.9380
707.75,3.1601,-0.7620
707.75,-1.3899,1.3880
707.75,-2.6399,0.5380
707.75,3.9101,0.4880
707.75,-2.9899,-0.0620
707.75,-0.3399,-1.5620
707.75,-2.1899,-1.1620
707.75,-0.6399,-1.4620
707.75,2.6101,1.6880
707.75,1.4601,-3.2620
712.78,0.6101,-2.7620
712.78,1.8601,-2.6120
712.78,1.2601,-2.4120
712.78,-1.1399,-2.0620
712.78,-1.8899,-1.2620
712.78,3.6601,-0.6120
712.78,3.6101,-0.1620
712.78,4.1101,0.1880
712.78,4.3101,0.6880
712.78,3.6601,0.7380
712.78,-1.3399,1.7380
712.78,3.3101,1.8380
712.78,-0.6399,1.9880
712.78,-0.6899,2.6880
712.78,1.8101,2.9380
712.78,0.7101,3.0880
712.78,0.0101,3.1880
712.78,2.9101,1.0880
712.78,-0.1899,-2.0620
712.78,-0.0399,3.9380
712.78,3.1601,-0.7620
712.78,-1.3899,1.3880
712.78,-2.6399,0.5380
712.78,3.9101,0.4880
712.78,-2.9899,-0.0620
712.78,-0.3399,-1.5620
712.78,-2.1899,-1.1620
712.78,-0.6399,-1.4620
712.78,2.6101,1.6880
712.78,1.4601,-3.2620
716.37,0.6101,-2.7620
716.37,1.8601,-2.6120
716.37,1.2601,-2.4120
716.37,-1.1399,-2.0620
716.37,-1.8899,-1.2620
716.37,3.6601,-0.6120
716.37,3.6101,-0.1620
716.37,4.1101,0.1880
716.37,4.3101,0.6880
716.37,3.6601,0.7380
716.37,-1.3399,1.7380
716.37,3.3101,1.8380
716.37,-0.6399,1.9880
716.37,-0.6899,2.6880
716.37,1.8101,2.9380
716.37,0.7101,3.0880
716.37,0.0101,3.1880
716.37,2.9101,1.0880
716.37,-0.1899,-2.0620
716.37,-0.0399,3.9380
716.37,3.1601,-0.7620
716.37,-1.3899,1.3880
716.37,-2.6399,0.5380
716.37,3.9101,0.4880
716.37,-2.9899,-0.0620
716.37,-0.3399,-1.5620
716.37,-2.1899,-1.1620
716.37,-0.6399,-1.4620
716.37,2.6101,1.6880
716.37,1.4601,-3.2620
718.24,0.6101,-2.7620
718.24,1.8601,-2.6120
718.24,1.2601,-2.4120
718.24,-1.1399,-2.0620
718.24,-1.8899,-1.2620
718.24,3.6601,-0.6120
718.24,3.6101,-0.1620
718.24,4.1101,0.1880
718.24,4.3101,0.6880
718.24,3.6601,0.7380
718.24,-1.3399,1.7380
718.24,3.3101,1.8380
718.24,-0.6399,1.9880
718.24,-0.6899,2.6880
718.24,1.8101,2.9380
718.24,0.7101,3.0880
718.24,0.0101,3.1880
718.24,2.9101,1.0880
718.24,-0.1899,-2.0620
718.24,-0.0399,3.9380
718.24,3.1601,-0.7620
718.24,-1.3899,1.3880
718.24,-2.6399,0.5380
718.24,3.9101,0.4880
718.24,-2.9899,-0.0620
718.24,-0.3399,-1.5620
718.24,-2.1899,-1.1620
718.24,-0.6399,-1.4620
718.24,2.6101,1.6880
718.24,1.4601,-3.2620
719.63,0.6101,-2.7620
719.63,1.8601,-2.6120
719.63,1.2601,-2.4120
719.63,-1.1399,-2.0620
719.63,-1.8899,-1.2620
719.63,3.6601,-0.6120
719.63,3.6101,-0.1620
719.63,4.1101,0.1880
719.63,4.3101,0.6880
719.63,3.6601,0.7380
719.63,-1.3399,1.7380
719.63,3.3101,1.8380
719.63,-0.6399,1.9880
719.63,-0.6899,2.6880
719.63,1.8101,2.9380
719.63,0.7101,3.0880
719.63,0.0101,3.1880
719.63,2.9101,1.0880
719.63,-0.1899,-2.0620
719.63,-0.0399,3.9380
719.63,3.1601,-0.7620
719.63,-1.3899,1.3880
719.63,-2.6399,0.5380
719.63,3.9101,0.4880
719.63,-2.9899,-0.0620
719.63,-0.3399,-1.5620
719.63,-2.1899,-1.1620
719.63,-0.6399,-1.4620
719.63,2.6101,1.6880
719.63,1.4601,-3.2620
721.31,0.7601,-2.6120
721.31,1.9101,-2.9620
721.31,1.3601,-2.7120
721.31,-1.2899,-2.1620
721.31,-1.8899,-1.2620
721.31,3.7601,-0.4620
721.31,4.1101,0.1880
721.31,4.3101,0.6880
721.31,3.6601,0.8380
721.31,2.9601,1.0380
721.31,-1.3399,1.7380
721.31,3.3101,1.8380
721.31,-0.6399,1.9880
721.31,-0.6899,2.6880
721.31,1.8101,2.9380
721.31,0.7101,3.0880
721.31,0.0101,3.1880
721.31,1.7601,-2.0620
721.31,-0.1899,-2.0620
721.31,-0.0399,3.9380
721.31,3.1601,-0.7620
721.31,-1.3899,1.3880
721.31,-2.6399,0.5380
721.31,3.9101,0.4880
721.31,-2.9899,-0.0620
721.31,-2.1899,-1.1620
721.31,2.6101,1.6880
721.31,1.4601,-3.2620
721.31,1.8601,-2.0120
721.31,3.3601,0.8880
726.52,0.7601,-2.6120
726.52,1.9101,-2.9620
726.52,1.3601,-2.7120
726.52,-1.2899,-2.1620
726.52,-1.8899,-1.2620
726.52,3.7601,-0.4620
726.52,4.1101,0.1880
726.52,4.3101,0.6880
726.52,3.6601,0.8380
726.52,2.9601,1.0380
726.52,-1.3399,1.7380
726.52,3.3101,1.8380
726.52,-0.6399,1.9880
726.52,-0.6899,2.6880
726.52,1.8101,2.9380
726.52,0.7101,3.0880
726.52,0.0101,3.1880
726.52,1.7601,-2.0620
726.52,-0.1899,-2.0620
726.52,-0.0399,3.9380
726.52,3.1601,-0.7620
726.52,-1.3899,1.3880
726.52,-2.6399,0.5380
726.52,3.9101,0.4880
726.52,-2.9899,-0.0620
726.52,-2.1899,-1.1620
726.52,2.6101,1.6880
726.52,1.4601,-3.2620
726.52,1.8601,-2.0120
726.52,3.3601,0.8880
730.11,0.7601,-2.6120
730.11,1.9101,-2.9620
730.11,1.3601,-2.7120
730.11,-1.2899,-2.1620
730.11,-1.8899,-1.2620
730.11,3.7601,-0.4620
730.11,4.1101,0.1880
730.11,4.3101,0.6880
730.11,3.6601,0.8380
730.11,2.9601,1.0380
730.11,-1.3399,1.7380
730.11,3.3101,1.8380
730.11,-0.6399,1.9880
730.11,-0.6899,2.6880
730.11,1.8101,2.9380
730.11,0.7101,3.0880
730.11,0.0101,3.1880
730.11,1.7601,-2.0620
730.11,-0.1899,-2.0620
730.11,-0.0399,3.9380
730.11,3.1601,-0.7620
730.11,-1.3899,1.3880
730.11,-2.6399,0.5380
730.11,3.9101,0.4880
730.11,-2.9899,-0.0620
730.11,-2.1899,-1.1620
730.11,2.6101,1.6880
730.11,1.4601,-3.2620
730.11,1.8601,-2.0120
730.11,3.3601,0.8880
733.27,0.7601,-2.6120
733.27,1.9101,-2.9620
733.27,1.3601,-2.7120
733.27,-1.2899,-2.1620
733.27,-1.8899,-1.2620
733.27,3.7601,-0.4620
733.27,4.1101,0.1880
733.27,4.3101,0.6880
733.27,3.6601,0.8380
733.27,2.9601,1.0380
733.27,-1.3399,1.7380
733.27,3.3101,1.8380
733.27,-0.6399,1.9880
733.27,-0.6899,2.6880
733.27,1.8101,2.9380
733.27,0.7101,3.0880
733.27,0.0101,3.1880
733.27,1.7601,-2.0620
733.27,-0.1899,-2.0620
733.27,-0.0399,3.9380
733.27,3.1601,-0.7620
733.27,-1.3899,1.3880
733.27,-2.6399,0.5380
733.27,3.9101,0.4880
733.27,-2.9899,-0.0620
733.27,-2.1899,-1.1620
733.27,2.6101,1.6880
733.27,1.4601,-3.2620
733.27,1.8601,-2.0120
733.27,3.3601,0.8880
736.34,0.7601,-2.6120
736.34,1.9101,-2.9620
736.34,1.3601,-2.7120
736.34,-1.2899,-2.1620
736.34,-1.8899,-1.2620
736.34,3.7601,-0.4620
736.34,4.1101,0.1880
736.34,4.3101,0.6880
736.34,3.6601,0.8380
736.34,2.9601,1.0380
736.34,-1.3399,1.7380
736.34,3.3101,1.8380
736.34,-0.6399,1.9880
736.34,-0.6899,2.6880
736.34,1.8101,2.9380
736.34,0.7101,3.0880
736.34,0.0101,3.1880
736.34,1.7601,-2.0620
736.34,-0.1899,-2.0620
736.34,-0.0399,3.9380
736.34,3.1601,-0.7620
736.34,-1.3899,1.3880
736.34,-2.6399,0.5380
736.34,3.9101,0.4880
736.34,-2.9899,-0.0620
736.34,-2.1899,-1.1620
736.34,2.6101,1.6880
736.34,1.4601,-3.2620
736.34,1.8601,-2.0120
736.34,3.3601,0.8880
740.58,0.7601,-2.6120
740.58,1.9101,-2.9620
740.58,1.3601,-2.7120
740.58,-1.2899,-2.1620
740.58,-1.8899,-1.2620
740.58,3.7601,-0.4620
740.58,4.1101,0.1880
740.58,4.3101,0.6880
740.58,3.6601,0.8380
740.58,2.9601,1.0380
740.58,-1.3399,1.7380
740.58,3.3101,1.8380
740.58,-0.6399,1.9880
740.58,-0.6899,2.6880
740.58,1.8101,2.9380
740.58,0.7101,3.0880
740.58,0.0101,3.1880
740.58,1.7601,-2.0620
740.58,-0.1899,-2.0620
740.58,-0.0399,3.9380
740.58,3.1601,-0.7620
740.58,-1.3899,1.3880
740.58,-2.6399,0.5380
740.58,3.9101,0.4880
740.58,-2.9899,-0.0620
740.58,-2.1899,-1.1620
740.58,2.6101,1.6880
740.58,1.4601,-3.2620
740.58,1.8601,-2.0120
740.58,3.3601,0.8880
743.76,0.7601,-2.6120
743.76,1.9101,-2.9620
743.76,1.3601,-2.7120
743.76,-1.2899,-2.1620
743.76,-1.8899,-1.2620
743.76,3.7601,-0.4620
743.76,4.1101,0.1880
743.76,4.3101,0.6880
743.76,3.6601,0.8380
743.76,2.9601,1.0380
743.76,-1.3399,1.7380
743.76,3.3101,1.8380
743.76,-0.6399,1.9880
743.76,-0.6899,2.6880
743.76,1.8101,2.9380
743.76,0.7101,3.0880
743.76,0.0101,3.1880
743.76,1.7601,-2.0620
743.76,-0.1899,-2.0620
743.76,-0.0399,3.9380
743.76,3.1601,-0.7620
743.76,-1.3899,1.3880
743.76,-2.6399,0.5380
743.76,3.9101,0.4880
743.76,-2.9899,-0.0620
743.76,-2.1899,-1.1620
743.76,2.6101,1.6880
743.76,1.4601,-3.2620
743.76,1.8601,-2.0120
743.76,3.3601,0.8880
746.92,0.7601,-2.6120
746.92,1.9101,-2.9620
746.92,1.3601,-2.7120
746.92,-1.2899,-2.1620
746.92,-1.8899,-1.2620
746.92,3.7601,-0.4620
746.92,4.1101,0.1880
746.92,4.3101,0.6880
746.92,3.6601,0.8380
746.92,2.9601,1.0380
746.92,-1.3399,1.7380
746.92,3.3101,1.8380
746.92,-0.6399,1.9880
746.92,-0.6899,2.6880
746.92,1.8101,2.9380
746.92,0.7101,3.0880
746.92,0.0101,3.1880
746.92,1.7601,-2.0620
746.92,-0.1899,-2.0620
746.92,-0.0399,3.9380
746.92,3.1601,-0.7620
746.92,-1.3899,1.3880
746.92,-2.6399,0.5380
746.92,3.9101,0.4880
746.92,-2.9899,-0.0620
746.92,-2.1899,-1.1620
746.92,2.6101,1.6880
746.92,1.4601,-3.2620
746.92,1.8601,-2.0120
746.92,3.3601,0.8880
750.04,0.7601,-2.6120
750.04,1.9101,-2.9620
750.04,1.3601,-2.7120
750.04,-1.2899,-2.1620
750.04,-1.8899,-1.2620
750.04,3.7601,-0.4620
750.04,4.1101,0.1880
750.04,4.3101,0.6880
750.04,3.6601,0.8380
750.04,2.9601,1.0380
750.04,-1.3399,1.7380
750.04,3.3101,1.8380
750.04,-0.6399,1.9880
750.04,-0.6899,2.6880
750.04,1.8101,2.9380
750.04,0.7101,3.0880
750.04,0.0101,3.1880
750.04,1.7601,-2.0620
750.04,-0.1899,-2.0620
750.04,-0.0399,3.9380
750.04,3.1601,-0.7620
750.04,-1.3899,1.3880
750.04,-2.6399,0.5380
750.04,3.9101,0.4880
750.04,-2.9899,-0.0620
750.04,-2.1899,-1.1620
750.04,2.6101,1.6880
750.04,1.4601,-3.2620
750.04,1.8601,-2.0120
750.04,3.3601,0.8880
754.16,0.7601,-2.6120
754.16,1.9101,-2.9620
754.16,1.3601,-2.7120
754.16,-1.2899,-2.1620
754.16,-1.8899,-1.2620
754.16,3.7601,-0.4620
754.16,4.1101,0.1880
754.16,4.3101,0.6880
754.16,3.6601,0.8380
754.16,2.9601,1.0380
754.16,-1.3399,1.7380
754.16,3.3101,1.8380
754.16,-0.6399,1.9880
754.16,-0.6899,2.6880
754.16,1.8101,2.9380
754.16,0.7101,3.0880
754.16,0.0101,3.1880
754.16,1.7601,-2.0620
754.16,-0.1899,-2.0620
754.16,-0.0399,3.9380
754.16,3.1601,-0.7620
754.16,-1.3899,1.3880
754.16,-2.6399,0.5380
754.16,3.9101,0.4880
754.16,-2.9899,-0.0620
754.16,-2.1899,-1.1620
754.16,2.6101,1.6880
754.16,1.4601,-3.2620
754.16,1.8601,-2.0120
754.16,3.3601,0.8880
757.25,0.7601,-2.6120
757.25,1.9101,-2.9620
757.25,1.3601,-2.7120
757.25,-1.2899,-2.1620
757.25,-1.8899,-1.2620
757.25,3.7601,-0.4620
757.25,4.1101,0.1880
757.25,4.3101,0.6880
757.25,3.6601,0.8380
757.25,2.9601,1.0380
757.25,-1.3399,1.7380
757.25,3.3101,1.8380
757.25,-0.6399,1.9880
757.25,-0.6899,2.6880
757.25,1.8101,2.9380
757.25,0.7101,3.0880
757.25,0.0101,3.1880
757.25,1.7601,-2.0620
757.25,-0.1899,-2.0620
757.25,-0.0399,3.9380
757.25,3.1601,-0.7620
757.25,-1.3899,1.3880
757.25,-2.6399,0.5380
757.25,3.9101,0.4880
757.25,-2.9899,-0.0620
757.25,-2.1899,-1.1620
757.25,2.6101,1.6880
757.25,1.4601,-3.2620
757.25,1.8601,-2.0120
757.25,3.3601,0.8880
760.33,0.7601,-2.6120
760.33,1.9101,-2.9620
760.33,1.3601,-2.7120
760.33,-1.2899,-2.1620
760.33,-1.8899,-1.2620
760.33,3.7601,-0.4620
760.33,4.1101,0.1880
760.33,4.3101,0.6880
760.33,3.6601,0.8380
760.33,2.9601,1.0380
760.33,-1.3399,1.7380
760.33,3.3101,1.8380
760.33,-0.6399,1.9880
760.33,-0.6899,2.6880
760.33,1.8101,2.9380
760.33,0.7101,3.0880
760.33,0.0101,3.1880
760.33,1.7601,-2.0620
760.33,-0.1899,-2.0620
760.33,-0.0399,3.9380
760.33,3.1601,-0.7620
760.33,-1.3899,1.3880
760.33,-2.6399,0.5380
760.33,3.9101,0.4880
760.33,-2.9899,-0.0620
760.33,-2.1899,-1.1620
760.33,2.6101,1.6880
760.33,1.4601,-3.2620
760.33,1.8601,-2.0120
760.33,3.3601,0.8880
763.44,0.7601,-2.6120
763.44,1.9101,-2.9620
763.44,1.3601,-2.7120
763.44,-1.2899,-2.1620
763.44,-1.8899,-1.2620
763.44,3.7601,-0.4620
763.44,4.1101,0.1880
763.44,4.3101,0.6880
763.44,3.6601,0.8380
763.44,2.9601,1.0380
763.44,-1.3399,1.7380
763.44,3.3101,1.8380
763.44,-0.6399,1.9880
763.44,-0.6899,2.6880
763.44,1.8101,2.9380
763.44,0.7101,3.0880
763.44,0.0101,3.1880
763.44,1.7601,-2.0620
763.44,-0.1899,-2.0620
763.44,-0.0399,3.9380
763.44,3.1601,-0.7620
763.44,-1.3899,1.3880
763.44,-2.6399,0.5380
763.44,3.9101,0.4880
763.44,-2.9899,-0.0620
763.44,-2.1899,-1.1620
763.44,2.6101,1.6880
763.44,1.4601,-3.2620
763.44,1.8601,-2.0120
763.44,3.3601,0.8880
765.02,0.7601,-2.6120
765.02,1.9101,-2.9620
765.02,1.3601,-2.7120
765.02,-1.2899,-2.1620
765.02,-1.8899,-1.2620
765.02,3.7601,-0.4620
765.02,4.1101,0.1880
765.02,4.3101,0.6880
765.02,3.6601,0.8380
765.02,2.9601,1.0380
765.02,-1.3399,1.7380
765.02,3.3101,1.8380
765.02,-0.6399,1.9880
765.02,-0.6899,2.6880
765.02,1.8101,2.9380
765.02,0.7101,3.0880
765.02,0.0101,3.1880
765.02,1.7601,-2.0620
765.02,-0.1899,-2.0620
765.02,-0.0399,3.9380
765.02,3.1601,-0.7620
765.02,-1.3899,1.3880
765.02,-2.6399,0.5380
765.02,3.9101,0.4880
765.02,-2.9899,-0.0620
765.02,-2.1899,-1.1620
765.02,2.6101,1.6880
765.02,1.4601,-3.2620
765.02,1.8601,-2.0120
765.02,3.3601,0.8880
767.17,0.7601,-2.6120
767.17,1.9101,-2.9620
767.17,1.3601,-2.7120
767.17,-1.2899,-2.1620
767.17,-1.8899,-1.2620
767.17,3.7601,-0.4620
767.17,4.1101,0.1880
767.17,4.3101,0.6880
767.17,3.6601,0.8380
767.17,3.0101,1.0380
767.17,-1.0399,1.6880
767.17,3.4101,1.8880
767.17,-0.7399,2.6880
767.17,1.8101,2.9380
767.17,0.7101,3.0880
767.17,0.0101,3.1880
767.17,1.7601,-2.0620
767.17,2.5601,1.7880
767.17,-0.1899,-2.0620
767.17,-0.0399,3.9380
767.17,3.1601,-0.7620
767.17,-2.6399,0.5380
767.17,3.9101,0.4880
767.17,-1.4399,1.3880
767.17,-2.9899,-0.0620
767.17,2.5601,2.2380
767.17,-2.1899,-1.1620
767.17,1.4601,-3.2620
767.17,1.8601,-2.0120
767.17,3.3601,0.8880
772.51,0.7601,-2.6120
772.51,1.9101,-2.9620
772.51,1.3601,-2.7120
772.51,-1.2899,-2.1620
772.51,-1.8899,-1.2620
772.51,3.7601,-0.4620
772.51,4.1101,0.1880
772.51,4.3101,0.6880
772.51,3.6601,0.8380
772.51,3.0101,1.0380
772.51,-1.1899,1.7380
772.51,3.5601,1.8380
772.51,2.6101,2.2880
772.51,-0.7399,2.6880
772.51,1.8101,2.9380
772.51,0.7101,3.0880
772.51,0.0101,3.1880
772.51,1.7601,-2.0620
772.51,-0.1899,-2.0620
772.51,-0.0399,3.9380
772.51,3.1601,-0.7620
772.51,-2.6399,0.5380
772.51,3.9101,0.4880
772.51,-2.9899,-0.0620
772.51,-1.4399,1.3880
772.51,-2.1899,-1.1620
772.51,1.4601,-3.2620
772.51,1.8601,-2.0120
772.51,3.3601,0.8880
772.51,0.6601,-3.4620
775.65,0.7601,-2.6120
775.65,1.9101,-2.9620
775.65,1.3601,-2.7120
775.65,-1.2899,-2.1620
775.65,-1.8899,-1.2620
775.65,3.7601,-0.4620
775.65,4.1101,0.1880
775.65,4.3101,0.6880
775.65,3.6601,0.8380
775.65,3.0101,1.0380
775.65,-1.1899,1.7380
775.65,3.5601,1.8380
775.65,2.6101,2.2880
775.65,-0.7399,2.6880
775.65,1.8101,2.9380
775.65,0.7101,3.0880
775.65,0.0101,3.1880
775.65,1.7601,-2.0620
775.65,-0.1899,-2.0620
775.65,-0.0399,3.9380
775.65,3.1601,-0.7620
775.65,-2.6399,0.5380
775.65,3.9101,0.4880
775.65,-2.9899,-0.0620
775.65,-1.4399,1.3880
775.65,-2.1899,-1.1620
775.65,1.4601,-3.2620
775.65,1.8601,-2.0120
775.65,3.3601,0.8880
775.65,0.6601,-3.4620
778.75,0.7601,-2.6120
778.75,1.9101,-2.9620
778.75,1.3601,-2.7120
778.75,-1.2899,-2.1620
778.75,-1.8899,-1.2620
778.75,3.7601,-0.4620
778.75,4.1101,0.1880
778.75,4.3101,0.6880
778.75,3.6601,0.8380
778.75,3.0101,1.0380
778.75,-1.1899,1.7380
778.75,3.5601,1.8380
778.75,2.6101,2.2880
778.75,-0.7399,2.6880
778.75,1.8101,2.9380
778.75,0.7101,3.0880
778.75,0.0101,3.1880
778.75,1.7601,-2.0620
778.75,-0.1899,-2.0620
778.75,-0.0399,3.9380
778.75,3.1601,-0.7620
778.75,-2.6399,0.5380
778.75,3.9101,0.4880
778.75,-2.9899,-0.0620
778.75,-1.4399,1.3880
778.75,-2.1899,-1.1620
778.75,1.4601,-3.2620
778.75,1.8601,-2.0120
778.75,3.3601,0.8880
778.75,0.6601,-3.4620
781.85,0.7601,-2.6120
781.85,1.9101,-2.9620
781.85,1.3601,-2.7120
781.85,-1.2899,-2.1620
781.85,-1.8899,-1.2620
781.85,3.7601,-0.4620
781.85,4.1101,0.1880
781.85,4.3101,0.6880
781.85,3.6601,0.8380
781.85,3.0101,1.0380
781.85,-1.1899,1.7380
781.85,3.5601,1.8380
781.85,2.6101,2.2880
781.85,-0.7399,2.6880
781.85,1.8101,2.9380
781.85,0.7101,3.0880
781.85,0.0101,3.1880
781.85,1.7601,-2.0620
781.85,-0.1899,-2.0620
781.85,-0.0399,3.9380
781.85,3.1601,-0.7620
781.85,-2.6399,0.5380
781.85,3.9101,0.4880
781.85,-2.9899,-0.0620
781.85,-1.4399,1.3880
781.85,-2.1899,-1.1620
781.85,1.4601,-3.2620
781.85,1.8601,-2.0120
781.85,3.3601,0.8880
781.85,0.6601,-3.4620
785.84,0.7601,-2.6120
785.84,1.9101,-2.9620
785.84,1.3601,-2.7120
785.84,-1.2899,-2.1620
785.84,-1.8899,-1.2620
785.84,3.7601,-0.4620
785.84,4.1101,0.1880
785.84,4.3101,0.6880
785.84,3.6601,0.8380
785.84,3.0101,1.0380
785.84,-1.1899,1.7380
785.84,3.5601,1.8380
785.84,2.6101,2.2880
785.84,-0.7399,2.6880
785.84,1.8101,2.9380
785.84,0.7101,3.0880
785.84,0.0101,3.1880
785.84,1.7601,-2.0620
785.84,-0.1899,-2.0620
785.84,-0.0399,3.9380
785.84,3.1601,-0.7620
785.84,-2.6399,0.5380
785.84,3.9101,0.4880
785.84,-2.9899,-0.0620
785.84,-1.4399,1.3880
785.84,-2.1899,-1.1620
785.84,1.4601,-3.2620
785.84,1.8601,-2.0120
785.84,3.3601,0.8880
785.84,0.6601,-3.4620
788.96,0.7601,-2.6120
788.96,1.9101,-2.9620
788.96,1.3601,-2.7120
788.96,-1.2899,-2.1620
788.96,-1.8899,-1.2620
788.96,3.7601,-0.4620
788.96,4.1101,0.1880
788.96,4.3101,0.6880
788.96,3.6601,0.8380
788.96,3.0101,1.0380
788.96,-1.1899,1.7380
788.96,3.5601,1.8380
788.96,2.6101,2.2880
788.96,-0.7399,2.6880
788.96,1.8101,2.9380
788.96,0.7101,3.0880
788.96,0.0101,3.1880
788.96,1.7601,-2.0620
788.96,-0.1899,-2.0620
788.96,-0.0399,3.9380
788.96,3.1601,-0.7620
788.96,-2.6399,0.5380
788.96,3.9101,0.4880
788.96,-2.9899,-0.0620
788.96,-1.4399,1.3880
788.96,-2.1899,-1.1620
788.96,1.4601,-3.2620
788.96,1.8601,-2.0120
788.96,3.3601,0.8880
788.96,0.6601,-3.4620
792.06,0.7601,-2.6120
792.06,1.9101,-2.9620
792.06,1.3601,-2.7120
792.06,-1.2899,-2.1620
792.06,-1.8899,-1.2620
792.06,3.7601,-0.4620
792.06,4.1101,0.1880
792.06,4.3101,0.6880
792.06,3.6601,0.8380
792.06,3.0101,1.0380
792.06,-1.1899,1.7380
792.06,3.5601,1.8380
792.06,2.6101,2.2880
792.06,-0.7399,2.6880
792.06,1.8101,2.9380
792.06,0.7101,3.0880
792.06,0.0101,3.1880
792.06,1.7601,-2.0620
792.06,-0.1899,-2.0620
792.06,-0.0399,3.9380
792.06,3.1601,-0.7620
792.06,-2.6399,0.5380
792.06,3.9101,0.4880
792.06,-2.9899,-0.0620
792.06,-1.4399,1.3880
792.06,-2.1899,-1.1620
792.06,1.4601,-3.2620
792.06,1.8601,-2.0120
792.06,3.3601,0.8880
792.06,0.6601,-3.4620
795.17,0.7601,-2.6120
795.17,1.9101,-2.9620
795.17,1.3601,-2.7120
795.17,-1.2899,-2.1620
795.17,-1.8899,-1.2620
795.17,3.7601,-0.4620
795.17,4.1101,0.1880
795.17,4.3101,0.6880
795.17,3.6601,0.8380
795.17,3.0101,1.0380
795.17,-1.1899,1.7380
795.17,3.5601,1.8380
795.17,2.6101,2.2880
795.17,-0.7399,2.6880
795.17,1.8101,2.9380
795.17,0.7101,3.0880
795.17,0.0101,3.1880
795.17,1.7601,-2.0620
795.17,-0.1899,-2.0620
795.17,-0.0399,3.9380
795.17,3.1601,-0.7620
795.17,-2.6399,0.5380
795.17,3.9101,0.4880
795.17,-2.9899,-0.0620
795.17,-1.4399,1.3880
795.17,-2.1899,-1.1620
795.17,1.4601,-3.2620
795.17,1.8601,-2.0120
795.17,3.3601,0.8880
795.17,0.6601,-3.4620
798.84,0.7601,-2.6120
798.84,1.9101,-2.9620
798.84,1.3601,-2.7120
798.84,-1.2899,-2.1620
798.84,-1.8899,-1.2620
798.84,3.7601,-0.4620
798.84,4.1101,0.1880
798.84,4.3101,0.6880
798.84,3.6601,0.8380
798.84,3.0101,1.0380
798.84,-1.1899,1.7380
798.84,3.5601,1.8380
798.84,2.6101,2.2880
798.84,-0.7399,2.6880
798.84,1.8101,2.9380
798.84,0.7101,3.0880
798.84,0.0101,3.1880
798.84,1.7601,-2.0620
798.84,-0.1899,-2.0620
798.84,-0.0399,3.9380
798.84,3.1601,-0.7620
798.84,-2.6399,0.5380
798.84,3.9101,0.4880
798.84,-2.9899,-0.0620
798.84,-1.4399,1.3880
798.84,-2.1899,-1.1620
798.84,1.4601,-3.2620
798.84,1.8601,-2.0120
798.84,3.3601,0.8880
798.84,0.6601,-3.4620
801.94,0.7601,-2.6120
801.94,1.9101,-2.9620
801.94,1.3601,-2.7120
801.94,-1.2899,-2.1620
801.94,-1.8899,-1.2620
801.94,3.7601,-0.4620
801.94,4.1101,0.1880
801.94,4.3101,0.6880
801.94,3.6601,0.8380
801.94,3.0101,1.0380
801.94,-1.1899,1.7380
801.94,3.5601,1.8380
801.94,2.6101,2.2880
801.94,-0.7399,2.6880
801.94,1.8101,2.9380
801.94,0.7101,3.0880
801.94,0.0101,3.1880
801.94,1.7601,-2.0620
801.94,-0.1899,-2.0620
801.94,-0.0399,3.9380
801.94,3.1601,-0.7620
801.94,-2.6399,0.5380
801.94,3.9101,0.4880
801.94,-2.9899,-0.0620
801.94,-1.4399,1.3880
801.94,-2.1899,-1.1620
801.94,1.4601,-3.2620
801.94,1.8601,-2.0120
801.94,3.3601,0.8880
801.94,0.6601,-3.4620
805.11,0.7601,-2.6120
805.11,1.9101,-2.9620
805.11,1.3601,-2.7120
805.11,-1.2899,-2.1620
805.11,-1.8899,-1.2620
805.11,3.7601,-0.4620
805.11,4.1101,0.1880
805.11,4.3101,0.6880
805.11,3.6601,0.8380
805.11,3.0101,1.0380
805.11,-1.1899,1.7380
805.11,3.5601,1.8380
805.11,2.6101,2.2880
805.11,-0.7399,2.6880
805.11,1.8101,2.9380
805.11,0.7101,3.0880
805.11,0.0101,3.1880
805.11,1.7601,-2.0620
805.11,-0.1899,-2.0620
805.11,-0.0399,3.9380
805.11,3.1601,-0.7620
805.11,-2.6399,0.5380
805.11,3.9101,0.4880
805.11,-2.9899,-0.0620
805.11,-1.4399,1.3880
805.11,-2.1899,-1.1620
805.11,1.4601,-3.2620
805.11,1.8601,-2.0120
805.11,3.3601,0.8880
805.11,0.6601,-3.4620
808.22,0.7601,-2.6120
808.22,1.9101,-2.9620
808.22,1.3601,-2.7120
808.22,-1.2899,-2.1620
808.22,-1.8899,-1.2620
808.22,3.7601,-0.4620
808.22,4.1101,0.1880
808.22,4.3101,0.6880
808.22,3.6601,0.8380
808.22,3.0101,1.0380
808.22,-1.1899,1.7380
808.22,3.5601,1.8380
808.22,2.6101,2.2880
808.22,-0.7399,2.6880
808.22,1.8101,2.9380
808.22,0.7101,3.0880
808.22,0.0101,3.1880
808.22,1.7601,-2.0620
808.22,-0.1899,-2.0620
808.22,-0.0399,3.9380
808.22,3.1601,-0.7620
808.22,-2.6399,0.5380
808.22,3.9101,0.4880
808.22,-2.9899,-0.0620
808.22,-1.4399,1.3880
808.22,-2.1899,-1.1620
808.22,1.4601,-3.2620
808.22,1.8601,-2.0120
808.22,3.3601,0.8880
808.22,0.6601,-3.4620
809.29,0.7601,-2.6120
809.29,1.9101,-2.9620
809.29,1.3601,-2.7120
809.29,-1.2899,-2.1620
809.29,-1.8899,-1.2620
809.29,3.7601,-0.4620
809.29,4.1101,0.1880
809.29,4.3101,0.6880
809.29,3.6601,0.8380
809.29,3.0101,1.0380
809.29,-1.1899,1.7380
809.29,3.5601,1.8380
809.29,2.6101,2.2880
809.29,-0.7399,2.6880
809.29,1.8101,2.9380
809.29,0.7101,3.0880
809.29,0.0101,3.1880
809.29,1.7601,-2.0620
809.29,-0.1899,-2.0620
809.29,-0.0399,3.9380
809.29,3.1601,-0.7620
809.29,-2.6399,0.5380
809.29,3.9101,0.4880
809.29,-2.9899,-0.0620
809.29,-1.4399,1.3880
809.29,-2.1899,-1.1620
809.29,1.4601,-3.2620
809.29,1.8601,-2.0120
809.29,3.3601,0.8880
809.29,0.6601,-3.4620
811.24,0.7601,-2.6120
811.24,1.9101,-2.9620
811.24,1.3601,-2.7120
811.24,-1.2899,-2.1620
811.24,-1.8899,-1.2620
811.24,3.7601,-0.4620
811.24,4.1101,0.1880
811.24,4.3101,0.6880
811.24,3.6601,0.8380
811.24,3.0101,1.0380
811.24,-1.3399,1.6880
811.24,3.5601,1.8380
811.24,3.2101,2.1880
811.24,-0.7399,2.6880
811.24,2.6101,2.1880
811.24,1.8101,2.8880
811.24,0.7101,3.0880
811.24,2.6601,2.4880
811.24,0.0101,3.1880
811.24,1.7601,-2.0620
811.24,-0.1899,-2.0620
811.24,-0.0399,3.9380
811.24,3.1601,-0.7620
811.24,-2.6399,0.5380
811.24,3.9101,0.4880
811.24,-0.8899,1.8880
811.24,-2.9899,-0.0620
811.24,-1.4399,1.3880
811.24,-2.1899,-1.1620
811.24,1.4601,-3.2620
817.20,0.7601,-2.6120
817.20,1.9101,-2.9620
817.20,1.3601,-2.7120
817.20,-1.2899,-2.1620
817.20,-1.8899,-1.2620
817.20,3.7601,-0.4620
817.20,4.1101,0.1880
817.20,4.3101,0.6880
817.20,3.6601,0.8380
817.20,3.0101,1.0380
817.20,-1.3399,1.6880
817.20,3.5601,1.8380
817.20,3.2101,2.2880
817.20,-0.7399,2.6880
817.20,2.2101,2.8380
817.20,0.7101,3.0880
817.20,0.0101,3.1880
817.20,1.7601,-2.0620
817.20,-0.1899,-2.0620
817.20,-0.0399,3.9380
817.20,3.1601,-0.7620
817.20,-2.6399,0.5380
817.20,3.9101,0.4880
817.20,-0.8899,1.8880
817.20,-2.9899,-0.0620
817.20,-2.1899,-1.1620
817.20,-1.4399,1.3880
817.20,1.4601,-3.2620
817.20,1.8601,-2.0120
817.20,3.3601,0.8880
820.29,0.7601,-2.6120
820.29,1.9101,-2.9620
820.29,1.3601,-2.7120
820.29,-1.2899,-2.1620
820.29,-1.8899,-1.2620
820.29,3.7601,-0.4620
820.29,4.1101,0.1880
820.29,4.3101,0.6880
820.29,3.6601,0.8380
820.29,3.0101,1.0380
820.29,-1.3399,1.6880
820.29,3.5601,1.8380
820.29,3.2101,2.2880
820.29,-0.7399,2.6880
820.29,2.2101,2.8380
820.29,0.7101,3.0880
820.29,0.0101,3.1880
820.29,1.7601,-2.0620
820.29,-0.1899,-2.0620
820.29,-0.0399,3.9380
820.29,3.1601,-0.7620
820.29,-2.6399,0.5380
820.29,3.9101,0.4880
820.29,-0.8899,1.8880
820.29,-2.9899,-0.0620
820.29,-2.1899,-1.1620
820.29,-1.4399,1.3880
820.29,1.4601,-3.2620
820.29,1.8601,-2.0120
820.29,3.3601,0.8880
823.45,0.7601,-2.6120
823.45,1.9101,-2.9620
823.45,1.3601,-2.7120
823.45,-1.2899,-2.1620
823.45,-1.8899,-1.2620
823.45,3.7601,-0.4620
823.45,4.1101,0.1880
823.45,4.3101,0.6880
823.45,3.6601,0.8380
823.45,3.0101,1.0380
823.45,-1.3399,1.6880
823.45,3.5601,1.8380
823.45,3.2101,2.2880
823.45,-0.7399,2.6880
823.45,2.2101,2.8380
823.45,0.7101,3.0880
823.45,0.0101,3.1880
823.45,1.7601,-2.0620
823.45,-0.1899,-2.0620
823.45,-0.0399,3.9380
823.45,3.1601,-0.7620
823.45,-2.6399,0.5380
823.45,3.9101,0.4880
823.45,-0.8899,1.8880
823.45,-2.9899,-0.0620
823.45,-2.1899,-1.1620
823.45,-1.4399,1.3880
823.45,1.4601,-3.2620
823.45,1.8601,-2.0120
823.45,3.3601,0.8880
826.52,0.7601,-2.6120
826.52,1.9101,-2.9620
826.52,1.3601,-2.7120
826.52,-1.2899,-2.1620
826.52,-1.8899,-1.2620
826.52,3.7601,-0.4620
826.52,4.1101,0.1880
826.52,4.3101,0.6880
826.52,3.6601,0.8380
826.52,3.0101,1.0380
826.52,-1.3399,1.6880
826.52,3.5601,1.8380
826.52,3.2101,2.2880
826.52,-0.7399,2.6880
826.52,2.2101,2.8380
826.52,0.7101,3.0880
826.52,0.0101,3.1880
826.52,1.7601,-2.0620
826.52,-0.1899,-2.0620
826.52,-0.0399,3.9380
826.52,3.1601,-0.7620
826.52,-2.6399,0.5380
826.52,3.9101,0.4880
826.52,-0.8899,1.8880
826.52,-2.9899,-0.0620
826.52,-2.1899,-1.1620
826.52,-1.4399,1.3880
826.52,1.4601,-3.2620
826.52,1.8601,-2.0120
826.52,3.3601,0.8880
830.92,0.7601,-2.6120
830.92,1.9101,-2.9620
830.92,1.3601,-2.7120
830.92,-1.2899,-2.1620
830.92,-1.8899,-1.2620
830.92,3.7601,-0.4620
830.92,4.1101,0.1880
830.92,4.3101,0.6880
830.92,3.6601,0.8380
830.92,3.0101,1.0380
830.92,-1.3399,1.6880
830.92,3.5601,1.8380
830.92,3.2101,2.2880
830.92,-0.7399,2.6880
830.92,2.2101,2.8380
830.92,0.7101,3.0880
830.92,0.0101,3.1880
830.92,1.7601,-2.0620
830.92,-0.1899,-2.0620
830.92,-0.0399,3.9380
830.92,3.1601,-0.7620
830.92,-2.6399,0.5380
830.92,3.9101,0.4880
830.92,-0.8899,1.8880
830.92,-2.9899,-0.0620
830.92,-2.1899,-1.1620
830.92,-1.4399,1.3880
830.92,1.4601,-3.2620
830.92,1.8601,-2.0120
830.92,3.3601,0.8880
834.08,0.7601,-2.6120
834.08,1.9101,-2.9620
834.08,1.3601,-2.7120
834.08,-1.2899,-2.1620
834.08,-1.8899,-1.2620
834.08,3.7601,-0.4620
834.08,4.1101,0.1880
834.08,4.3101,0.6880
834.08,3.6601,0.8380
834.08,3.0101,1.0380
834.08,-1.3399,1.6880
834.08,3.5601,1.8380
834.08,3.2101,2.2880
834.08,-0.7399,2.6880
834.08,2.2101,2.8380
834.08,0.7101,3.0880
834.08,0.0101,3.1880
834.08,1.7601,-2.0620
834.08,-0.1899,-2.0620
834.08,-0.0399,3.9380
834.08,3.1601,-0.7620
834.08,-2.6399,0.5380
834.08,3.9101,0.4880
834.08,-0.8899,1.8880
834.08,-2.9899,-0.0620
834.08,-2.1899,-1.1620
834.08,-1.4399,1.3880
834.08,1.4601,-3.2620
834.08,1.8601,-2.0120
834.08,3.3601,0.8880
837.17,0.7601,-2.6120
837.17,1.9101,-2.9620
837.17,1.3601,-2.7120
837.17,-1.2899,-2.1620
837.17,-1.8899,-1.2620
837.17,3.7601,-0.4620
837.17,4.1101,0.1880
837.17,4.3101,0.6880
837.17,3.6601,0.8380
837.17,3.0101,1.0380
837.17,-1.3399,1.6880
837.17,3.5601,1.8380
837.17,3.2101,2.2880
837.17,-0.7399,2.6880
837.17,2.2101,2.8380
837.17,0.7101,3.0880
837.17,0.0101,3.1880
837.17,1.7601,-2.0620
837.17,-0.1899,-2.0620
837.17,-0.0399,3.9380
837.17,3.1601,-0.7620
837.17,-2.6399,0.5380
837.17,3.9101,0.4880
837.17,-0.8899,1.8880
837.17,-2.9899,-0.0620
837.17,-2.1899,-1.1620
837.17,-1.4399,1.3880
837.17,1.4601,-3.2620
837.17,1.8601,-2.0120
837.17,3.3601,0.8880
840.26,0.7601,-2.6120
840.26,1.9101,-2.9620
840.26,1.3601,-2.7120
840.26,-1.2899,-2.1620
840.26,-1.8899,-1.2620
840.26,3.7601,-0.4620
840.26,4.1101,0.1880
840.26,4.3101,0.6880
840.26,3.6601,0.8380
840.26,3.0101,1.0380
840.26,-1.3399,1.6880
840.26,3.5601,1.8380
840.26,3.2101,2.2880
840.26,-0.7399,2.6880
840.26,2.2101,2.8380
840.26,0.7101,3.0880
840.26,0.0101,3.1880
840.26,1.7601,-2.0620
840.26,-0.1899,-2.0620
840.26,-0.0399,3.9380
840.26,3.1601,-0.7620
840.26,-2.6399,0.5380
840.26,3.9101,0.4880
840.26,-0.8899,1.8880
840.26,-2.9899,-0.0620
840.26,-2.1899,-1.1620
840.26,-1.4399,1.3880
840.26,1.4601,-3.2620
840.26,1.8601,-2.0120
840.26,3.3601,0.8880
844.44,0.7601,-2.6120
844.44,1.9101,-2.9620
844.44,1.3601,-2.7120
844.44,-1.2899,-2.1620
844.44,-1.8899,-1.2620
844.44,3.7601,-0.4620
844.44,4.1101,0.1880
844.44,4.3101,0.6880
844.44,3.6601,0.8380
844.44,3.0101,1.0380
844.44,-1.3399,1.6880
844.44,3.5601,1.8380
844.44,3.2101,2.2880
844.44,-0.7399,2.6880
844.44,2.2101,2.8380
844.44,0.7101,3.0880
844.44,0.0101,3.1880
844.44,1.7601,-2.0620
844.44,-0.1899,-2.0620
844.44,-0.0399,3.9380
844.44,3.1601,-0.7620
844.44,-2.6399,0.5380
844.44,3.9101,0.4880
844.44,-0.8899,1.8880
844.44,-2.9899,-0.0620
844.44,-2.1899,-1.1620
844.44,-1.4399,1.3880
844.44,1.4601,-3.2620
844.44,1.8601,-2.0120
844.44,3.3601,0.8880
847.52,0.7601,-2.6120
847.52,1.9101,-2.9620
847.52,1.3601,-2.7120
847.52,-1.2899,-2.1620
847.52,-1.8899,-1.2620
847.52,3.7601,-0.4620
847.52,4.1101,0.1880
847.52,4.3101,0.6880
847.52,3.6601,0.8380
847.52,3.0101,1.0380
847.52,-1.3399,1.6880
847.52,3.5601,1.8380
847.52,3.2101,2.2880
847.52,-0.7399,2.6880
847.52,2.2101,2.8380
847.52,0.7101,3.0880
847.52,0.0101,3.1880
847.52,1.7601,-2.0620
847.52,-0.1899,-2.0620
847.52,-0.0399,3.9380
847.52,3.1601,-0.7620
847.52,-2.6399,0.5380
847.52,3.9101,0.4880
847.52,-0.8899,1.8880
847.52,-2.9899,-0.0620
847.52,-2.1899,-1.1620
847.52,-1.4399,1.3880
847.52,1.4601,-3.2620
847.52,1.8601,-2.0120
847.52,3.3601,0.8880
850.64,0.7601,-2.6120
850.64,1.9101,-2.9620
850.64,1.3601,-2.7120
850.64,-1.2899,-2.1620
850.64,-1.8899,-1.2620
850.64,3.7601,-0.4620
850.64,4.1101,0.1880
850.64,4.3101,0.6880
850.64,3.6601,0.8380
850.64,3.0101,1.0380
850.64,-1.3399,1.6880
850.64,3.5601,1.8380
850.64,3.2101,2.2880
850.64,-0.7399,2.6880
850.64,2.2101,2.8380
850.64,0.7101,3.0880
850.64,0.0101,3.1880
850.64,1.7601,-2.0620
850.64,-0.1899,-2.0620
850.64,-0.0399,3.9380
850.64,3.1601,-0.7620
850.64,-2.6399,0.5380
850.64,3.9101,0.4880
850.64,-0.8899,1.8880
850.64,-2.9899,-0.0620
850.64,-2.1899,-1.1620
850.64,-1.4399,1.3880
850.64,1.4601,-3.2620
850.64,1.8601,-2.0120
850.64,3.3601,0.8880
853.72,0.7601,-2.6120
853.72,1.9101,-2.9620
853.72,1.3601,-2.7120
853.72,-1.2899,-2.1620
853.72,-1.8899,-1.2620
853.72,3.7601,-0.4620
853.72,4.1101,0.1880
853.72,4.3101,0.6880
853.72,3.6601,0.8380
853.72,3.0101,1.0380
853.72,-1.3399,1.6880
853.72,3.5601,1.8380
853.72,3.2101,2.2880
853.72,-0.7399,2.6880
853.72,2.2101,2.8380
853.72,0.7101,3.0880
853.72,0.0101,3.1880
853.72,1.7601,-2.0620
853.72,-0.1899,-2.0620
853.72,-0.0399,3.9380
853.72,3.1601,-0.7620
853.72,-2.6399,0.5380
853.72,3.9101,0.4880
853.72,-0.8899,1.8880
853.72,-2.9899,-0.0620
853.72,-2.1899,-1.1620
853.72,-1.4399,1.3880
853.72,1.4601,-3.2620
853.72,1.8601,-2.0120
853.72,3.3601,0.8880
855.36,0.7601,-2.6120
855.36,1.9101,-2.9620
855.36,1.3601,-2.7120
855.36,-1.2899,-2.1620
855.36,-1.8899,-1.2620
855.36,3.7601,-0.4620
855.36,4.1101,0.1880
855.36,4.3101,0.6880
855.36,3.6601,0.8380
855.36,3.0101,1.0380
855.36,-1.3399,1.6880
855.36,3.5601,1.8380
855.36,3.2101,2.2880
855.36,-0.7399,2.6880
855.36,2.2101,2.8380
855.36,0.7101,3.0880
855.36,0.0101,3.1880
855.36,1.7601,-2.0620
855.36,-0.1899,-2.0620
855.36,-0.0399,3.9380
855.36,3.1601,-0.7620
855.36,-2.6399,0.5380
855.36,3.9101,0.4880
855.36,-0.8899,1.8880
855.36,-2.9899,-0.0620
855.36,-2.1899,-1.1620
855.36,-1.4399,1.3880
855.36,1.4601,-3.2620
855.36,1.8601,-2.0120
855.36,3.3601,0.8880
857.36,0.7601,-2.6120
857.36,1.9101,-2.9620
857.36,1.3601,-2.7120
857.36,-1.2899,-2.1620
857.36,-1.8899,-1.2620
857.36,3.7601,-0.4620
857.36,4.1101,0.1880
857.36,4.3101,0.6880
857.36,3.6601,0.8380
857.36,3.0101,1.0380
857.36,-0.8899,1.5380
857.36,3.5601,1.8380
857.36,-1.5399,1.7880
857.36,3.4601,2.3380
857.36,-0.7399,2.6880
857.36,2.2601,2.8380
857.36,0.7101,3.0880
857.36,0.0101,3.1880
857.36,1.7601,-2.0620
857.36,-0.1899,-2.0620
857.36,2.6101,2.1880
857.36,-0.0399,3.9380
857.36,3.1601,-0.7620
857.36,-2.6399,0.5380
857.36,3.9101,0.4880
857.36,-0.8899,1.8880
857.36,-2.9899,-0.0620
857.36,-2.1899,-1.1620
857.36,-1.4399,1.3880
857.36,1.4601,-3.2620
862.96,0.7601,-2.6120
862.96,1.9101,-2.9620
862.96,1.3601,-2.7120
862.96,-1.2899,-2.1620
862.96,-1.8899,-1.2620
862.96,3.7601,-0.4620
862.96,4.1101,0.1880
862.96,4.3101,0.6880
862.96,3.6601,0.8380
862.96,3.0101,1.0380
862.96,3.5601,1.8380
862.96,-1.5399,1.7880
862.96,3.5101,2.3880
862.96,-0.7399,2.6880
862.96,1.8601,2.8880
862.96,0.7101,3.0880
862.96,2.7601,2.8880
862.96,0.0101,3.1880
862.96,1.7601,-2.0620
862.96,-0.1899,-2.0620
862.96,-0.0399,3.9380
862.96,3.1601,-0.7620
862.96,-0.8899,1.4880
862.96,-2.6399,0.5380
862.96,3.9101,0.4880
862.96,-0.8899,1.8880
862.96,-2.9899,-0.0620
862.96,-2.1899,-1.1620
862.96,-1.4399,1.3880
862.96,1.4601,-3.2620
866.08,0.7601,-2.6120
866.08,1.9101,-2.9620
866.08,1.3601,-2.7120
866.08,-1.2899,-2.1620
866.08,-1.8899,-1.2620
866.08,3.7601,-0.4620
866.08,4.1101,0.1880
866.08,4.3101,0.6880
866.08,3.6601,0.8380
866.08,3.0101,1.0380
866.08,3.5601,1.8380
866.08,-1.5399,1.7880
866.08,3.5101,2.3880
866.08,-0.7399,2.6880
866.08,1.8601,2.8880
866.08,0.7101,3.0880
866.08,2.7601,2.8880
866.08,0.0101,3.1880
866.08,1.7601,-2.0620
866.08,-0.1899,-2.0620
866.08,-0.0399,3.9380
866.08,3.1601,-0.7620
866.08,-0.8899,1.4880
866.08,-2.6399,0.5380
866.08,3.9101,0.4880
866.08,-0.8899,1.8880
866.08,-2.9899,-0.0620
866.08,-2.1899,-1.1620
866.08,-1.4399,1.3880
866.08,1.4601,-3.2620
869.18,0.7601,-2.6120
869.18,1.9101,-2.9620
869.18,1.3601,-2.7120
869.18,-1.2899,-2.1620
869.18,-1.8899,-1.2620
869.18,3.7601,-0.4620
869.18,4.1101,0.1880
869.18,4.3101,0.6880
869.18,3.6601,0.8380
869.18,3.0101,1.0380
869.18,3.5601,1.8380
869.18,-1.5399,1.7880
869.18,3.5101,2.3880
869.18,-0.7399,2.6880
869.18,1.8601,2.8880
869.18,0.7101,3.0880
869.18,2.7601,2.8880
869.18,0.0101,3.1880
869.18,1.7601,-2.0620
869.18,-0.1899,-2.0620
869.18,-0.0399,3.9380
869.18,3.1601,-0.7620
869.18,-0.8899,1.4880
869.18,-2.6399,0.5380
869.18,3.9101,0.4880
869.18,-0.8899,1.8880
869.18,-2.9899,-0.0620
869.18,-2.1899,-1.1620
869.18,-1.4399,1.3880
869.18,1.4601,-3.2620
872.27,0.7601,-2.6120
872.27,1.9101,-2.9620
872.27,1.3601,-2.7120
872.27,-1.2899,-2.1620
872.27,-1.8899,-1.2620
872.27,3.7601,-0.4620
872.27,4.1101,0.1880
872.27,4.3101,0.6880
872.27,3.6601,0.8380
872.27,3.0101,1.0380
872.27,3.5601,1.8380
872.27,-1.5399,1.7880
872.27,3.5101,2.3880
872.27,-0.7399,2.6880
872.27,1.8601,2.8880
872.27,0.7101,3.0880
872.27,2.7601,2.8880
872.27,0.0101,3.1880
872.27,1.7601,-2.0620
872.27,-0.1899,-2.0620
872.27,-0.0399,3.9380
872.27,3.1601,-0.7620
872.27,-0.8899,1.4880
872.27,-2.6399,0.5380
872.27,3.9101,0.4880
872.27,-0.8899,1.8880
872.27,-2.9899,-0.0620
872.27,-2.1899,-1.1620
872.27,-1.4399,1.3880
872.27,1.4601,-3.2620
876.83,0.7601,-2.6120
876.83,1.9101,-2.9620
876.83,1.3601,-2.7120
876.83,-1.2899,-2.1620
876.83,-1.8899,-1.2620
876.83,3.7601,-0.4620
876.83,4.1101,0.1880
876.83,4.3101,0.6880
876.83,3.6601,0.8380
876.83,3.0101,1.0380
876.83,3.5601,1.8380
876.83,-1.5399,1.7880
876.83,3.5101,2.3880
876.83,-0.7399,2.6880
876.83,1.8601,2.8880
876.83,0.7101,3.0880
876.83,2.7601,2.8880
876.83,0.0101,3.1880
876.83,1.7601,-2.0620
876.83,-0.1899,-2.0620
876.83,-0.0399,3.9380
876.83,3.1601,-0.7620
876.83,-0.8899,1.4880
876.83,-2.6399,0.5380
876.83,3.9101,0.4880
876.83,-0.8899,1.8880
876.83,-2.9899,-0.0620
876.83,-2.1899,-1.1620
876.83,-1.4399,1.3880
876.83,1.4601,-3.2620
879.94,0.7601,-2.6120
879.94,1.9101,-2.9620
879.94,1.3601,-2.7120
879.94,-1.2899,-2.1620
879.94,-1.8899,-1.2620
879.94,3.7601,-0.4620
879.94,4.1101,0.1880
879.94,4.3101,0.6880
879.94,3.6601,0.8380
879.94,3.0101,1.0380
879.94,3.5601,1.8380
879.94,-1.5399,1.7880
879.94,3.5101,2.3880
879.94,-0.7399,2.6880
879.94,1.8601,2.8880
879.94,0.7101,3.0880
879.94,2.7601,2.8880
879.94,0.0101,3.1880
879.94,1.7601,-2.0620
879.94,-0.1899,-2.0620
879.94,-0.0399,3.9380
879.94,3.1601,-0.7620
879.94,-0.8899,1.4880
879.94,-2.6399,0.5380
879.94,3.9101,0.4880
879.94,-0.8899,1.8880
879.94,-2.9899,-0.0620
879.94,-2.1899,-1.1620
879.94,-1.4399,1.3880
879.94,1.4601,-3.2620
883.04,0.7601,-2.6120
883.04,1.9101,-2.9620
883.04,1.3601,-2.7120
883.04,-1.2899,-2.1620
883.04,-1.8899,-1.2620
883.04,3.7601,-0.4620
883.04,4.1101,0.1880
883.04,4.3101,0.6880
883.04,3.6601,0.8380
883.04,3.0101,1.0380
883.04,3.5601,1.8380
883.04,-1.5399,1.7880
883.04,3.5101,2.3880
883.04,-0.7399,2.6880
883.04,1.8601,2.8880
883.04,0.7101,3.0880
883.04,2.7601,2.8880
883.04,0.0101,3.1880
883.04,1.7601,-2.0620
883.04,-0.1899,-2.0620
883.04,-0.0399,3.9380
883.04,3.1601,-0.7620
883.04,-0.8899,1.4880
883.04,-2.6399,0.5380
883.04,3.9101,0.4880
883.04,-0.8899,1.8880
883.04,-2.9899,-0.0620
883.04,-2.1899,-1.1620
883.04,-1.4399,1.3880
883.04,1.4601,-3.2620
886.12,0.7601,-2.6120
886.12,1.9101,-2.9620
886.12,1.3601,-2.7120
886.12,-1.2899,-2.1620
886.12,-1.8899,-1.2620
886.12,3.7601,-0.4620
886.12,4.1101,0.1880
886.12,4.3101,0.6880
886.12,3.6601,0.8380
886.12,3.0101,1.0380
886.12,3.5601,1.8380
886.12,-1.5399,1.7880
886.12,3.5101,2.3880
886.12,-0.7399,2.6880
886.12,1.8601,2.8880
886.12,0.7101,3.0880
886.12,2.7601,2.8880
886.12,0.0101,3.1880
886.12,1.7601,-2.0620
886.12,-0.1899,-2.0620
886.12,-0.0399,3.9380
886.12,3.1601,-0.7620
886.12,-0.8899,1.4880
886.12,-2.6399,0.5380
886.12,3.9101,0.4880
886.12,-0.8899,1.8880
886.12,-2.9899,-0.0620
886.12,-2.1899,-1.1620
886.12,-1.4399,1.3880
886.12,1.4601,-3.2620
890.38,0.7601,-2.6120
890.38,1.9101,-2.9620
890.38,1.3601,-2.7120
890.38,-1.2899,-2.1620
890.38,-1.8899,-1.2620
890.38,3.7601,-0.4620
890.38,4.1101,0.1880
890.38,4.3101,0.6880
890.38,3.6601,0.8380
890.38,3.0101,1.0380
890.38,3.5601,1.8380
890.38,-1.5399,1.7880
890.38,3.5101,2.3880
890.38,-0.7399,2.6880
890.38,1.8601,2.8880
890.38,0.7101,3.0880
890.38,2.7601,2.8880
890.38,0.0101,3.1880
890.38,1.7601,-2.0620
890.38,-0.1899,-2.0620
890.38,-0.0399,3.9380
890.38,3.1601,-0.7620
890.38,-0.8899,1.4880
890.38,-2.6399,0.5380
890.38,3.9101,0.4880
890.38,-0.8899,1.8880
890.38,-2.9899,-0.0620
890.38,-2.1899,-1.1620
890.38,-1.4399,1.3880
890.38,1.4601,-3.2620
893.54,0.7601,-2.6120
893.54,1.9101,-2.9620
893.54,1.3601,-2.7120
893.54,-1.2899,-2.1620
893.54,-1.8899,-1.2620
893.54,3.7601,-0.4620
893.54,4.1101,0.1880
893.54,4.3101,0.6880
893.54,3.6601,0.8380
893.54,3.0101,1.0380
893.54,3.5601,1.8380
893.54,-1.5399,1.7880
893.54,3.5101,2.3880
893.54,-0.7399,2.6880
893.54,1.8601,2.8880
893.54,0.7101,3.0880
893.54,2.7601,2.8880
893.54,0.0101,3.1880
893.54,1.7601,-2.0620
893.54,-0.1899,-2.0620
893.54,-0.0399,3.9380
893.54,3.1601,-0.7620
893.54,-0.8899,1.4880
893.54,-2.6399,0.5380
893.54,3.9101,0.4880
893.54,-0.8899,1.8880
893.54,-2.9899,-0.0620
893.54,-2.1899,-1.1620
893.54,-1.4399,1.3880
893.54,1.4601,-3.2620
896.77,0.7601,-2.6120
896.77,1.9101,-2.9620
896.77,1.3601,-2.7120
896.77,-1.2899,-2.1620
896.77,-1.8899,-1.2620
896.77,3.7601,-0.4620
896.77,4.1101,0.1880
896.77,4.3101,0.6880
896.77,3.6601,0.8380
896.77,3.0101,1.0380
896.77,3.5601,1.8380
896.77,-1.5399,1.7880
896.77,3.5101,2.3880
896.77,-0.7399,2.6880
896.77,1.8601,2.8880
896.77,0.7101,3.0880
896.77,2.7601,2.8880
896.77,0.0101,3.1880
896.77,1.7601,-2.0620
896.77,-0.1899,-2.0620
896.77,-0.0399,3.9380
896.77,3.1601,-0.7620
896.77,-0.8899,1.4880
896.77,-2.6399,0.5380
896.77,3.9101,0.4880
896.77,-0.8899,1.8880
896.77,-2.9899,-0.0620
896.77,-2.1899,-1.1620
896.77,-1.4399,1.3880
896.77,1.4601,-3.2620
900.23,0.7601,-2.6120
900.23,1.9101,-2.9620
900.23,1.3601,-2.7120
900.23,-1.2899,-2.1620
900.23,-1.8899,-1.2620
900.23,3.7601,-0.4620
900.23,4.1101,0.1880
900.23,4.3101,0.6880
900.23,3.6601,0.8380
900.23,3.0101,1.0380
900.23,3.5601,1.8380
900.23,-1.5399,1.7880
900.23,3.5101,2.3880
900.23,-0.7399,2.6880
900.23,1.8601,2.8880
900.23,0.7101,3.0880
900.23,2.7601,2.8880
900.23,0.0101,3.1880
900.23,1.7601,-2.0620
900.23,-0.1899,-2.0620
900.23,-0.0399,3.9380
900.23,3.1601,-0.7620
900.23,-0.8899,1.4880
900.23,-2.6399,0.5380
900.23,3.9101,0.4880
900.23,-0.8899,1.8880
900.23,-2.9899,-0.0620
900.23,-2.1899,-1.1620
900.23,-1.4399,1.3880
900.23,1.4601,-3.2620
902.29,0.7601,-2.6120
902.29,1.9101,-2.9620
902.29,1.3601,-2.7120
902.29,-1.2899,-2.1620
902.29,-1.8899,-1.2620
902.29,3.7601,-0.4620
902.29,4.1101,0.1880
902.29,4.3101,0.6880
902.29,3.6601,0.8380
902.29,3.0101,1.0380
902.29,3.5601,1.8380
902.29,-1.5399,1.7880
902.29,3.5101,2.3880
902.29,-0.7399,2.6880
902.29,1.8601,2.8880
902.29,0.7101,3.0880
902.29,2.7601,2.8880
902.29,0.0101,3.1880
902.29,1.7601,-2.0620
902.29,-0.1899,-2.0620
902.29,-0.0399,3.9380
902.29,3.1601,-0.7620
902.29,-0.8899,1.4880
902.29,-2.6399,0.5380
902.29,3.9101,0.4880
902.29,-0.8899,1.8880
902.29,-2.9899,-0.0620
902.29,-2.1899,-1.1620
902.29,-1.4399,1.3880
902.29,1.4601,-3.2620
905.11,0.7601,-2.6120
905.11,1.9101,-2.9620
905.11,1.3601,-2.7120
905.11,-1.2899,-2.1620
905.11,-1.8899,-1.2620
905.11,3.7601,-0.4620
905.11,4.1101,0.1880
905.11,4.3101,0.6880
905.11,3.6601,0.8380
905.11,3.0101,1.0380
905.11,3.5601,1.8380
905.11,-1.5399,1.7880
905.11,3.5101,2.3880
905.11,-0.7399,2.6880
905.11,1.8601,2.8880
905.11,0.7101,3.0880
905.11,2.7601,2.8880
905.11,0.0101,3.1880
905.11,1.7601,-2.0620
905.11,-0.1899,-2.0620
905.11,-0.0399,3.9380
905.11,3.1601,-0.7620
905.11,-0.8899,1.4880
905.11,-2.6399,0.5380
905.11,3.9101,0.4880
905.11,-0.8899,1.8880
905.11,-2.9899,-0.0620
905.11,-2.1899,-1.1620
905.11,-1.4399,1.3880
905.11,1.4601,-3.2620
909.99,0.7601,-2.6120
909.99,1.9101,-2.9620
909.99,1.3601,-2.7120
909.99,-1.2899,-2.1620
909.99,-1.8899,-1.2620
909.99,3.7601,-0.4620
909.99,4.1101,0.1880
909.99,4.3101,0.6880
909.99,3.6601,0.8380
909.99,3.0101,1.0380
909.99,3.5601,1.8380
909.99,-1.5399,1.7880
909.99,3.2101,2.1380
909.99,-0.7399,2.6880
909.99,1.8101,2.9380
909.99,3.6601,2.4880
909.99,0.7101,3.0880
909.99,2.7601,2.4880
909.99,3.1101,3.2880
909.99,0.0101,3.1880
909.99,1.7601,-2.0620
909.99,-0.1899,-2.0620
909.99,2.4101,2.9880
909.99,-0.0399,3.9380
909.99,3.1601,-0.7620
909.99,-0.8899,1.4880
909.99,-2.6399,0.5380
909.99,3.9101,0.4880
909.99,-1.4399,1.3880
909.99,-0.8899,1.8880
913.24,0.7601,-2.6120
913.24,1.9101,-2.9620
913.24,1.3601,-2.7120
913.24,-1.2899,-2.1620
913.24,-1.8899,-1.2620
913.24,3.7601,-0.4620
913.24,4.1101,0.1880
913.24,4.3101,0.6880
913.24,3.6601,0.8380
913.24,3.0101,1.0380
913.24,3.5601,1.8380
913.24,-1.5399,1.7880
913.24,3.2101,2.1380
913.24,-0.7399,2.6880
913.24,1.8101,2.9380
913.24,3.6601,2.4880
913.24,0.7101,3.0880
913.24,2.7601,2.4880
913.24,3.1101,3.2880
913.24,0.0101,3.1880
913.24,1.7601,-2.0620
913.24,-0.1899,-2.0620
913.24,2.4101,2.9880
913.24,-0.0399,3.9380
913.24,3.1601,-0.7620
913.24,-0.8899,1.4880
913.24,-2.6399,0.5380
913.24,3.9101,0.4880
913.24,-1.4399,1.3880
913.24,-0.8899,1.8880
916.40,0.7601,-2.6120
916.40,1.9101,-2.9620
916.40,1.3601,-2.7120
916.40,-1.2899,-2.1620
916.40,-1.8899,-1.2620
916.40,3.7601,-0.4620
916.40,4.1101,0.1880
916.40,4.3101,0.6880
916.40,3.6601,0.8380
916.40,3.0101,1.0380
916.40,3.5601,1.8380
916.40,-1.5399,1.7880
916.40,3.2101,2.1380
916.40,-0.7399,2.6880
916.40,1.8101,2.9380
916.40,3.6601,2.4880
916.40,0.7101,3.0880
916.40,2.7601,2.4880
916.40,3.1101,3.2880
916.40,0.0101,3.1880
916.40,1.7601,-2.0620
916.40,-0.1899,-2.0620
916.40,2.4101,2.9880
916.40,-0.0399,3.9380
916.40,3.1601,-0.7620
916.40,-0.8899,1.4880
916.40,-2.6399,0.5380
916.40,3.9101,0.4880
916.40,-1.4399,1.3880
916.40,-0.8899,1.8880
919.51,0.7601,-2.6120
919.51,1.9101,-2.9620
919.51,1.3601,-2.7120
919.51,-1.2899,-2.1620
919.51,-1.8899,-1.2620
919.51,3.7601,-0.4620
919.51,4.1101,0.1880
919.51,4.3101,0.6880
919.51,3.6601,0.8380
919.51,3.0101,1.0380
919.51,3.5601,1.8380
919.51,-1.5399,1.7880
919.51,3.2101,2.1380
919.51,-0.7399,2.6880
919.51,1.8101,2.9380
919.51,3.6601,2.4880
919.51,0.7101,3.0880
919.51,2.7601,2.4880
919.51,3.1101,3.2880
919.51,0.0101,3.1880
919.51,1.7601,-2.0620
919.51,-0.1899,-2.0620
919.51,2.4101,2.9880
919.51,-0.0399,3.9380
919.51,3.1601,-0.7620
919.51,-0.8899,1.4880
919.51,-2.6399,0.5380
919.51,3.9101,0.4880
919.51,-1.4399,1.3880
919.51,-0.8899,1.8880
922.63,0.7601,-2.6120
922.63,1.9101,-2.9620
922.63,1.3601,-2.7120
922.63,-1.2899,-2.1620
922.63,-1.8899,-1.2620
922.63,3.7601,-0.4620
922.63,4.1101,0.1880
922.63,4.3101,0.6880
922.63,3.6601,0.8380
922.63,3.0101,1.0380
922.63,3.5601,1.8380
922.63,-1.5399,1.7880
922.63,3.2101,2.1380
922.63,-0.7399,2.6880
922.63,1.8101,2.9380
922.63,3.6601,2.4880
922.63,0.7101,3.0880
922.63,2.7601,2.4880
922.63,3.1101,3.2880
922.63,0.0101,3.1880
922.63,1.7601,-2.0620
922.63,-0.1899,-2.0620
922.63,2.4101,2.9880
922.63,-0.0399,3.9380
922.63,3.1601,-0.7620
922.63,-0.8899,1.4880
922.63,-2.6399,0.5380
922.63,3.9101,0.4880
922.63,-1.4399,1.3880
922.63,-0.8899,1.8880
925.74,0.7601,-2.6120
925.74,1.9101,-2.9620
925.74,1.3601,-2.7120
925.74,-1.2899,-2.1620
925.74,-1.8899,-1.2620
925.74,3.7601,-0.4620
925.74,4.1101,0.1880
925.74,4.3101,0.6880
925.74,3.6601,0.8380
925.74,3.0101,1.0380
925.74,3.5601,1.8380
925.74,-1.5399,1.7880
925.74,3.2101,2.1380
925.74,-0.7399,2.6880
925.74,1.8101,2.9380
925.74,3.6601,2.4880
925.74,0.7101,3.0880
925.74,2.7601,2.4880
925.74,3.1101,3.2880
925.74,0.0101,3.1880
925.74,1.7601,-2.0620
925.74,-0.1899,-2.0620
925.74,2.4101,2.9880
925.74,-0.0399,3.9380
925.74,3.1601,-0.7620
925.74,-0.8899,1.4880
925.74,-2.6399,0.5380
925.74,3.9101,0.4880
925.74,-1.4399,1.3880
925.74,-0.8899,1.8880
928.82,0.7601,-2.6120
928.82,1.9101,-2.9620
928.82,1.3601,-2.7120
928.82,-1.2899,-2.1620
928.82,-1.8899,-1.2620
928.82,3.7601,-0.4620
928.82,4.1101,0.1880
928.82,4.3101,0.6880
928.82,3.6601,0.8380
928.82,3.0101,1.0380
928.82,3.5601,1.8380
928.82,-1.5399,1.7880
928.82,3.2101,2.1380
928.82,-0.7399,2.6880
928.82,1.8101,2.9380
928.82,3.6601,2.4880
928.82,0.7101,3.0880
928.82,2.7601,2.4880
928.82,3.1101,3.2880
928.82,0.0101,3.1880
928.82,1.7601,-2.0620
928.82,-0.1899,-2.0620
928.82,2.4101,2.9880
928.82,-0.0399,3.9380
928.82,3.1601,-0.7620
928.82,-0.8899,1.4880
928.82,-2.6399,0.5380
928.82,3.9101,0.4880
928.82,-1.4399,1.3880
928.82,-0.8899,1.8880
934.69,0.7601,-2.6120
934.69,1.9101,-2.9620
934.69,1.3601,-2.7120
934.69,-1.2899,-2.1620
934.69,-1.8899,-1.2620
934.69,3.7601,-0.4620
934.69,4.1101,0.1880
934.69,4.3101,0.6880
934.69,3.6601,0.8380
934.69,3.0101,1.0380
934.69,3.5601,1.8380
934.69,-1.5399,1.7880
934.69,3.2101,2.1380
934.69,-0.7399,2.6880
934.69,1.8101,2.9380
934.69,3.6601,2.4880
934.69,0.7101,3.0880
934.69,2.7601,2.4880
934.69,3.1101,3.2880
934.69,0.0101,3.1880
934.69,1.7601,-2.0620
934.69,-0.1899,-2.0620
934.69,2.4101,2.9880
934.69,-0.0399,3.9380
934.69,3.1601,-0.7620
934.69,-0.8899,1.4880
934.69,-2.6399,0.5380
934.69,3.9101,0.4880
934.69,-1.4399,1.3880
934.69,-0.8899,1.8880
940.82,0.7601,-2.6120
940.82,1.9101,-2.9620
940.82,1.3601,-2.7120
940.82,-1.2899,-2.1620
940.82,-1.8899,-1.2620
940.82,3.7601,-0.4620
940.82,4.1101,0.1880
940.82,4.3101,0.6880
940.82,3.6601,0.8380
940.82,3.0101,1.0380
940.82,3.5601,1.8380
940.82,-1.5399,1.7880
940.82,3.2101,2.1380
940.82,-0.7399,2.6880
940.82,1.8101,2.9380
940.82,3.6601,2.4880
940.82,0.7101,3.0880
940.82,2.7601,2.4880
940.82,3.1101,3.2880
940.82,0.0101,3.1880
940.82,1.7601,-2.0620
940.82,-0.1899,-2.0620
940.82,2.4101,2.9880
940.82,-0.0399,3.9380
940.82,3.1601,-0.7620
940.82,-0.8899,1.4880
940.82,-2.6399,0.5380
940.82,3.9101,0.4880
940.82,-1.4399,1.3880
940.82,-0.8899,1.8880
942.91,0.7601,-2.6120
942.91,1.9101,-2.9620
942.91,1.3601,-2.7120
942.91,-1.2899,-2.1620
942.91,-1.8899,-1.2620
942.91,3.7601,-0.4620
942.91,4.1101,0.1880
942.91,4.3101,0.6880
942.91,3.6601,0.8380
942.91,3.0101,1.0380
942.91,3.5601,1.8380
942.91,-1.5399,1.7880
942.91,3.2101,2.1380
942.91,-0.7399,2.6880
942.91,1.8101,2.9380
942.91,3.6601,2.4880
942.91,0.7101,3.0880
942.91,2.7601,2.4880
942.91,3.1101,3.2880
942.91,0.0101,3.1880
942.91,1.7601,-2.0620
942.91,-0.1899,-2.0620
942.91,2.4101,2.9880
942.91,-0.0399,3.9380
942.91,3.1601,-0.7620
942.91,-0.8899,1.4880
942.91,-2.6399,0.5380
942.91,3.9101,0.4880
942.91,-1.4399,1.3880
942.91,-0.8899,1.8880
947.04,0.7601,-2.6120
947.04,1.9101,-2.9620
947.04,1.3601,-2.7120
947.04,-1.2899,-2.1620
947.04,-1.8899,-1.2620
947.04,3.7601,-0.4620
947.04,4.1101,0.1880
947.04,4.3101,0.6880
947.04,3.6601,0.8380
947.04,3.0101,1.0380
947.04,3.5601,1.8380
947.04,-1.5399,1.7880
947.04,3.2101,2.1380
947.04,-0.7399,2.6880
947.04,1.8101,2.9380
947.04,3.6601,2.4880
947.04,0.7101,3.0880
947.04,2.7601,2.4880
947.04,3.1101,3.2880
947.04,0.0101,3.1880
947.04,1.7601,-2.0620
947.04,-0.1899,-2.0620
947.04,2.4101,2.9880
947.04,-0.0399,3.9380
947.04,3.1601,-0.7620
947.04,-0.8899,1.4880
947.04,-2.6399,0.5380
947.04,3.9101,0.4880
947.04,-1.4399,1.3880
947.04,-0.8899,1.8880
949.00,0.7601,-2.6120
949.00,1.9101,-2.9620
949.00,1.3601,-2.7120
949.00,-1.2899,-2.1620
949.00,-1.8899,-1.2620
949.00,3.7601,-0.4620
949.00,4.1101,0.1880
949.00,4.3101,0.6880
949.00,3.6601,0.8380
949.00,3.0101,1.0380
949.00,3.5601,1.8380
949.00,-1.5399,1.7880
949.00,3.2101,2.1380
949.00,-0.7399,2.6880
949.00,1.8101,2.9380
949.00,3.6601,2.4880
949.00,0.7101,3.0880
949.00,2.7601,2.4880
949.00,3.1101,3.2880
949.00,0.0101,3.1880
949.00,1.7601,-2.0620
949.00,-0.1899,-2.0620
949.00,2.4101,2.9880
949.00,-0.0399,3.9380
949.00,3.1601,-0.7620
949.00,-0.8899,1.4880
949.00,-2.6399,0.5380
949.00,3.9101,0.4880
949.00,-1.4399,1.3880
949.00,-0.8899,1.8880
956.50,0.7601,-2.6120
956.50,1.9101,-2.9620
956.50,1.3601,-2.7120
956.50,-1.2899,-2.1620
956.50,-1.8899,-1.2620
956.50,3.7601,-0.4620
956.50,4.1101,0.1880
956.50,4.3101,0.6880
956.50,3.6601,0.8380
956.50,3.0101,1.0380
956.50,3.5601,1.8380
956.50,-1.5399,1.7880
956.50,3.2101,2.1380
956.50,-0.7399,2.6880
956.50,1.8101,2.9380
956.50,3.6601,2.4880
956.50,0.7101,3.0880
956.50,2.7601,2.4880
956.50,3.1101,3.2880
956.50,0.0101,3.1880
956.50,1.7601,-2.0620
956.50,-0.1899,-2.0620
956.50,2.4101,2.9880
956.50,-0.0399,3.9380
956.50,3.1601,-0.7620
956.50,-0.8899,1.4880
956.50,-2.6399,0.5380
956.50,3.9101,0.4880
956.50,-1.4399,1.3880
956.50,-0.8899,1.8880
963.84,0.7601,-2.6120
963.84,1.9101,-2.9620
963.84,1.3601,-2.7120
963.84,-1.2899,-2.1620
963.84,-1.8899,-1.2620
963.84,3.7601,-0.4620
963.84,4.1101,0.1880
963.84,4.3101,0.6880
963.84,3.6601,0.8380
963.84,3.0101,1.0380
963.84,3.5601,1.8380
963.84,-1.5399,1.7880
963.84,3.2101,2.1380
963.84,-0.7399,2.6880
963.84,1.8101,2.9380
963.84,3.6601,2.4880
963.84,0.7101,3.0880
963.84,2.7601,2.4880
963.84,3.1101,3.2880
963.84,0.0101,3.1880
963.84,1.7601,-2.0620
963.84,-0.1899,-2.0620
963.84,2.4101,2.9880
963.84,-0.0399,3.9380
963.84,3.1601,-0.7620
963.84,-0.8899,1.4880
963.84,-2.6399,0.5380
963.84,3.9101,0.4880
963.84,-1.4399,1.3880
963.84,-0.8899,1.8880
964.94,0.7601,-2.6120
964.94,1.9101,-2.9620
964.94,1.3601,-2.7120
964.94,-1.2899,-2.1620
964.94,-1.8899,-1.2620
964.94,3.7601,-0.4620
964.94,4.1101,0.1880
964.94,4.3101,0.6880
964.94,3.6601,0.8380
964.94,3.0101,1.0380
964.94,3.5601,1.8380
964.94,-1.5399,1.7880
964.94,3.2101,2.1380
964.94,-0.7399,2.6880
964.94,1.8101,2.9380
964.94,3.6601,2.4880
964.94,0.7101,3.0880
964.94,2.7601,2.4880
964.94,3.1101,3.2880
964.94,0.0101,3.1880
964.94,1.7601,-2.0620
964.94,-0.1899,-2.0620
964.94,2.4101,2.9880
964.94,-0.0399,3.9380
964.94,3.1601,-0.7620
964.94,-0.8899,1.4880
964.94,-2.6399,0.5380
964.94,3.9101,0.4880
964.94,-1.4399,1.3880
964.94,-0.8899,1.8880
971.18,0.7601,-2.6120
971.18,1.9101,-2.9620
971.18,1.3601,-2.7120
971.18,-1.2899,-2.1620
971.18,-1.8899,-1.2620
971.18,3.7601,-0.4620
971.18,4.1101,0.1880
971.18,4.3101,0.6880
971.18,3.6601,0.8380
971.18,3.0101,1.0380
971.18,3.5601,1.8380
971.18,-1.5399,1.7880
971.18,3.2101,2.1380
971.18,-0.7399,2.6880
971.18,1.8101,2.9380
971.18,3.6601,2.4880
971.18,0.7101,3.0880
971.18,2.7601,2.4880
971.18,3.1101,3.2880
971.18,0.0101,3.1880
971.18,1.7601,-2.0620
971.18,-0.1899,-2.0620
971.18,2.4101,2.9880
971.18,-0.0399,3.9380
971.18,3.1601,-0.7620
971.18,-0.8899,1.4880
971.18,-2.6399,0.5380
971.18,3.9101,0.4880
971.18,-1.4399,1.3880
971.18,-0.8899,1.8880
978.63,0.7601,-2.6120
978.63,1.9101,-2.9620
978.63,1.3601,-2.7120
978.63,-1.2899,-2.1620
978.63,-1.8899,-1.2620
978.63,3.7601,-0.4620
978.63,4.1101,0.1880
978.63,4.3101,0.6880
978.63,3.6601,0.8380
978.63,3.0101,1.0380
978.63,3.5601,1.8380
978.63,-1.5399,1.7880
978.63,3.2101,2.1380
978.63,-0.7399,2.6880
978.63,1.8101,2.9380
978.63,3.6601,2.4880
978.63,0.7101,3.0880
978.63,2.7601,2.4880
978.63,3.1101,3.2880
978.63,0.0101,3.1880
978.63,1.7601,-2.0620
978.63,-0.1899,-2.0620
978.63,2.4101,2.9880
978.63,-0.0399,3.9380
978.63,3.1601,-0.7620
978.63,-0.8899,1.4880
978.63,-2.6399,0.5380
978.63,3.9101,0.4880
978.63,-1.4399,1.3880
978.63,-0.8899,1.8880
986.03,0.7601,-2.6120
986.03,1.9101,-2.9620
986.03,1.3601,-2.7120
986.03,-1.2899,-2.1620
986.03,-1.8899,-1.2620
986.03,3.7601,-0.4620
986.03,4.1101,0.1880
986.03,4.3101,0.6880
986.03,3.6601,0.8380
986.03,3.0101,1.0380
986.03,3.5601,1.8380
986.03,-1.5399,1.7880
986.03,3.2101,2.1380
986.03,-0.7399,2.6880
986.03,1.8101,2.9380
986.03,3.6601,2.4880
986.03,0.7101,3.0880
986.03,2.7601,2.4880
986.03,3.1101,3.2880
986.03,0.0101,3.1880
986.03,1.7601,-2.0620
986.03,-0.1899,-2.0620
986.03,2.4101,2.9880
986.03,-0.0399,3.9380
986.03,3.1601,-0.7620
986.03,-0.8899,1.4880
986.03,-2.6399,0.5380
986.03,3.9101,0.4880
986.03,-1.4399,1.3880
986.03,-0.8899,1.8880
993.27,0.7601,-2.6120
993.27,1.9101,-2.9620
993.27,1.3601,-2.7120
993.27,-1.2899,-2.1620
993.27,-1.8899,-1.2620
993.27,3.7601,-0.4620
993.27,4.1101,0.1880
993.27,4.3101,0.6880
993.27,3.6601,0.8380
993.27,3.0101,1.0380
993.27,3.5601,1.8380
993.27,-1.5399,1.7880
993.27,3.2101,2.1380
993.27,-0.7399,2.6880
993.27,1.8101,2.9380
993.27,3.6601,2.4880
993.27,0.7101,3.0880
993.27,2.7601,2.4880
993.27,3.1101,3.2880
993.27,0.0101,3.1880
993.27,1.7601,-2.0620
993.27,-0.1899,-2.0620
993.27,2.4101,2.9880
993.27,-0.0399,3.9380
993.27,3.1601,-0.7620
993.27,-0.8899,1.4880
993.27,-2.6399,0.5380
993.27,3.9101,0.4880
993.27,-1.4399,1.3880
993.27,-0.8899,1.8880
1000.60,0.7601,-2.6120
1000.60,1.9101,-2.9620
1000.60,1.3601,-2.7120
1000.60,-1.2899,-2.1620
1000.60,-1.8899,-1.2620
1000.60,3.7601,-0.4620
1000.60,4.1101,0.1880
1000.60,4.3101,0.6880
1000.60,3.6601,0.8380
1000.60,3.0101,1.0380
1000.60,3.5601,1.8380
1000.60,-1.5399,1.7880
1000.60,3.2101,2.1380
1000.60,-0.7399,2.6880
1000.60,1.8101,2.9380
1000.60,3.6601,2.4880
1000.60,0.7101,3.0880
1000.60,2.7601,2.4880
1000.60,3.1101,3.2880
1000.60,0.0101,3.1880
1000.60,1.7601,-2.0620
1000.60,-0.1899,-2.0620
1000.60,2.4101,2.9880
1000.60,-0.0399,3.9380
1000.60,3.1601,-0.7620
1000.60,-0.8899,1.4880
1000.60,-2.6399,0.5380
1000.60,3.9101,0.4880
1000.60,-1.4399,1.3880
1000.60,-0.8899,1.8880
1008.61,0.7601,-2.6120
1008.61,1.9101,-2.9620
1008.61,1.3601,-2.7120
1008.61,-1.2899,-2.1620
1008.61,-1.8899,-1.2620
1008.61,3.7601,-0.4620
1008.61,4.1101,0.1880
1008.61,4.3101,0.6880
1008.61,3.6601,0.8380
1008.61,3.0101,1.0380
1008.61,3.5601,1.8380
1008.61,-1.5399,1.7880
1008.61,3.2101,2.1380
1008.61,-0.7399,2.6880
1008.61,1.8101,2.9380
1008.61,3.6601,2.4880
1008.61,0.7101,3.0880
1008.61,2.7601,2.4880
1008.61,3.1101,3.2880
1008.61,0.0101,3.1880
1008.61,1.7601,-2.0620
1008.61,-0.1899,-2.0620
1008.61,2.4101,2.9880
1008.61,-0.0399,3.9380
1008.61,3.1601,-0.7620
1008.61,-0.8899,1.4880
1008.61,-2.6399,0.5380
1008.61,3.9101,0.4880
1008.61,-1.4399,1.3880
1008.61,-0.8899,1.8880
1016.69,0.7601,-2.6120
1016.69,1.9101,-2.9620
1016.69,1.3601,-2.7120
1016.69,-1.2899,-2.1620
1016.69,-1.8899,-1.2620
1016.69,3.7601,-0.4620
1016.69,4.1101,0.1880
1016.69,4.3101,0.6880
1016.69,3.6601,0.8380
1016.69,3.0101,1.0380
1016.69,3.5601,1.8380
1016.69,-1.5399,1.7880
1016.69,3.2101,2.1380
1016.69,-0.7399,2.6880
1016.69,1.8101,2.9380
1016.69,3.6601,2.4880
1016.69,0.7101,3.0880
1016.69,2.7601,2.4880
1016.69,3.1101,3.2880
1016.69,0.0101,3.1880
1016.69,1.7601,-2.0620
1016.69,-0.1899,-2.0620
1016.69,2.4101,2.9880
1016.69,-0.0399,3.9380
1016.69,3.1601,-0.7620
1016.69,-0.8899,1.4880
1016.69,-2.6399,0.5380
1016.69,3.9101,0.4880
1016.69,-1.4399,1.3880
1016.69,-0.8899,1.8880
1024.68,0.7601,-2.6120
1024.68,1.9101,-2.9620
1024.68,1.3601,-2.7120
1024.68,-1.2899,-2.1620
1024.68,-1.8899,-1.2620
1024.68,3.7601,-0.4620
1024.68,4.1101,0.1880
1024.68,4.3101,0.6880
1024.68,3.6601,0.8380
1024.68,3.0101,1.0380
1024.68,3.5601,1.8380
1024.68,-1.5399,1.7880
1024.68,3.2101,2.1380
1024.68,-0.7399,2.6880
1024.68,1.8101,2.9380
1024.68,3.6601,2.4880
1024.68,0.7101,3.0880
1024.68,2.7601,2.4880
1024.68,3.1101,3.2880
1024.68,0.0101,3.1880
1024.68,1.7601,-2.0620
1024.68,-0.1899,-2.0620
1024.68,2.4101,2.9880
1024.68,-0.0399,3.9380
1024.68,3.1601,-0.7620
1024.68,-0.8899,1.4880
1024.68,-2.6399,0.5380
1024.68,3.9101,0.4880
1024.68,-1.4399,1.3880
1024.68,-0.8899,1.8880
1032.69,0.7601,-2.6120
1032.69,1.9101,-2.9620
1032.69,1.3601,-2.7120
1032.69,-1.2899,-2.1620
1032.69,-1.8899,-1.2620
1032.69,3.7601,-0.4620
1032.69,4.1101,0.1880
1032.69,4.3101,0.6880
1032.69,3.6601,0.8380
1032.69,3.0101,1.0380
1032.69,3.5601,1.8380
1032.69,-1.5399,1.7880
1032.69,3.2101,2.1380
1032.69,-0.7399,2.6880
1032.69,1.8101,2.9380
1032.69,3.6601,2.4880
1032.69,0.7101,3.0880
1032.69,2.7601,2.4880
1032.69,3.1101,3.2880
1032.69,0.0101,3.1880
1032.69,1.7601,-2.0620
1032.69,-0.1899,-2.0620
1032.69,2.4101,2.9880
1032.69,-0.0399,3.9380
1032.69,3.1601,-0.7620
1032.69,-0.8899,1.4880
1032.69,-2.6399,0.5380
1032.69,3.9101,0.4880
1032.69,-1.4399,1.3880
1032.69,-0.8899,1.8880
1040.67,0.7601,-2.6120
1040.67,1.9101,-2.9620
1040.67,1.3601,-2.7120
1040.67,-1.2899,-2.1620
1040.67,-1.8899,-1.2620
1040.67,3.7601,-0.4620
1040.67,4.1101,0.1880
1040.67,4.3101,0.6880
1040.67,3.6601,0.8380
1040.67,3.0101,1.0380
1040.67,3.5601,1.8380
1040.67,-1.5399,1.7880
1040.67,3.2101,2.1380
1040.67,-0.7399,2.6880
1040.67,1.8101,2.9380
1040.67,3.6601,2.4880
1040.67,0.7101,3.0880
1040.67,2.7601,2.4880
1040.67,3.1101,3.2880
1040.67,0.0101,3.1880
1040.67,1.7601,-2.0620
1040.67,-0.1899,-2.0620
1040.67,2.4101,2.9880
1040.67,-0.0399,3.9380
1040.67,3.1601,-0.7620
1040.67,-0.8899,1.4880
1040.67,-2.6399,0.5380
1040.67,3.9101,0.4880
1040.67,-1.4399,1.3880
1040.67,-0.8899,1.8880
1048.67,0.7601,-2.6120
1048.67,1.9101,-2.9620
1048.67,1.3601,-2.7120
1048.67,-1.2899,-2.1620
1048.67,-1.8899,-1.2620
1048.67,3.7601,-0.4620
1048.67,4.1101,0.1880
1048.67,4.3101,0.6880
1048.67,3.6601,0.8380
1048.67,3.0101,1.0380
1048.67,3.5601,1.8380
1048.67,-1.5399,1.7880
1048.67,3.2101,2.1380
1048.67,-0.7399,2.6880
1048.67,1.8101,2.9380
1048.67,3.6601,2.4880
1048.67,0.7101,3.0880
1048.67,2.7601,2.4880
1048.67,3.1101,3.2880
1048.67,0.0101,3.1880
1048.67,1.7601,-2.0620
1048.67,-0.1899,-2.0620
1048.67,2.4101,2.9880
1048.67,-0.0399,3.9380
1048.67,3.1601,-0.7620
1048.67,-0.8899,1.4880
1048.67,-2.6399,0.5380
1048.67,3.9101,0.4880
1048.67,-1.4399,1.3880
1048.67,-0.8899,1.8880
1056.57,0.7601,-2.6120
1056.57,1.9101,-2.9620
1056.57,1.3601,-2.7120
1056.57,-1.2899,-2.1620
1056.57,-1.8899,-1.2620
1056.57,3.7601,-0.4620
1056.57,4.1101,0.1880
1056.57,4.3101,0.6880
1056.57,3.6601,0.8380
1056.57,3.0101,1.0380
1056.57,3.5601,1.8380
1056.57,-1.5399,1.7880
1056.57,3.2101,2.1380
1056.57,-0.7399,2.6880
1056.57,1.8101,2.9380
1056.57,3.6601,2.4880
1056.57,0.7101,3.0880
1056.57,2.7601,2.4880
1056.57,3.1101,3.2880
1056.57,0.0101,3.1880
1056.57,1.7601,-2.0620
1056.57,-0.1899,-2.0620
1056.57,2.4101,2.9880
1056.57,-0.0399,3.9380
1056.57,3.1601,-0.7620
1056.57,-0.8899,1.4880
1056.57,-2.6399,0.5380
1056.57,3.9101,0.4880
1056.57,-1.4399,1.3880
1056.57,-0.8899,1.8880
1064.42,0.7601,-2.6120
1064.42,1.9101,-2.9620
1064.42,1.3601,-2.7120
1064.42,-1.2899,-2.1620
1064.42,-1.8899,-1.2620
1064.42,3.7601,-0.4620
1064.42,4.1101,0.1880
1064.42,4.3101,0.6880
1064.42,3.6601,0.8380
1064.42,3.0101,1.0380
1064.42,3.5601,1.8380
1064.42,-1.5399,1.7880
1064.42,3.2101,2.1380
1064.42,-0.7399,2.6880
1064.42,1.8101,2.9380
1064.42,3.6601,2.4880
1064.42,0.7101,3.0880
1064.42,2.7601,2.4880
1064.42,3.1101,3.2880
1064.42,0.0101,3.1880
1064.42,1.7601,-2.0620
1064.42,-0.1899,-2.0620
1064.42,2.4101,2.9880
1064.42,-0.0399,3.9380
1064.42,3.1601,-0.7620
1064.42,-0.8899,1.4880
1064.42,-2.6399,0.5380
1064.42,3.9101,0.4880
1064.42,-1.4399,1.3880
1064.42,-0.8899,1.8880
1072.32,0.7601,-2.6120
1072.32,1.9101,-2.9620
1072.32,1.3601,-2.7120
1072.32,-1.2899,-2.1620
1072.32,-1.8899,-1.2620
1072.32,3.7601,-0.4620
1072.32,4.1101,0.1880
1072.32,4.3101,0.6880
1072.32,3.6601,0.8380
1072.32,3.0101,1.0380
1072.32,3.5601,1.8380
1072.32,-1.5399,1.7880
1072.32,3.2101,2.1380
1072.32,-0.7399,2.6880
1072.32,1.8101,2.9380
1072.32,3.6601,2.4880
1072.32,0.7101,3.0880
1072.32,2.7601,2.4880
1072.32,3.1101,3.2880
1072.32,0.0101,3.1880
1072.32,1.7601,-2.0620
1072.32,-0.1899,-2.0620
1072.32,2.4101,2.9880
1072.32,-0.0399,3.9380
1072.32,3.1601,-0.7620
1072.32,-0.8899,1.4880
1072.32,-2.6399,0.5380
1072.32,3.9101,0.4880
1072.32,-1.4399,1.3880
1072.32,-0.8899,1.8880
1080.36,0.7601,-2.6120
1080.36,1.9101,-2.9620
1080.36,1.3601,-2.7120
1080.36,-1.2899,-2.1620
1080.36,-1.8899,-1.2620
1080.36,3.7601,-0.4620
1080.36,4.1101,0.1880
1080.36,4.3101,0.6880
1080.36,3.6601,0.8380
1080.36,3.0101,1.0380
1080.36,3.5601,1.8380
1080.36,-1.5399,1.7880
1080.36,3.2101,2.1380
1080.36,-0.7399,2.6880
1080.36,1.8101,2.9380
1080.36,3.6601,2.4880
1080.36,0.7101,3.0880
1080.36,2.7601,2.4880
1080.36,3.1101,3.2880
1080.36,0.0101,3.1880
1080.36,1.7601,-2.0620
1080.36,-0.1899,-2.0620
1080.36,2.4101,2.9880
1080.36,-0.0399,3.9380
1080.36,3.1601,-0.7620
1080.36,-0.8899,1.4880
1080.36,-2.6399,0.5380
1080.36,3.9101,0.4880
1080.36,-1.4399,1.3880
1080.36,-0.8899,1.8880
1088.10,0.7601,-2.6120
1088.10,1.9101,-2.9620
1088.10,1.3601,-2.7120
1088.10,-1.2899,-2.1620
1088.10,-1.8899,-1.2620
1088.10,3.7601,-0.4620
1088.10,4.1101,0.1880
1088.10,4.3101,0.6880
1088.10,3.6601,0.8380
1088.10,3.0101,1.0380
1088.10,3.5601,1.8380
1088.10,-1.5399,1.7880
1088.10,3.2101,2.1380
1088.10,-0.7399,2.6880
1088.10,1.8101,2.9380
1088.10,3.6601,2.4880
1088.10,0.7101,3.0880
1088.10,2.7601,2.4880
1088.10,3.1101,3.2880
1088.10,0.0101,3.1880
1088.10,1.7601,-2.0620
1088.10,-0.1899,-2.0620
1088.10,2.4101,2.9880
1088.10,-0.0399,3.9380
1088.10,3.1601,-0.7620
1088.10,-0.8899,1.4880
1088.10,-2.6399,0.5380
1088.10,3.9101,0.4880
1088.10,-1.4399,1.3880
1088.10,-0.8899,1.8880
1096.10,0.7601,-2.6120
1096.10,1.9101,-2.9620
1096.10,1.3601,-2.7120
1096.10,-1.2899,-2.1620
1096.10,-1.8899,-1.2620
1096.10,3.7601,-0.4620
1096.10,4.1101,0.1880
1096.10,4.3101,0.6880
1096.10,3.6601,0.8380
1096.10,3.0101,1.0380
1096.10,3.5601,1.8380
1096.10,-1.5399,1.7880
1096.10,3.2101,2.1380
1096.10,-0.7399,2.6880
1096.10,1.8101,2.9380
1096.10,3.6601,2.4880
1096.10,0.7101,3.0880
1096.10,2.7601,2.4880
1096.10,3.1101,3.2880
1096.10,0.0101,3.1880
1096.10,1.7601,-2.0620
1096.10,-0.1899,-2.0620
1096.10,2.4101,2.9880
1096.10,-0.0399,3.9380
1096.10,3.1601,-0.7620
1096.10,-0.8899,1.4880
1096.10,-2.6399,0.5380
1096.10,3.9101,0.4880
1096.10,-1.4399,1.3880
1096.10,-0.8899,1.8880
1103.98,0.7601,-2.6120
1103.98,1.9101,-2.9620
1103.98,1.3601,-2.7120
1103.98,-1.2899,-2.1620
1103.98,-1.8899,-1.2620
1103.98,3.7601,-0.4620
1103.98,4.1101,0.1880
1103.98,4.3101,0.6880
1103.98,3.6601,0.8380
1103.98,3.0101,1.0380
1103.98,3.5601,1.8380
1103.98,-1.5399,1.7880
1103.98,3.2101,2.1380
1103.98,-0.7399,2.6880
1103.98,1.8101,2.9380
1103.98,3.6601,2.4880
1103.98,0.7101,3.0880
1103.98,2.7601,2.4880
1103.98,3.1101,3.2880
1103.98,0.0101,3.1880
1103.98,1.7601,-2.0620
1103.98,-0.1899,-2.0620
1103.98,2.4101,2.9880
1103.98,-0.0399,3.9380
1103.98,3.1601,-0.7620
1103.98,-0.8899,1.4880
1103.98,-2.6399,0.5380
1103.98,3.9101,0.4880
1103.98,-1.4399,1.3880
1103.98,-0.8899,1.8880
1111.78,0.7601,-2.6120
1111.78,1.9101,-2.9620
1111.78,1.3601,-2.7120
1111.78,-1.2899,-2.1620
1111.78,-1.8899,-1.2620
1111.78,3.7601,-0.4620
1111.78,4.1101,0.1880
1111.78,4.3101,0.6880
1111.78,3.6601,0.8380
1111.78,3.0101,1.0380
1111.78,3.5601,1.8380
1111.78,-1.5399,1.7880
1111.78,3.2101,2.1380
1111.78,-0.7399,2.6880
1111.78,1.8101,2.9380
1111.78,3.6601,2.4880
1111.78,0.7101,3.0880
1111.78,2.7601,2.4880
1111.78,3.1101,3.2880
1111.78,0.0101,3.1880
1111.78,1.7601,-2.0620
1111.78,-0.1899,-2.0620
1111.78,2.4101,2.9880
1111.78,-0.0399,3.9380
1111.78,3.1601,-0.7620
1111.78,-0.8899,1.4880
1111.78,-2.6399,0.5380
1111.78,3.9101,0.4880
1111.78,-1.4399,1.3880
1111.78,-0.8899,1.8880
1119.48,0.7601,-2.6120
1119.48,1.9101,-2.9620
1119.48,1.3601,-2.7120
1119.48,-1.2899,-2.1620
1119.48,-1.8899,-1.2620
1119.48,3.7601,-0.4620
1119.48,4.1101,0.1880
1119.48,4.3101,0.6880
1119.48,3.6601,0.8380
1119.48,3.0101,1.0380
1119.48,3.5601,1.8380
1119.48,-1.5399,1.7880
1119.48,3.2101,2.1380
1119.48,-0.7399,2.6880
1119.48,1.8101,2.9380
1119.48,3.6601,2.4880
1119.48,0.7101,3.0880
1119.48,2.7601,2.4880
1119.48,3.1101,3.2880
1119.48,0.0101,3.1880
1119.48,1.7601,-2.0620
1119.48,-0.1899,-2.0620
1119.48,2.4101,2.9880
1119.48,-0.0399,3.9380
1119.48,3.1601,-0.7620
1119.48,-0.8899,1.4880
1119.48,-2.6399,0.5380
1119.48,3.9101,0.4880
1119.48,-1.4399,1.3880
1119.48,-0.8899,1.8880
1127.43,0.7601,-2.6120
1127.43,1.9101,-2.9620
1127.43,1.3601,-2.7120
1127.43,-1.2899,-2.1620
1127.43,-1.8899,-1.2620
1127.43,3.7601,-0.4620
1127.43,4.1101,0.1880
1127.43,4.3101,0.6880
1127.43,3.6601,0.8380
1127.43,3.0101,1.0380
1127.43,3.5601,1.8380
1127.43,-1.5399,1.7880
1127.43,3.2101,2.1380
1127.43,-0.7399,2.6880
1127.43,1.8101,2.9380
1127.43,3.6601,2.4880
1127.43,0.7101,3.0880
1127.43,2.7601,2.4880
1127.43,3.1101,3.2880
1127.43,0.0101,3.1880
1127.43,1.7601,-2.0620
1127.43,-0.1899,-2.0620
1127.43,2.4101,2.9880
1127.43,-0.0399,3.9380
1127.43,3.1601,-0.7620
1127.43,-0.8899,1.4880
1127.43,-2.6399,0.5380
1127.43,3.9101,0.4880
1127.43,-1.4399,1.3880
1127.43,-0.8899,1.8880
1135.27,0.7601,-2.6120
1135.27,1.9101,-2.9620
1135.27,1.3601,-2.7120
1135.27,-1.2899,-2.1620
1135.27,-1.8899,-1.2620
1135.27,3.7601,-0.4620
1135.27,4.1101,0.1880
1135.27,4.3101,0.6880
1135.27,3.6601,0.8380
1135.27,3.0101,1.0380
1135.27,3.5601,1.8380
1135.27,-1.5399,1.7880
1135.27,3.2101,2.1380
1135.27,-0.7399,2.6880
1135.27,1.8101,2.9380
1135.27,3.6601,2.4880
1135.27,0.7101,3.0880
1135.27,2.7601,2.4880
1135.27,3.1101,3.2880
1135.27,0.0101,3.1880
1135.27,1.7601,-2.0620
1135.27,-0.1899,-2.0620
1135.27,2.4101,2.9880
1135.27,-0.0399,3.9380
1135.27,3.1601,-0.7620
1135.27,-0.8899,1.4880
1135.27,-2.6399,0.5380
1135.27,3.9101,0.4880
1135.27,-1.4399,1.3880
1135.27,-0.8899,1.8880
1143.20,0.7601,-2.6120
1143.20,1.9101,-2.9620
1143.20,1.3601,-2.7120
1143.20,-1.2899,-2.1620
1143.20,-1.8899,-1.2620
1143.20,3.7601,-0.4620
1143.20,4.1101,0.1880
1143.20,4.3101,0.6880
1143.20,3.6601,0.8380
1143.20,3.0101,1.0380
1143.20,3.5601,1.8380
1143.20,-1.5399,1.7880
1143.20,3.2101,2.1380
1143.20,-0.7399,2.6880
1143.20,1.8101,2.9380
1143.20,3.6601,2.4880
1143.20,0.7101,3.0880
1143.20,2.7601,2.4880
1143.20,3.1101,3.2880
1143.20,0.0101,3.1880
1143.20,1.7601,-2.0620
1143.20,-0.1899,-2.0620
1143.20,2.4101,2.9880
1143.20,-0.0399,3.9380
1143.20,3.1601,-0.7620
1143.20,-0.8899,1.4880
1143.20,-2.6399,0.5380
1143.20,3.9101,0.4880
1143.20,-1.4399,1.3880
1143.20,-0.8899,1.8880
1151.17,0.7601,-2.6120
1151.17,1.9101,-2.9620
1151.17,1.3601,-2.7120
1151.17,-1.2899,-2.1620
1151.17,-1.8899,-1.2620
1151.17,3.7601,-0.4620
1151.17,4.1101,0.1880
1151.17,4.3101,0.6880
1151.17,3.6601,0.8380
1151.17,3.0101,1.0380
1151.17,3.5601,1.8380
1151.17,-1.5399,1.7880
1151.17,3.2101,2.1380
1151.17,-0.7399,2.6880
1151.17,1.8101,2.9380
1151.17,3.6601,2.4880
1151.17,0.7101,3.0880
1151.17,2.7601,2.4880
1151.17,3.1101,3.2880
1151.17,0.0101,3.1880
1151.17,1.7601,-2.0620
1151.17,-0.1899,-2.0620
1151.17,2.4101,2.9880
1151.17,-0.0399,3.9380
1151.17,3.1601,-0.7620
1151.17,-0.8899,1.4880
1151.17,-2.6399,0.5380
1151.17,3.9101,0.4880
1151.17,-1.4399,1.3880
1151.17,-0.8899,1.8880
1159.09,0.7601,-2.6120
1159.09,1.9101,-2.9620
1159.09,1.3601,-2.7120
1159.09,-1.2899,-2.1620
1159.09,-1.8899,-1.2620
1159.09,3.7601,-0.4620
1159.09,4.1101,0.1880
1159.09,4.3101,0.6880
1159.09,3.6601,0.8380
1159.09,3.0101,1.0380
1159.09,3.5601,1.8380
1159.09,-1.5399,1.7880
1159.09,3.2101,2.1380
1159.09,-0.7399,2.6880
1159.09,1.8101,2.9380
1159.09,3.6601,2.4880
1159.09,0.7101,3.0880
1159.09,2.7601,2.4880
1159.09,3.1101,3.2880
1159.09,0.0101,3.1880
1159.09,1.7601,-2.0620
1159.09,-0.1899,-2.0620
1159.09,2.4101,2.9880
1159.09,-0.0399,3.9380
1159.09,3.1601,-0.7620
1159.09,-0.8899,1.4880
1159.09,-2.6399,0.5380
1159.09,3.9101,0.4880
1159.09,-1.4399,1.3880
1159.09,-0.8899,1.8880
1166.98,0.7601,-2.6120
1166.98,1.9101,-2.9620
1166.98,1.3601,-2.7120
1166.98,-1.2899,-2.1620
1166.98,-1.8899,-1.2620
1166.98,3.7601,-0.4620
1166.98,4.1101,0.1880
1166.98,4.3101,0.6880
1166.98,3.6601,0.8380
1166.98,3.0101,1.0380
1166.98,3.5601,1.8380
1166.98,-1.5399,1.7880
1166.98,3.2101,2.1380
1166.98,-0.7399,2.6880
1166.98,1.8101,2.9380
1166.98,3.6601,2.4880
1166.98,0.7101,3.0880
1166.98,2.7601,2.4880
1166.98,3.1101,3.2880
1166.98,0.0101,3.1880
1166.98,1.7601,-2.0620
1166.98,-0.1899,-2.0620
1166.98,2.4101,2.9880
1166.98,-0.0399,3.9380
1166.98,3.1601,-0.7620
1166.98,-0.8899,1.4880
1166.98,-2.6399,0.5380
1166.98,3.9101,0.4880
1166.98,-1.4399,1.3880
1166.98,-0.8899,1.8880
1174.89,0.7601,-2.6120
1174.89,1.9101,-2.9620
1174.89,1.3601,-2.7120
1174.89,-1.2899,-2.1620
1174.89,-1.8899,-1.2620
1174.89,3.7601,-0.4620
1174.89,4.1101,0.1880
1174.89,4.3101,0.6880
1174.89,3.6601,0.8380
1174.89,3.0101,1.0380
1174.89,3.5601,1.8380
1174.89,-1.5399,1.7880
1174.89,3.2101,2.1380
1174.89,-0.7399,2.6880
1174.89,1.8101,2.9380
1174.89,3.6601,2.4880
1174.89,0.7101,3.0880
1174.89,2.7601,2.4880
1174.89,3.1101,3.2880
1174.89,0.0101,3.1880
1174.89,1.7601,-2.0620
1174.89,-0.1899,-2.0620
1174.89,2.4101,2.9880
1174.89,-0.0399,3.9380
1174.89,3.1601,-0.7620
1174.89,-0.8899,1.4880
1174.89,-2.6399,0.5380
1174.89,3.9101,0.4880
1174.89,-1.4399,1.3880
1174.89,-0.8899,1.8880
1182.93,0.7601,-2.6120
1182.93,1.9101,-2.9620
1182.93,1.3601,-2.7120
1182.93,-1.2899,-2.1620
1182.93,-1.8899,-1.2620
1182.93,3.7601,-0.4620
1182.93,4.1101,0.1880
1182.93,4.3101,0.6880
1182.93,3.6601,0.8380
1182.93,3.0101,1.0380
1182.93,3.5601,1.8380
1182.93,-1.5399,1.7880
1182.93,3.2101,2.1380
1182.93,-0.7399,2.6880
1182.93,1.8101,2.9380
1182.93,3.6601,2.4880
1182.93,0.7101,3.0880
1182.93,2.7601,2.4880
1182.93,3.1101,3.2880
1182.93,0.0101,3.1880
1182.93,1.7601,-2.0620
1182.93,-0.1899,-2.0620
1182.93,2.4101,2.9880
1182.93,-0.0399,3.9380
1182.93,3.1601,-0.7620
1182.93,-0.8899,1.4880
1182.93,-2.6399,0.5380
1182.93,3.9101,0.4880
1182.93,-1.4399,1.3880
1182.93,-0.8899,1.8880
1190.90,0.7601,-2.6120
1190.90,1.9101,-2.9620
1190.90,1.3601,-2.7120
1190.90,-1.2899,-2.1620
1190.90,-1.8899,-1.2620
1190.90,3.7601,-0.4620
1190.90,4.1101,0.1880
1190.90,4.3101,0.6880
1190.90,3.6601,0.8380
1190.90,3.0101,1.0380
1190.90,3.5601,1.8380
1190.90,-1.5399,1.7880
1190.90,3.2101,2.1380
1190.90,-0.7399,2.6880
1190.90,1.8101,2.9380
1190.90,3.6601,2.4880
1190.90,0.7101,3.0880
1190.90,2.7601,2.4880
1190.90,3.1101,3.2880
1190.90,0.0101,3.1880
1190.90,1.7601,-2.0620
1190.90,-0.1899,-2.0620
1190.90,2.4101,2.9880
1190.90,-0.0399,3.9380
1190.90,3.1601,-0.7620
1190.90,-0.8899,1.4880
1190.90,-2.6399,0.5380
1190.90,3.9101,0.4880
1190.90,-1.4399,1.3880
1190.90,-0.8899,1.8880
1198.80,0.7601,-2.6120
1198.80,1.9101,-2.9620
1198.80,1.3601,-2.7120
1198.80,-1.2899,-2.1620
1198.80,-1.8899,-1.2620
1198.80,3.7601,-0.4620
1198.80,4.1101,0.1880
1198.80,4.3101,0.6880
1198.80,3.6601,0.8380
1198.80,3.0101,1.0380
1198.80,3.5601,1.8380
1198.80,-1.5399,1.7880
1198.80,3.2101,2.1380
1198.80,-0.7399,2.6880
1198.80,1.8101,2.9380
1198.80,3.6601,2.4880
1198.80,0.7101,3.0880
1198.80,2.7601,2.4880
1198.80,3.1101,3.2880
1198.80,0.0101,3.1880
1198.80,1.7601,-2.0620
1198.80,-0.1899,-2.0620
1198.80,2.4101,2.9880
1198.80,-0.0399,3.9380
1198.80,3.1601,-0.7620
1198.80,-0.8899,1.4880
1198.80,-2.6399,0.5380
1198.80,3.9101,0.4880
1198.80,-1.4399,1.3880
1198.80,-0.8899,1.8880
1206.84,0.7601,-2.6120
1206.84,1.9101,-2.9620
1206.84,1.3601,-2.7120
1206.84,-1.2899,-2.1620
1206.84,-1.8899,-1.2620
1206.84,3.7601,-0.4620
1206.84,4.1101,0.1880
1206.84,4.3101,0.6880
1206.84,3.6601,0.8380
1206.84,3.0101,1.0380
1206.84,3.5601,1.8380
1206.84,-1.5399,1.7880
1206.84,3.2101,2.1380
1206.84,-0.7399,2.6880
1206.84,1.8101,2.9380
1206.84,3.6601,2.4880
1206.84,0.7101,3.0880
1206.84,2.7601,2.4880
1206.84,3.1101,3.2880
1206.84,0.0101,3.1880
1206.84,1.7601,-2.0620
1206.84,-0.1899,-2.0620
1206.84,2.4101,2.9880
1206.84,-0.0399,3.9380
1206.84,3.1601,-0.7620
1206.84,-0.8899,1.4880
1206.84,-2.6399,0.5380
1206.84,3.9101,0.4880
1206.84,-1.4399,1.3880
1206.84,-0.8899,1.8880
1216.29,0.7601,-2.6120
1216.29,1.9101,-2.9620
1216.29,1.3601,-2.7120
1216.29,-1.2899,-2.1620
1216.29,-1.8899,-1.2620
1216.29,3.7601,-0.4620
1216.29,4.1101,0.1880
1216.29,4.3101,0.6880
1216.29,3.6601,0.8380
1216.29,3.0101,1.0380
1216.29,3.5601,1.8380
1216.29,-1.5399,1.7880
1216.29,3.2101,2.1380
1216.29,-0.7399,2.6880
1216.29,1.8101,2.9380
1216.29,3.6601,2.4880
1216.29,0.7101,3.0880
1216.29,2.7601,2.4880
1216.29,3.1101,3.2880
1216.29,0.0101,3.1880
1216.29,1.7601,-2.0620
1216.29,-0.1899,-2.0620
1216.29,2.4101,2.9880
1216.29,-0.0399,3.9380
1216.29,3.1601,-0.7620
1216.29,-0.8899,1.4880
1216.29,-2.6399,0.5380
1216.29,3.9101,0.4880
1216.29,-1.4399,1.3880
1216.29,-0.8899,1.8880
1228.09,-1.9617,-0.9506
1228.09,-1.2117,-0.2006
1228.09,-1.1617,0.4994
1228.09,-0.4117,0.6494
1228.09,-0.6617,0.7994
1229.23,-1.9617,-0.9506
1229.23,-1.2117,-0.2006
1229.23,-1.1617,0.4994
1229.23,-0.4117,0.6494
1229.23,-0.6617,0.7994
1232.23,-1.9617,-0.9506
1232.23,-1.2117,-0.2006
1232.23,-1.1617,0.4994
1232.23,-0.4117,0.6494
1232.23,-0.6617,0.7994
1236.05,-1.9617,-0.9506
1236.05,-1.2117,-0.2006
1236.05,-1.1617,0.4994
1236.05,-0.4117,0.6494
1236.05,-0.6617,0.7994
1237.74,-1.9617,-0.9506
1237.74,-1.2117,-0.2006
1237.74,-1.1617,0.4994
1237.74,-0.4117,0.6494
1237.74,-0.6617,0.7994
1246.70,-1.9617,-0.9506
1246.70,-1.2117,-0.2006
1246.70,-1.1617,0.4994
1246.70,-0.4117,0.6494
1246.70,-0.6617,0.7994
1248.03,-1.9617,-0.9506
1248.03,-1.2117,-0.2006
1248.03,-1.1617,0.4994
1248.03,-0.4117,0.6494
1248.03,-0.6617,0.7994
1249.24,-1.9617,-0.9506
1249.24,-1.2117,-0.2006
1249.24,-1.1617,0.4994
1249.24,-0.4117,0.6494
1249.24,-0.6617,0.7994
1251.22,-1.9617,-0.9506
1251.22,-1.2117,-0.2006
1251.22,-1.1617,0.4994
1251.22,-0.4117,0.6494
1251.22,-0.6617,0.7994
1252.49,-1.9617,-0.9506
1252.49,-1.2117,-0.2006
1252.49,-1.1617,0.4994
1252.49,-0.4117,0.6494
1252.49,-0.6617,0.7994
1254.45,-1.9617,-0.9506
1254.45,-1.2117,-0.2006
1254.45,-1.1617,0.4994
1254.45,-0.4117,0.6494
1254.45,-0.6617,0.7994
1257.12,-1.9617,-0.9506
1257.12,-1.2117,-0.2006
1257.12,-1.1617,0.4994
1257.12,-0.4117,0.6494
1257.12,-0.6617,0.7994
