elapsed_s,frontier_x_m,frontier_y_m
11.84,-0.5004,-1.7037
11.84,0.0996,-1.0537
11.84,-1.6004,-0.3037
11.84,-1.6504,0.2963
11.84,1.0496,0.5963
11.84,0.3996,-0.6537
11.84,-0.1004,-0.9537
11.84,-0.2504,1.0963
11.84,0.2996,0.9963
11.84,-0.9504,-0.7037
11.84,0.6996,-0.2037
11.84,-0.8504,-2.9537
11.84,-0.4004,-2.6037
11.84,-0.4504,0.9463
11.84,-1.0004,-3.3537
11.84,-0.4504,-2.9537
11.84,-0.5504,-2.7537
11.84,-0.7504,0.6463
11.84,-1.1504,-3.9037
11.84,-1.0504,-3.5537
11.84,-0.7004,-3.3037
11.84,-0.5004,-3.3037
11.84,-0.9504,-3.2037
11.84,-0.6004,-3.0537
11.84,-0.9004,-2.5037
11.84,-0.8504,-2.3537
11.84,0.1496,-2.0537
11.84,-0.1004,-1.8037
11.84,-0.3004,-0.5537
11.84,-0.7504,0.3963
13.43,-0.5004,-1.7037
13.43,0.0996,-1.0537
13.43,-1.6004,-0.3037
13.43,-1.6504,0.2963
13.43,1.0496,0.5963
13.43,0.3996,-0.6537
13.43,-0.1004,-0.9537
13.43,-0.2504,1.0963
13.43,0.2996,0.9963
13.43,-0.9504,-0.7037
13.43,0.6996,-0.2037
13.43,-0.8504,-2.9537
13.43,-0.4004,-2.6037
13.43,-0.4504,0.9463
13.43,-1.0004,-3.3537
13.43,-0.4504,-2.9537
13.43,-0.5504,-2.7537
13.43,-0.7504,0.6463
13.43,-1.1504,-3.9037
13.43,-1.0504,-3.5537
13.43,-0.7004,-3.3037
13.43,-0.5004,-3.3037
13.43,-0.9504,-3.2037
13.43,-0.6004,-3.0537
13.43,-0.9004,-2.5037
13.43,-0.8504,-2.3537
13.43,0.1496,-2.0537
13.43,-0.1004,-1.8037
13.43,-0.3004,-0.5537
13.43,-0.7504,0.3963
16.90,-0.5004,-1.7037
16.90,0.0996,-1.0537
16.90,-1.6004,-0.3037
16.90,-1.6504,0.2963
16.90,1.0496,0.5963
16.90,0.3996,-0.6537
16.90,-0.1004,-0.9537
16.90,-0.2504,1.0963
16.90,0.2996,0.9963
16.90,-0.9504,-0.7037
16.90,0.6996,-0.2037
16.90,-0.8504,-2.9537
16.90,-0.4004,-2.6037
16.90,-0.4504,0.9463
16.90,-1.0004,-3.3537
16.90,-0.4504,-2.9537
16.90,-0.5504,-2.7537
16.90,-0.7504,0.6463
16.90,-1.1504,-3.9037
16.90,-1.0504,-3.5537
16.90,-0.7004,-3.3037
16.90,-0.5004,-3.3037
16.90,-0.9504,-3.2037
16.90,-0.6004,-3.0537
16.90,-0.9004,-2.5037
16.90,-0.8504,-2.3537
16.90,0.1496,-2.0537
16.90,-0.1004,-1.8037
16.90,-0.3004,-0.5537
16.90,-0.7504,0.3963
18.85,-0.5004,-1.7037
18.85,0.0996,-1.0537
18.85,-1.6004,-0.3037
18.85,-1.6504,0.2963
18.85,1.0496,0.5963
18.85,0.3996,-0.6537
18.85,-0.1004,-0.9537
18.85,-0.2504,1.0963
18.85,0.2996,0.9963
18.85,-0.9504,-0.7037
18.85,0.6996,-0.2037
18.85,-0.8504,-2.9537
18.85,-0.4004,-2.6037
18.85,-0.4504,0.9463
18.85,-1.0004,-3.3537
18.85,-0.4504,-2.9537
18.85,-0.5504,-2.7537
18.85,-0.7504,0.6463
18.85,-1.1504,-3.9037
18.85,-1.0504,-3.5537
18.85,-0.7004,-3.3037
18.85,-0.5004,-3.3037
18.85,-0.9504,-3.2037
18.85,-0.6004,-3.0537
18.85,-0.9004,-2.5037
18.85,-0.8504,-2.3537
18.85,0.1496,-2.0537
18.85,-0.1004,-1.8037
18.85,-0.3004,-0.5537
18.85,-0.7504,0.3963
20.13,-0.5004,-1.7037
20.13,0.0996,-1.0537
20.13,-1.6004,-0.3037
20.13,-1.6504,0.2963
20.13,1.0496,0.5963
20.13,0.3996,-0.6537
20.13,-0.1004,-0.9537
20.13,-0.2504,1.0963
20.13,0.2996,0.9963
20.13,-0.9504,-0.7037
20.13,0.6996,-0.2037
20.13,-0.8504,-2.9537
20.13,-0.4004,-2.6037
20.13,-0.4504,0.9463
20.13,-1.0004,-3.3537
20.13,-0.4504,-2.9537
20.13,-0.5504,-2.7537
20.13,-0.7504,0.6463
20.13,-1.1504,-3.9037
20.13,-1.0504,-3.5537
20.13,-0.7004,-3.3037
20.13,-0.5004,-3.3037
20.13,-0.9504,-3.2037
20.13,-0.6004,-3.0537
20.13,-0.9004,-2.5037
20.13,-0.8504,-2.3537
20.13,0.1496,-2.0537
20.13,-0.1004,-1.8037
20.13,-0.3004,-0.5537
20.13,-0.7504,0.3963
23.14,-0.5004,-1.7037
23.14,0.0996,-1.0537
23.14,-1.6004,-0.3037
23.14,-1.6504,0.2963
23.14,1.0496,0.5963
23.14,0.3996,-0.6537
23.14,-0.1004,-0.9537
23.14,-0.2504,1.0963
23.14,0.2996,0.9963
23.14,-0.9504,-0.7037
23.14,0.6996,-0.2037
23.14,-0.8504,-2.9537
23.14,-0.4004,-2.6037
23.14,-0.4504,0.9463
23.14,-1.0004,-3.3537
23.14,-0.4504,-2.9537
23.14,-0.5504,-2.7537
23.14,-0.7504,0.6463
23.14,-1.1504,-3.9037
23.14,-1.0504,-3.5537
23.14,-0.7004,-3.3037
23.14,-0.5004,-3.3037
23.14,-0.9504,-3.2037
23.14,-0.6004,-3.0537
23.14,-0.9004,-2.5037
23.14,-0.8504,-2.3537
23.14,0.1496,-2.0537
23.14,-0.1004,-1.8037
23.14,-0.3004,-0.5537
23.14,-0.7504,0.3963
24.16,-0.5004,-1.7037
24.16,0.0996,-1.0537
24.16,-1.6004,-0.3037
24.16,-1.6504,0.2963
24.16,1.0496,0.5963
24.16,0.3996,-0.6537
24.16,-0.1004,-0.9537
24.16,-0.2504,1.0963
24.16,0.2996,0.9963
24.16,-0.9504,-0.7037
24.16,0.6996,-0.2037
24.16,-0.8504,-2.9537
24.16,-0.4004,-2.6037
24.16,-0.4504,0.9463
24.16,-1.0004,-3.3537
24.16,-0.4504,-2.9537
24.16,-0.5504,-2.7537
24.16,-0.7504,0.6463
24.16,-1.1504,-3.9037
24.16,-1.0504,-3.5537
24.16,-0.7004,-3.3037
24.16,-0.5004,-3.3037
24.16,-0.9504,-3.2037
24.16,-0.6004,-3.0537
24.16,-0.9004,-2.5037
24.16,-0.8504,-2.3537
24.16,0.1496,-2.0537
24.16,-0.1004,-1.8037
24.16,-0.3004,-0.5537
24.16,-0.7504,0.3963
26.23,-0.5004,-1.7037
26.23,0.0996,-1.0537
26.23,-1.6004,-0.3037
26.23,-1.6504,0.2963
26.23,1.0496,0.5963
26.23,0.3996,-0.6537
26.23,-0.1004,-0.9537
26.23,-0.2504,1.0963
26.23,0.2996,0.9963
26.23,-0.9504,-0.7037
26.23,0.6996,-0.2037
26.23,-0.8504,-2.9537
26.23,-0.4004,-2.6037
26.23,-0.4504,0.9463
26.23,-1.0004,-3.3537
26.23,-0.4504,-2.9537
26.23,-0.5504,-2.7537
26.23,-0.7504,0.6463
26.23,-1.1504,-3.9037
26.23,-1.0504,-3.5537
26.23,-0.7004,-3.3037
26.23,-0.5004,-3.3037
26.23,-0.9504,-3.2037
26.23,-0.6004,-3.0537
26.23,-0.9004,-2.5037
26.23,-0.8504,-2.3537
26.23,0.1496,-2.0537
26.23,-0.1004,-1.8037
26.23,-0.3004,-0.5537
26.23,-0.7504,0.3963
29.60,-0.1790,-3.0271
29.60,-0.0790,-2.4271
29.60,-0.5790,-1.9271
29.60,-0.7790,-0.8771
29.60,-1.6290,-0.7271
29.60,-1.5790,0.4229
29.60,1.2210,0.5229
29.60,0.0710,-2.6771
29.60,-1.3790,-0.8771
29.60,0.1210,-1.6771
29.60,1.2210,0.9229
29.60,0.4210,-1.6271
29.60,0.2710,-1.0771
29.60,0.7710,-0.2271
29.60,0.3210,1.0229
29.60,0.5210,-0.6271
29.60,-0.0790,-3.3771
29.60,-0.3290,-2.4271
29.60,-0.7290,-1.1271
29.60,0.5710,-1.0271
29.60,0.1210,-3.2771
29.60,-0.3790,-2.8271
29.60,0.2210,-1.6271
29.60,0.1710,-1.1271
29.60,0.7210,0.9729
29.60,-0.6290,0.9729
29.60,-0.4290,-3.5771
29.60,-0.3790,-3.1771
29.60,0.3210,-2.4271
29.60,0.2710,-2.0271
31.20,-0.1790,-3.2271
31.20,-0.0790,-3.5271
31.20,-0.5290,-2.5271
31.20,0.2710,-2.1271
31.20,0.3710,-1.4771
31.20,-0.6790,-1.3771
31.20,-1.6290,0.4229
31.20,1.3210,0.5229
31.20,0.1210,-3.6271
31.20,0.3210,-3.4271
31.20,-0.5790,-1.7771
31.20,0.2210,-3.6271
31.20,0.6210,-1.0771
31.20,0.7710,-0.2271
31.20,0.3210,1.0229
31.20,0.5710,-0.6271
31.20,-0.3290,-2.4271
31.20,-0.7290,-1.1271
31.20,-0.3790,-2.8271
31.20,-0.4290,-3.5771
31.20,-0.3790,-3.1771
31.20,1.1710,1.0229
31.20,-0.6290,-3.0771
31.20,-0.2290,-2.7271
31.20,-0.0790,-2.1271
31.20,-0.6790,-1.9271
31.20,-0.5790,-1.4271
31.20,-1.7790,-1.0271
31.20,-1.2290,-0.8771
31.20,-2.1790,-0.2271
32.48,-0.2290,-3.5271
32.48,-0.5290,-2.5271
32.48,0.3710,-1.9771
32.48,-0.6790,-1.3771
32.48,-1.6290,0.4229
32.48,1.4210,0.5729
32.48,-0.2290,-2.4771
32.48,0.3710,-2.7771
32.48,-0.5790,-1.7771
32.48,0.5710,-1.0771
32.48,1.0710,0.3729
32.48,0.7710,-0.2271
32.48,0.4210,-3.2771
32.48,0.3210,-1.1271
32.48,0.5710,-0.6271
32.48,0.3210,1.0729
32.48,-0.2790,-4.2771
32.48,-0.3290,-2.4271
32.48,-0.9790,0.9729
32.48,-0.7290,-1.1271
32.48,-0.3790,-2.8271
32.48,-0.4290,-3.5771
32.48,-0.3790,-3.1771
32.48,-1.4790,-1.0771
32.48,1.0210,1.0229
32.48,0.4710,-3.6271
32.48,-0.6290,-3.0771
32.48,-0.6790,-1.9271
32.48,-0.5790,-1.4271
32.48,-1.2290,-0.8771
34.46,-0.2290,-3.5271
34.46,0.3710,-2.2771
34.46,-0.5290,-2.5271
34.46,-0.6790,-1.3771
34.46,-1.6290,0.4229
34.46,-0.2290,-2.4771
34.46,1.4210,0.5729
34.46,-0.5790,-1.7771
34.46,0.4710,-1.6271
34.46,0.5710,-1.0771
34.46,0.4710,-3.3271
34.46,1.0710,0.3729
34.46,0.5210,-0.6271
34.46,0.7710,-0.2271
34.46,0.3210,1.0729
34.46,-0.2790,-4.2771
34.46,-0.3290,-2.4271
34.46,0.3210,-1.1271
34.46,-0.7290,-1.1271
34.46,-0.3790,-2.8271
34.46,-0.4290,-3.5771
34.46,-0.3790,-3.1771
34.46,-1.4790,-1.0771
34.46,-0.9790,1.0229
34.46,1.0210,1.0729
34.46,-0.6290,-3.0771
34.46,-0.6790,-1.9271
34.46,-0.5790,-1.4271
34.46,-1.2290,-0.8771
34.46,-2.1790,-0.2271
37.05,-0.2790,-3.7271
37.05,-0.4790,-2.8271
37.05,0.4710,-3.3271
37.05,-0.6290,-3.0771
37.05,0.3710,-2.2271
37.05,-0.2290,-2.6771
37.05,0.4710,-2.4771
37.05,-0.6790,-1.9271
37.05,-0.5790,-1.7771
37.05,0.4710,-1.6271
37.05,-0.6790,-1.3771
37.05,-0.5790,-1.4271
37.05,-0.7290,-1.1271
37.05,0.3710,-1.2271
37.05,0.5710,-1.0771
37.05,-1.5290,-1.0771
37.05,-1.2290,-0.8771
37.05,0.5210,-0.6271
37.05,0.7710,-0.2271
37.05,-2.1790,-0.2271
37.05,-1.6290,0.4229
37.05,1.0710,0.3729
37.05,1.4210,0.5729
37.05,-1.1790,0.7729
37.05,-0.9290,0.9229
37.05,0.3210,1.0729
37.05,-1.1290,0.9729
37.05,-0.9790,1.0229
37.05,1.0210,1.0729
37.05,-0.4790,1.1729
39.10,-0.4290,-3.2271
39.10,0.3710,-2.2271
39.10,-0.5790,-2.4271
39.10,-0.6790,-1.3771
39.10,-1.6290,0.4229
39.10,-0.4290,-4.1771
39.10,-0.5290,-2.8271
39.10,-0.5790,-1.7771
39.10,0.4710,-1.6271
39.10,0.5710,-1.0771
39.10,0.6210,-0.5771
39.10,1.4710,0.5729
39.10,0.4710,-3.3271
39.10,-1.5790,-1.2271
39.10,1.1210,0.3229
39.10,0.4710,-2.4771
39.10,0.7710,-0.2271
39.10,0.3210,1.0729
39.10,-0.7290,-1.1271
39.10,-1.1290,0.9729
39.10,1.4210,0.6729
39.10,-0.9790,1.0229
39.10,-0.2790,-3.3771
39.10,1.0210,1.0729
39.10,-0.6290,-3.0771
39.10,-0.3290,-2.3771
39.10,-2.1290,-1.9771
39.10,-0.6790,-1.9271
39.10,-1.9790,-1.7771
39.10,-1.8290,-1.5771
40.79,-0.4290,-3.1771
40.79,0.3710,-2.2271
40.79,-0.5790,-2.4271
40.79,-1.8290,-1.5771
40.79,-0.6790,-1.3771
40.79,-1.6290,0.4229
40.79,-0.5290,-2.8271
40.79,-0.5790,-1.7771
40.79,0.4710,-1.6271
40.79,0.5710,-1.0771
40.79,0.6210,-0.5771
40.79,1.4710,0.5729
40.79,-0.4790,-4.0771
40.79,0.4710,-3.3771
40.79,0.4710,-2.4771
40.79,1.1210,0.3229
40.79,0.7710,-0.2271
40.79,0.3210,1.0729
40.79,-0.4790,-4.4771
40.79,0.2210,-4.3271
40.79,-0.7290,-1.1271
40.79,-1.1290,0.9729
40.79,0.3710,-4.2271
40.79,1.4210,0.6729
40.79,-0.9790,1.0229
40.79,-0.1290,-4.4271
40.79,1.0210,1.0729
40.79,0.0710,-4.4271
40.79,0.2710,-4.0771
40.79,-0.6290,-3.0771
42.91,0.3710,-2.2271
42.91,-1.8790,-1.6771
42.91,-0.6790,-1.3771
42.91,-1.6290,0.4229
42.91,-0.5790,-2.4271
42.91,0.3710,-4.1271
42.91,-0.5290,-4.1771
42.91,-0.5790,-1.7771
42.91,0.4710,-1.6271
42.91,-0.4290,-3.0771
42.91,0.5710,-1.0771
42.91,0.6210,-0.5771
42.91,1.4710,0.5729
42.91,0.4710,-3.3771
42.91,0.4710,-2.4771
42.91,1.1210,0.3229
42.91,-0.5790,-2.8771
42.91,0.7710,-0.2271
42.91,0.3210,1.0729
42.91,-0.7290,-1.1271
42.91,-1.1290,0.9729
42.91,-0.4790,-3.5271
42.91,-1.4790,-1.1271
42.91,1.4210,0.6729
42.91,-0.9790,1.0229
42.91,-0.4790,-3.7271
42.91,1.0210,1.0729
42.91,-0.6290,-3.0771
42.91,-0.6790,-1.9271
42.91,-1.9290,-1.5271
44.44,-0.6790,-1.3771
44.44,-1.6290,0.4229
44.44,-0.5790,-2.4271
44.44,0.3710,-2.6271
44.44,-1.9290,-1.7271
44.44,-0.5290,-4.1771
44.44,0.4210,-4.0771
44.44,-0.5790,-1.7771
44.44,0.4710,-1.6271
44.44,-0.4290,-3.0771
44.44,0.5710,-1.0771
44.44,1.4710,0.5729
44.44,0.4710,-3.3771
44.44,0.4710,-2.4771
44.44,0.5710,-0.4771
44.44,1.1210,0.3229
44.44,-0.5790,-2.8771
44.44,0.7710,-0.2271
44.44,0.3210,1.0729
44.44,0.4210,-2.2271
44.44,-0.7290,-1.1271
44.44,-1.1290,0.9729
44.44,-0.4790,-3.5271
44.44,-1.4790,-1.1271
44.44,1.4210,0.6729
44.44,-0.9790,1.0229
44.44,-0.4790,-3.7271
44.44,0.7710,-0.7271
44.44,1.0210,1.0729
44.44,-0.6290,-3.0771
46.56,-0.6790,-1.3771
46.56,-1.6290,0.4229
46.56,-0.5790,-2.4271
46.56,0.3710,-2.6271
46.56,-1.9290,-1.7271
46.56,-0.5290,-4.1771
46.56,0.4210,-4.0771
46.56,-0.5790,-1.7771
46.56,0.4710,-1.6271
46.56,-0.4290,-3.0771
46.56,0.5710,-1.0771
46.56,1.4710,0.5729
46.56,0.4710,-3.3771
46.56,0.4710,-2.4771
46.56,0.5710,-0.4771
46.56,1.1210,0.3229
46.56,-0.5790,-2.8771
46.56,0.7710,-0.2271
46.56,0.3210,1.0729
46.56,0.4210,-2.2271
46.56,-0.7290,-1.1271
46.56,-1.1290,0.9729
46.56,-0.4790,-3.5271
46.56,-1.4790,-1.1271
46.56,1.4210,0.6729
46.56,-0.9790,1.0229
46.56,-0.4790,-3.7271
46.56,0.7710,-0.7271
46.56,1.0210,1.0729
46.56,-0.6290,-3.0771
48.70,0.4210,-2.6771
48.70,-0.6790,-1.3771
48.70,-1.6290,0.4229
48.70,-0.5790,-2.4271
48.70,-1.9290,-1.7271
48.70,-0.5290,-4.1771
48.70,-0.5790,-1.7771
48.70,0.4710,-1.6271
48.70,0.4210,-4.0771
48.70,-0.4290,-3.0771
48.70,0.5710,-1.0771
48.70,1.4710,0.5729
48.70,0.4710,-3.3771
48.70,0.5710,-0.4771
48.70,1.1210,0.3229
48.70,-0.5790,-2.8771
48.70,0.7710,-0.2271
48.70,0.3210,1.0729
48.70,0.4210,-2.2271
48.70,-0.7290,-1.1271
48.70,-1.1290,0.9729
48.70,-0.4790,-3.5271
48.70,-1.4790,-1.1271
48.70,1.4210,0.6729
48.70,-0.9790,1.0229
48.70,-0.4790,-3.7271
48.70,0.3210,-2.2271
48.70,0.7710,-0.7271
48.70,1.0210,1.0729
48.70,-0.6290,-3.0771
50.68,0.4210,-2.6771
50.68,-0.6790,-1.3771
50.68,-1.6290,0.4229
50.68,-0.5790,-2.4271
50.68,-1.9290,-1.7271
50.68,-0.5290,-4.1771
50.68,-0.5790,-1.7771
50.68,0.4710,-1.6271
50.68,0.4210,-4.0771
50.68,-0.4290,-3.0771
50.68,0.5710,-1.0771
50.68,1.4710,0.5729
50.68,0.4710,-3.3771
50.68,0.5710,-0.4771
50.68,1.1210,0.3229
50.68,-0.5790,-2.8771
50.68,0.7710,-0.2271
50.68,0.3210,1.0729
50.68,0.4210,-2.2271
50.68,-0.7290,-1.1271
50.68,-1.1290,0.9729
50.68,-0.4790,-3.5271
50.68,-1.4790,-1.1271
50.68,1.4210,0.6729
50.68,-0.9790,1.0229
50.68,-0.4790,-3.7271
50.68,0.3210,-2.2271
50.68,0.7710,-0.7271
50.68,1.0210,1.0729
50.68,-0.6290,-3.0771
52.45,0.4210,-2.6771
52.45,-1.8790,-1.6771
52.45,-0.6790,-1.3771
52.45,-1.6290,0.4229
52.45,-0.5790,-2.4271
52.45,-0.5290,-4.1771
52.45,-0.5790,-1.7771
52.45,0.4710,-1.6271
52.45,0.4210,-4.0771
52.45,-0.4290,-3.0771
52.45,0.6710,-0.5271
52.45,0.5710,-1.0771
52.45,1.4710,0.5729
52.45,0.4710,-3.3771
52.45,1.1210,0.3229
52.45,-0.5790,-2.8771
52.45,0.7710,-0.2271
52.45,0.3210,1.0729
52.45,0.4210,-2.2271
52.45,-0.7290,-1.1271
52.45,-1.1290,0.9729
52.45,-0.4790,-3.5271
52.45,-1.4790,-1.1271
52.45,1.4210,0.6729
52.45,-0.9790,1.0229
52.45,-0.4790,-3.7271
52.45,0.3210,-2.2271
52.45,1.0210,1.0729
52.45,-0.6290,-3.0771
52.45,-0.6790,-1.9271
54.32,0.4210,-2.6771
54.32,-1.8790,-1.6771
54.32,-0.6790,-1.3771
54.32,-1.6290,0.4229
54.32,-0.4790,-3.3271
54.32,-0.5790,-2.4271
54.32,-0.5790,-4.1771
54.32,-0.5790,-1.7771
54.32,0.4710,-1.6271
54.32,0.6710,-0.5271
54.32,0.4210,-4.0771
54.32,0.5710,-1.0771
54.32,1.4710,0.5729
54.32,0.4710,-3.3771
54.32,1.1210,0.3229
54.32,0.7710,-0.2271
54.32,0.3210,1.0729
54.32,-0.5790,-2.9271
54.32,0.4210,-2.2271
54.32,-0.7290,-1.1271
54.32,-1.1290,0.9729
54.32,-1.4790,-1.1271
54.32,1.4210,0.6729
54.32,-0.9790,1.0229
54.32,0.3210,-2.2271
54.32,1.0210,1.0729
54.32,-0.6290,-3.0771
54.32,-0.6790,-1.9271
54.32,-1.9290,-1.5271
54.32,-0.5790,-1.4271
56.65,0.4210,-2.6771
56.65,-1.8790,-1.6771
56.65,-0.6790,-1.3771
56.65,-1.6290,0.4229
56.65,-0.5790,-2.4271
56.65,-0.4790,-3.3271
56.65,-0.5790,-4.1771
56.65,-0.5790,-1.7771
56.65,0.4710,-1.6271
56.65,0.6710,-0.5271
56.65,0.4210,-4.0771
56.65,0.5710,-1.0771
56.65,1.4710,0.5729
56.65,0.4710,-3.3771
56.65,1.1210,0.3229
56.65,0.7710,-0.2271
56.65,0.3210,1.0729
56.65,-0.5790,-2.9271
56.65,0.4210,-2.2271
56.65,-0.7290,-1.1271
56.65,-1.1290,0.9729
56.65,-1.4790,-1.1271
56.65,1.4210,0.6729
56.65,-0.9790,1.0229
56.65,0.3210,-2.2271
56.65,1.0210,1.0729
56.65,-0.6290,-3.0771
56.65,-0.6790,-1.9271
56.65,-1.9290,-1.5271
56.65,-0.5790,-1.4271
58.33,0.4210,-2.6771
58.33,-1.8790,-1.6771
58.33,-0.6790,-1.3771
58.33,-1.6290,0.4229
58.33,-0.5790,-2.4271
58.33,-0.4790,-3.3271
58.33,-0.5790,-4.1771
58.33,-0.5790,-1.7771
58.33,0.4710,-1.6271
58.33,0.6710,-0.5271
58.33,0.4210,-4.0771
58.33,0.5710,-1.0771
58.33,1.4710,0.5729
58.33,0.4710,-3.3771
58.33,1.1210,0.3229
58.33,0.7710,-0.2271
58.33,0.3210,1.0729
58.33,-0.5790,-2.9271
58.33,0.4210,-2.2271
58.33,-0.7290,-1.1271
58.33,-1.1290,0.9729
58.33,-1.4790,-1.1271
58.33,1.4210,0.6729
58.33,-0.9790,1.0229
58.33,0.3210,-2.2271
58.33,1.0210,1.0729
58.33,-0.6290,-3.0771
58.33,-0.6790,-1.9271
58.33,-1.9290,-1.5271
58.33,-0.5790,-1.4271
60.39,0.4210,-2.6771
60.39,-1.8790,-1.6771
60.39,-0.6790,-1.3771
60.39,-1.6290,0.4229
60.39,-0.5790,-2.4271
60.39,-0.4790,-3.3271
60.39,-0.5790,-4.1771
60.39,-0.5790,-1.7771
60.39,0.4710,-1.6271
60.39,0.6710,-0.5271
60.39,0.4210,-4.0771
60.39,0.5710,-1.0771
60.39,1.4710,0.5729
60.39,0.4710,-3.3771
60.39,1.1210,0.3229
60.39,0.7710,-0.2271
60.39,0.3210,1.0729
60.39,-0.5790,-2.9271
60.39,0.4210,-2.2271
60.39,-0.7290,-1.1271
60.39,-1.1290,0.9729
60.39,-1.4790,-1.1271
60.39,1.4210,0.6729
60.39,-0.9790,1.0229
60.39,0.3210,-2.2271
60.39,1.0210,1.0729
60.39,-0.6290,-3.0771
60.39,-0.6790,-1.9271
60.39,-1.9290,-1.5271
60.39,-0.5790,-1.4271
62.45,0.4210,-2.6771
62.45,-1.8790,-1.6771
62.45,-0.6790,-1.3771
62.45,-1.6290,0.4229
62.45,-0.5790,-2.4271
62.45,-0.4790,-3.3271
62.45,-0.5790,-4.1771
62.45,-0.5790,-1.7771
62.45,0.4710,-1.6271
62.45,0.6710,-0.5271
62.45,0.4210,-4.0771
62.45,0.5710,-1.0771
62.45,1.4710,0.5729
62.45,0.4710,-3.3771
62.45,1.1210,0.3229
62.45,0.7710,-0.2271
62.45,0.3210,1.0729
62.45,-0.5790,-2.9271
62.45,0.4210,-2.2271
62.45,-0.7290,-1.1271
62.45,-1.1290,0.9729
62.45,-1.4790,-1.1271
62.45,1.4210,0.6729
62.45,-0.9790,1.0229
62.45,0.3210,-2.2271
62.45,1.0210,1.0729
62.45,-0.6290,-3.0771
62.45,-0.6790,-1.9271
62.45,-1.9290,-1.5271
62.45,-0.5790,-1.4271
64.23,0.4210,-2.6771
64.23,-1.8790,-1.6771
64.23,-0.6790,-1.3771
64.23,-1.6290,0.4229
64.23,-0.5790,-2.4271
64.23,-0.4790,-3.3271
64.23,-0.5790,-4.1771
64.23,-0.5790,-1.7771
64.23,0.4710,-1.6271
64.23,0.6710,-0.5271
64.23,0.4210,-4.0771
64.23,0.5710,-1.0771
64.23,1.4710,0.5729
64.23,0.4710,-3.3771
64.23,1.1210,0.3229
64.23,0.7710,-0.2271
64.23,0.3210,1.0729
64.23,-0.5790,-2.9271
64.23,0.4210,-2.2271
64.23,-0.7290,-1.1271
64.23,-1.1290,0.9729
64.23,-1.4790,-1.1271
64.23,1.4210,0.6729
64.23,-0.9790,1.0229
64.23,0.3210,-2.2271
64.23,1.0210,1.0729
64.23,-0.6290,-3.0771
64.23,-0.6790,-1.9271
64.23,-1.9290,-1.5271
64.23,-0.5790,-1.4271
66.67,0.4210,-2.6771
66.67,-1.8790,-1.6771
66.67,-0.6790,-1.3771
66.67,-1.6290,0.4229
66.67,-0.5790,-2.4271
66.67,-0.4790,-3.3271
66.67,-0.5790,-4.1771
66.67,-0.5790,-1.7771
66.67,0.4710,-1.6271
66.67,0.6710,-0.5271
66.67,0.4210,-4.0771
66.67,0.5710,-1.0771
66.67,1.4710,0.5729
66.67,0.4710,-3.3771
66.67,1.1210,0.3229
66.67,0.7710,-0.2271
66.67,0.3210,1.0729
66.67,-0.5790,-2.9271
66.67,0.4210,-2.2271
66.67,-0.7290,-1.1271
66.67,-1.1290,0.9729
66.67,-1.4790,-1.1271
66.67,1.4210,0.6729
66.67,-0.9790,1.0229
66.67,0.3210,-2.2271
66.67,1.0210,1.0729
66.67,-0.6290,-3.0771
66.67,-0.6790,-1.9271
66.67,-1.9290,-1.5271
66.67,-0.5790,-1.4271
68.75,0.4210,-2.6771
68.75,-1.8790,-1.6771
68.75,-0.6790,-1.3771
68.75,-1.6290,0.4229
68.75,-0.5790,-2.4271
68.75,-0.4790,-3.3271
68.75,-0.5790,-4.1771
68.75,-0.5790,-1.7771
68.75,0.4710,-1.6271
68.75,0.6710,-0.5271
68.75,0.4210,-4.0771
68.75,0.5710,-1.0771
68.75,1.4710,0.5729
68.75,0.4710,-3.3771
68.75,1.1210,0.3229
68.75,0.7710,-0.2271
68.75,0.3210,1.0729
68.75,-0.5790,-2.9271
68.75,0.4210,-2.2271
68.75,-0.7290,-1.1271
68.75,-1.1290,0.9729
68.75,-1.4790,-1.1271
68.75,1.4210,0.6729
68.75,-0.9790,1.0229
68.75,0.3210,-2.2271
68.75,1.0210,1.0729
68.75,-0.6290,-3.0771
68.75,-0.6790,-1.9271
68.75,-1.9290,-1.5271
68.75,-0.5790,-1.4271
70.47,0.4210,-2.6771
70.47,-1.8790,-1.6771
70.47,-0.6790,-1.3771
70.47,-1.6290,0.4229
70.47,-0.5790,-2.4271
70.47,-0.4790,-3.3271
70.47,-0.5790,-4.1771
70.47,-0.5790,-1.7771
70.47,0.4710,-1.6271
70.47,0.6710,-0.5271
70.47,0.4210,-4.0771
70.47,0.5710,-1.0771
70.47,1.4710,0.5729
70.47,0.4710,-3.3771
70.47,1.1210,0.3229
70.47,0.7710,-0.2271
70.47,0.3210,1.0729
70.47,-0.5790,-2.9271
70.47,0.4210,-2.2271
70.47,-0.7290,-1.1271
70.47,-1.1290,0.9729
70.47,-1.4790,-1.1271
70.47,1.4210,0.6729
70.47,-0.9790,1.0229
70.47,0.3210,-2.2271
70.47,1.0210,1.0729
70.47,-0.6290,-3.0771
70.47,-0.6790,-1.9271
70.47,-1.9290,-1.5271
70.47,-0.5790,-1.4271
72.30,0.4210,-2.6771
72.30,-1.8790,-1.6771
72.30,-0.6790,-1.3771
72.30,-1.6290,0.4229
72.30,-0.5790,-2.4271
72.30,-0.4790,-3.3271
72.30,-0.5790,-4.1771
72.30,-0.5790,-1.7771
72.30,0.4710,-1.6271
72.30,0.6710,-0.5271
72.30,0.4210,-4.0771
72.30,0.5710,-1.0771
72.30,1.4710,0.5729
72.30,0.4710,-3.3771
72.30,1.1210,0.3229
72.30,0.7710,-0.2271
72.30,0.3210,1.0729
72.30,-0.5790,-2.9271
72.30,0.4210,-2.2271
72.30,-0.7290,-1.1271
72.30,-1.1290,0.9729
72.30,-1.4790,-1.1271
72.30,1.4210,0.6729
72.30,-0.9790,1.0229
72.30,0.3210,-2.2271
72.30,1.0210,1.0729
72.30,-0.6290,-3.0771
72.30,-0.6790,-1.9271
72.30,-1.9290,-1.5271
72.30,-0.5790,-1.4271
74.30,0.4210,-2.6771
74.30,-1.8790,-1.6771
74.30,-0.6790,-1.3771
74.30,-1.6290,0.4229
74.30,-0.5790,-2.4271
74.30,-0.4790,-3.3271
74.30,-0.5790,-4.1771
74.30,-0.5790,-1.7771
74.30,0.4710,-1.6271
74.30,0.6710,-0.5271
74.30,0.4210,-4.0771
74.30,0.5710,-1.0771
74.30,1.4710,0.5729
74.30,0.4710,-3.3771
74.30,1.1210,0.3229
74.30,0.7710,-0.2271
74.30,0.3210,1.0729
74.30,-0.5790,-2.9271
74.30,0.4210,-2.2271
74.30,-0.7290,-1.1271
74.30,-1.1290,0.9729
74.30,-1.4790,-1.1271
74.30,1.4210,0.6729
74.30,-0.9790,1.0229
74.30,0.3210,-2.2271
74.30,1.0210,1.0729
74.30,-0.6290,-3.0771
74.30,-0.6790,-1.9271
74.30,-1.9290,-1.5271
74.30,-0.5790,-1.4271
76.30,0.4210,-2.6771
76.30,-1.8790,-1.6771
76.30,-0.6790,-1.3771
76.30,-1.6290,0.4229
76.30,-0.5790,-2.4271
76.30,-0.4790,-3.3271
76.30,-0.5790,-4.1771
76.30,-0.5790,-1.7771
76.30,0.4710,-1.6271
76.30,0.6710,-0.5271
76.30,0.4210,-4.0771
76.30,0.5710,-1.0771
76.30,1.4710,0.5729
76.30,0.4710,-3.3771
76.30,1.1210,0.3229
76.30,0.7710,-0.2271
76.30,0.3210,1.0729
76.30,-0.5790,-2.9271
76.30,0.4210,-2.2271
76.30,-0.7290,-1.1271
76.30,-1.1290,0.9729
76.30,-1.4790,-1.1271
76.30,1.4210,0.6729
76.30,-0.9790,1.0229
76.30,0.3210,-2.2271
76.30,1.0210,1.0729
76.30,-0.6290,-3.0771
76.30,-0.6790,-1.9271
76.30,-1.9290,-1.5271
76.30,-0.5790,-1.4271
78.21,0.4210,-2.6771
78.21,-1.8790,-1.6771
78.21,-0.6790,-1.3771
78.21,-1.6290,0.4229
78.21,-0.5790,-2.4271
78.21,-0.4790,-3.3271
78.21,-0.5790,-4.1771
78.21,-0.5790,-1.7771
78.21,0.4710,-1.6271
78.21,0.6710,-0.5271
78.21,0.4210,-4.0771
78.21,0.5710,-1.0771
78.21,1.4710,0.5729
78.21,0.4710,-3.3771
78.21,1.1210,0.3229
78.21,0.7710,-0.2271
78.21,0.3210,1.0729
78.21,-0.5790,-2.9271
78.21,0.4210,-2.2271
78.21,-0.7290,-1.1271
78.21,-1.1290,0.9729
78.21,-1.4790,-1.1271
78.21,1.4210,0.6729
78.21,-0.9790,1.0229
78.21,0.3210,-2.2271
78.21,1.0210,1.0729
78.21,-0.6290,-3.0771
78.21,-0.6790,-1.9271
78.21,-1.9290,-1.5271
78.21,-0.5790,-1.4271
80.49,0.4210,-2.6771
80.49,-1.8790,-1.6771
80.49,-0.6790,-1.3771
80.49,-1.6290,0.4229
80.49,-0.5790,-2.4271
80.49,-0.4790,-3.3271
80.49,-0.5790,-4.1771
80.49,-0.5790,-1.7771
80.49,0.4710,-1.6271
80.49,0.6710,-0.5271
80.49,0.4210,-4.0771
80.49,0.5710,-1.0771
80.49,1.4710,0.5729
80.49,0.4710,-3.3771
80.49,1.1210,0.3229
80.49,0.7710,-0.2271
80.49,0.3210,1.0729
80.49,-0.5790,-2.9271
80.49,0.4210,-2.2271
80.49,-0.7290,-1.1271
80.49,-1.1290,0.9729
80.49,-1.4790,-1.1271
80.49,1.4210,0.6729
80.49,-0.9790,1.0229
80.49,0.3210,-2.2271
80.49,1.0210,1.0729
80.49,-0.6290,-3.0771
80.49,-0.6790,-1.9271
80.49,-1.9290,-1.5271
80.49,-0.5790,-1.4271
82.19,0.4210,-2.6771
82.19,-1.8790,-1.6771
82.19,-0.6790,-1.3771
82.19,-1.6290,0.4229
82.19,-0.5790,-2.4271
82.19,-0.4790,-3.3271
82.19,-0.5790,-4.1771
82.19,-0.5790,-1.7771
82.19,0.4710,-1.6271
82.19,0.6710,-0.5271
82.19,0.4210,-4.0771
82.19,0.5710,-1.0771
82.19,1.4710,0.5729
82.19,0.4710,-3.3771
82.19,1.1210,0.3229
82.19,0.7710,-0.2271
82.19,0.3210,1.0729
82.19,-0.5790,-2.9271
82.19,0.4210,-2.2271
82.19,-0.7290,-1.1271
82.19,-1.1290,0.9729
82.19,-1.4790,-1.1271
82.19,1.4210,0.6729
82.19,-0.9790,1.0229
82.19,0.3210,-2.2271
82.19,1.0210,1.0729
82.19,-0.6290,-3.0771
82.19,-0.6790,-1.9271
82.19,-1.9290,-1.5271
82.19,-0.5790,-1.4271
84.55,0.4210,-2.6771
84.55,-1.8790,-1.6771
84.55,-0.6790,-1.3771
84.55,-1.6290,0.4229
84.55,-0.5790,-2.4271
84.55,-0.4790,-3.3271
84.55,-0.5790,-4.1771
84.55,-0.5790,-1.7771
84.55,0.4710,-1.6271
84.55,0.6710,-0.5271
84.55,0.4210,-4.0771
84.55,0.5710,-1.0771
84.55,1.4710,0.5729
84.55,0.4710,-3.3771
84.55,1.1210,0.3229
84.55,0.7710,-0.2271
84.55,0.3210,1.0729
84.55,-0.5790,-2.9271
84.55,0.4210,-2.2271
84.55,-0.7290,-1.1271
84.55,-1.1290,0.9729
84.55,-1.4790,-1.1271
84.55,1.4210,0.6729
84.55,-0.9790,1.0229
84.55,0.3210,-2.2271
84.55,1.0210,1.0729
84.55,-0.6290,-3.0771
84.55,-0.6790,-1.9271
84.55,-1.9290,-1.5271
84.55,-0.5790,-1.4271
86.51,0.4210,-2.6771
86.51,-1.8790,-1.6771
86.51,-0.6790,-1.3771
86.51,-1.6290,0.4229
86.51,-0.5790,-2.4271
86.51,-0.4790,-3.3271
86.51,-0.5790,-4.1771
86.51,-0.5790,-1.7771
86.51,0.4710,-1.6271
86.51,0.6710,-0.5271
86.51,0.4210,-4.0771
86.51,0.5710,-1.0771
86.51,1.4710,0.5729
86.51,0.4710,-3.3771
86.51,1.1210,0.3229
86.51,0.7710,-0.2271
86.51,0.3210,1.0729
86.51,-0.5790,-2.9271
86.51,0.4210,-2.2271
86.51,-0.7290,-1.1271
86.51,-1.1290,0.9729
86.51,-1.4790,-1.1271
86.51,1.4210,0.6729
86.51,-0.9790,1.0229
86.51,0.3210,-2.2271
86.51,1.0210,1.0729
86.51,-0.6290,-3.0771
86.51,-0.6790,-1.9271
86.51,-1.9290,-1.5271
86.51,-0.5790,-1.4271
88.51,0.4210,-2.6771
88.51,-1.8790,-1.6771
88.51,-0.6790,-1.3771
88.51,-1.6290,0.4229
88.51,-0.5790,-2.4271
88.51,-0.4790,-3.3271
88.51,-0.5790,-4.1771
88.51,-0.5790,-1.7771
88.51,0.4710,-1.6271
88.51,0.6710,-0.5271
88.51,0.4210,-4.0771
88.51,0.5710,-1.0771
88.51,1.4710,0.5729
88.51,0.4710,-3.3771
88.51,1.1210,0.3229
88.51,0.7710,-0.2271
88.51,0.3210,1.0729
88.51,-0.5790,-2.9271
88.51,0.4210,-2.2271
88.51,-0.7290,-1.1271
88.51,-1.1290,0.9729
88.51,-1.4790,-1.1271
88.51,1.4210,0.6729
88.51,-0.9790,1.0229
88.51,0.3210,-2.2271
88.51,1.0210,1.0729
88.51,-0.6290,-3.0771
88.51,-0.6790,-1.9271
88.51,-1.9290,-1.5271
88.51,-0.5790,-1.4271
92.01,0.4210,-2.6771
92.01,-1.8790,-1.6771
92.01,-0.6790,-1.3771
92.01,-1.6290,0.4229
92.01,-0.5790,-2.4271
92.01,-0.4790,-3.3271
92.01,-0.5790,-4.1771
92.01,-0.5790,-1.7771
92.01,0.4710,-1.6271
92.01,0.6710,-0.5271
92.01,0.4210,-4.0771
92.01,0.5710,-1.0771
92.01,1.4710,0.5729
92.01,0.4710,-3.3771
92.01,1.1210,0.3229
92.01,0.7710,-0.2271
92.01,0.3210,1.0729
92.01,-0.5790,-2.9271
92.01,0.4210,-2.2271
92.01,-0.7290,-1.1271
92.01,-1.1290,0.9729
92.01,-1.4790,-1.1271
92.01,1.4210,0.6729
92.01,-0.9790,1.0229
92.01,0.3210,-2.2271
92.01,1.0210,1.0729
92.01,-0.6290,-3.0771
92.01,-0.6790,-1.9271
92.01,-1.9290,-1.5271
92.01,-0.5790,-1.4271
94.41,0.4210,-2.6771
94.41,-1.8790,-1.6771
94.41,-0.6790,-1.3771
94.41,-1.6290,0.4229
94.41,-0.5790,-2.4271
94.41,-0.4790,-3.3271
94.41,-0.5790,-4.1771
94.41,-0.5790,-1.7771
94.41,0.4710,-1.6271
94.41,0.6710,-0.5271
94.41,0.4210,-4.0771
94.41,0.5710,-1.0771
94.41,1.4710,0.5729
94.41,0.4710,-3.3771
94.41,1.1210,0.3229
94.41,0.7710,-0.2271
94.41,0.3210,1.0729
94.41,-0.5790,-2.9271
94.41,0.4210,-2.2271
94.41,-0.7290,-1.1271
94.41,-1.1290,0.9729
94.41,-1.4790,-1.1271
94.41,1.4210,0.6729
94.41,-0.9790,1.0229
94.41,0.3210,-2.2271
94.41,1.0210,1.0729
94.41,-0.6290,-3.0771
94.41,-0.6790,-1.9271
94.41,-1.9290,-1.5271
94.41,-0.5790,-1.4271
98.19,0.4210,-2.6771
98.19,-1.8790,-1.6771
98.19,-0.6790,-1.3771
98.19,-1.6290,0.4229
98.19,-0.5790,-2.4271
98.19,-0.4790,-3.3271
98.19,-0.5790,-4.1771
98.19,-0.5790,-1.7771
98.19,0.4710,-1.6271
98.19,0.6710,-0.5271
98.19,0.4210,-4.0771
98.19,0.5710,-1.0771
98.19,1.4710,0.5729
98.19,0.4710,-3.3771
98.19,1.1210,0.3229
98.19,0.7710,-0.2271
98.19,0.3210,1.0729
98.19,-0.5790,-2.9271
98.19,0.4210,-2.2271
98.19,-0.7290,-1.1271
98.19,-1.1290,0.9729
98.19,-1.4790,-1.1271
98.19,1.4210,0.6729
98.19,-0.9790,1.0229
98.19,0.3210,-2.2271
98.19,1.0210,1.0729
98.19,-0.6290,-3.0771
98.19,-0.6790,-1.9271
98.19,-1.9290,-1.5271
98.19,-0.5790,-1.4271
100.70,0.4210,-2.6771
100.70,-1.8790,-1.6771
100.70,-0.6790,-1.3771
100.70,-1.6290,0.4229
100.70,-0.5790,-2.4271
100.70,-0.4790,-3.3271
100.70,-0.5790,-4.1771
100.70,-0.5790,-1.7771
100.70,0.4710,-1.6271
100.70,0.6710,-0.5271
100.70,0.4210,-4.0771
100.70,0.5710,-1.0771
100.70,1.4710,0.5729
100.70,0.4710,-3.3771
100.70,1.1210,0.3229
100.70,0.7710,-0.2271
100.70,0.3210,1.0729
100.70,-0.5790,-2.9271
100.70,0.4210,-2.2271
100.70,-0.7290,-1.1271
100.70,-1.1290,0.9729
100.70,-1.4790,-1.1271
100.70,1.4210,0.6729
100.70,-0.9790,1.0229
100.70,0.3210,-2.2271
100.70,1.0210,1.0729
100.70,-0.6290,-3.0771
100.70,-0.6790,-1.9271
100.70,-1.9290,-1.5271
100.70,-0.5790,-1.4271
102.20,0.4210,-2.6771
102.20,-1.8790,-1.6771
102.20,-0.6790,-1.3771
102.20,-1.6290,0.4229
102.20,-0.5790,-2.4271
102.20,-0.4790,-3.3271
102.20,-0.5790,-4.1771
102.20,-0.5790,-1.7771
102.20,0.4710,-1.6271
102.20,0.6710,-0.5271
102.20,0.4210,-4.0771
102.20,0.5710,-1.0771
102.20,1.4710,0.5729
102.20,0.4710,-3.3771
102.20,1.1210,0.3229
102.20,0.7710,-0.2271
102.20,0.3210,1.0729
102.20,-0.5790,-2.9271
102.20,0.4210,-2.2271
102.20,-0.7290,-1.1271
102.20,-1.1290,0.9729
102.20,-1.4790,-1.1271
102.20,1.4210,0.6729
102.20,-0.9790,1.0229
102.20,0.3210,-2.2271
102.20,1.0210,1.0729
102.20,-0.6290,-3.0771
102.20,-0.6790,-1.9271
102.20,-1.9290,-1.5271
102.20,-0.5790,-1.4271
104.61,0.4210,-2.6771
104.61,-1.8790,-1.6771
104.61,-0.6790,-1.3771
104.61,-1.6290,0.4229
104.61,-0.5790,-2.4271
104.61,-0.4790,-3.3271
104.61,-0.5790,-4.1771
104.61,-0.5790,-1.7771
104.61,0.4710,-1.6271
104.61,0.6710,-0.5271
104.61,0.4210,-4.0771
104.61,0.5710,-1.0771
104.61,1.4710,0.5729
104.61,0.4710,-3.3771
104.61,1.1210,0.3229
104.61,0.7710,-0.2271
104.61,0.3210,1.0729
104.61,-0.5790,-2.9271
104.61,0.4210,-2.2271
104.61,-0.7290,-1.1271
104.61,-1.1290,0.9729
104.61,-1.4790,-1.1271
104.61,1.4210,0.6729
104.61,-0.9790,1.0229
104.61,0.3210,-2.2271
104.61,1.0210,1.0729
104.61,-0.6290,-3.0771
104.61,-0.6790,-1.9271
104.61,-1.9290,-1.5271
104.61,-0.5790,-1.4271
106.76,0.4210,-2.6771
106.76,-1.8790,-1.6771
106.76,-0.6790,-1.3771
106.76,-1.6290,0.4229
106.76,-0.5790,-2.4271
106.76,-0.4790,-3.3271
106.76,-0.5790,-4.1771
106.76,-0.5790,-1.7771
106.76,0.4710,-1.6271
106.76,0.6710,-0.5271
106.76,0.4210,-4.0771
106.76,0.5710,-1.0771
106.76,1.4710,0.5729
106.76,0.4710,-3.3771
106.76,1.1210,0.3229
106.76,0.7710,-0.2271
106.76,0.3210,1.0729
106.76,-0.5790,-2.9271
106.76,0.4210,-2.2271
106.76,-0.7290,-1.1271
106.76,-1.1290,0.9729
106.76,-1.4790,-1.1271
106.76,1.4210,0.6729
106.76,-0.9790,1.0229
106.76,0.3210,-2.2271
106.76,1.0210,1.0729
106.76,-0.6290,-3.0771
106.76,-0.6790,-1.9271
106.76,-1.9290,-1.5271
106.76,-0.5790,-1.4271
108.31,0.4210,-2.6771
108.31,-1.8790,-1.6771
108.31,-0.6790,-1.3771
108.31,-1.6290,0.4229
108.31,-0.5790,-2.4271
108.31,-0.4790,-3.3271
108.31,-0.5790,-4.1771
108.31,-0.5790,-1.7771
108.31,0.4710,-1.6271
108.31,0.6710,-0.5271
108.31,0.4210,-4.0771
108.31,0.5710,-1.0771
108.31,1.4710,0.5729
108.31,0.4710,-3.3771
108.31,1.1210,0.3229
108.31,0.7710,-0.2271
108.31,0.3210,1.0729
108.31,-0.5790,-2.9271
108.31,0.4210,-2.2271
108.31,-0.7290,-1.1271
108.31,-1.1290,0.9729
108.31,-1.4790,-1.1271
108.31,1.4210,0.6729
108.31,-0.9790,1.0229
108.31,0.3210,-2.2271
108.31,1.0210,1.0729
108.31,-0.6290,-3.0771
108.31,-0.6790,-1.9271
108.31,-1.9290,-1.5271
108.31,-0.5790,-1.4271
110.59,0.4210,-2.6771
110.59,-1.8790,-1.6771
110.59,-0.6790,-1.3771
110.59,-1.6290,0.4229
110.59,-0.5790,-2.4271
110.59,-0.4790,-3.3271
110.59,-0.5790,-4.1771
110.59,-0.5790,-1.7771
110.59,0.4710,-1.6271
110.59,0.6710,-0.5271
110.59,0.4210,-4.0771
110.59,0.5710,-1.0771
110.59,1.4710,0.5729
110.59,0.4710,-3.3771
110.59,1.1210,0.3229
110.59,0.7710,-0.2271
110.59,0.3210,1.0729
110.59,-0.5790,-2.9271
110.59,0.4210,-2.2271
110.59,-0.7290,-1.1271
110.59,-1.1290,0.9729
110.59,-1.4790,-1.1271
110.59,1.4210,0.6729
110.59,-0.9790,1.0229
110.59,0.3210,-2.2271
110.59,1.0210,1.0729
110.59,-0.6290,-3.0771
110.59,-0.6790,-1.9271
110.59,-1.9290,-1.5271
110.59,-0.5790,-1.4271
112.19,0.4210,-2.6771
112.19,-1.8790,-1.6771
112.19,-0.6790,-1.3771
112.19,-1.6290,0.4229
112.19,-0.5790,-2.4271
112.19,-0.4790,-3.3271
112.19,-0.5790,-4.1771
112.19,-0.5790,-1.7771
112.19,0.4710,-1.6271
112.19,0.6710,-0.5271
112.19,0.4210,-4.0771
112.19,0.5710,-1.0771
112.19,1.4710,0.5729
112.19,0.4710,-3.3771
112.19,1.1210,0.3229
112.19,0.7710,-0.2271
112.19,0.3210,1.0729
112.19,-0.5790,-2.9271
112.19,0.4210,-2.2271
112.19,-0.7290,-1.1271
112.19,-1.1290,0.9729
112.19,-1.4790,-1.1271
112.19,1.4210,0.6729
112.19,-0.9790,1.0229
112.19,0.3210,-2.2271
112.19,1.0210,1.0729
112.19,-0.6290,-3.0771
112.19,-0.6790,-1.9271
112.19,-1.9290,-1.5271
112.19,-0.5790,-1.4271
114.48,0.4210,-2.6771
114.48,-1.8790,-1.6771
114.48,-0.6790,-1.3771
114.48,-1.6290,0.4229
114.48,-0.5790,-2.4271
114.48,-0.4790,-3.3271
114.48,-0.5790,-4.1771
114.48,-0.5790,-1.7771
114.48,0.4710,-1.6271
114.48,0.6710,-0.5271
114.48,0.4210,-4.0771
114.48,0.5710,-1.0771
114.48,1.4710,0.5729
114.48,0.4710,-3.3771
114.48,1.1210,0.3229
114.48,0.7710,-0.2271
114.48,0.3210,1.0729
114.48,-0.5790,-2.9271
114.48,0.4210,-2.2271
114.48,-0.7290,-1.1271
114.48,-1.1290,0.9729
114.48,-1.4790,-1.1271
114.48,1.4210,0.6729
114.48,-0.9790,1.0229
114.48,0.3210,-2.2271
114.48,1.0210,1.0729
114.48,-0.6290,-3.0771
114.48,-0.6790,-1.9271
114.48,-1.9290,-1.5271
114.48,-0.5790,-1.4271
116.44,0.4210,-2.6771
116.44,-1.8790,-1.6771
116.44,-0.6790,-1.3771
116.44,-1.6290,0.4229
116.44,-0.5790,-2.4271
116.44,-0.4790,-3.3271
116.44,-0.5790,-4.1771
116.44,-0.5790,-1.7771
116.44,0.4710,-1.6271
116.44,0.6710,-0.5271
116.44,0.4210,-4.0771
116.44,0.5710,-1.0771
116.44,1.4710,0.5729
116.44,0.4710,-3.3771
116.44,1.1210,0.3229
116.44,0.7710,-0.2271
116.44,0.3210,1.0729
116.44,-0.5790,-2.9271
116.44,0.4210,-2.2271
116.44,-0.7290,-1.1271
116.44,-1.1290,0.9729
116.44,-1.4790,-1.1271
116.44,1.4210,0.6729
116.44,-0.9790,1.0229
116.44,0.3210,-2.2271
116.44,1.0210,1.0729
116.44,-0.6290,-3.0771
116.44,-0.6790,-1.9271
116.44,-1.9290,-1.5271
116.44,-0.5790,-1.4271
118.37,0.4210,-2.6771
118.37,-1.8790,-1.6771
118.37,-0.6790,-1.3771
118.37,-1.6290,0.4229
118.37,-0.5790,-2.4271
118.37,-0.4790,-3.3271
118.37,-0.5790,-4.1771
118.37,-0.5790,-1.7771
118.37,0.4710,-1.6271
118.37,0.6710,-0.5271
118.37,0.4210,-4.0771
118.37,0.5710,-1.0771
118.37,1.4710,0.5729
118.37,0.4710,-3.3771
118.37,1.1210,0.3229
118.37,0.7710,-0.2271
118.37,0.3210,1.0729
118.37,-0.5790,-2.9271
118.37,0.4210,-2.2271
118.37,-0.7290,-1.1271
118.37,-1.1290,0.9729
118.37,-1.4790,-1.1271
118.37,1.4210,0.6729
118.37,-0.9790,1.0229
118.37,0.3210,-2.2271
118.37,1.0210,1.0729
118.37,-0.6290,-3.0771
118.37,-0.6790,-1.9271
118.37,-1.9290,-1.5271
118.37,-0.5790,-1.4271
120.52,0.4210,-2.6771
120.52,-1.8790,-1.6771
120.52,-0.6790,-1.3771
120.52,-1.6290,0.4229
120.52,-0.5790,-2.4271
120.52,-0.4790,-3.3271
120.52,-0.5790,-4.1771
120.52,-0.5790,-1.7771
120.52,0.4710,-1.6271
120.52,0.6710,-0.5271
120.52,0.4210,-4.0771
120.52,0.5710,-1.0771
120.52,1.4710,0.5729
120.52,0.4710,-3.3771
120.52,1.1210,0.3229
120.52,0.7710,-0.2271
120.52,0.3210,1.0729
120.52,-0.5790,-2.9271
120.52,0.4210,-2.2271
120.52,-0.7290,-1.1271
120.52,-1.1290,0.9729
120.52,-1.4790,-1.1271
120.52,1.4210,0.6729
120.52,-0.9790,1.0229
120.52,0.3210,-2.2271
120.52,1.0210,1.0729
120.52,-0.6290,-3.0771
120.52,-0.6790,-1.9271
120.52,-1.9290,-1.5271
120.52,-0.5790,-1.4271
122.11,0.4210,-2.6771
122.11,-1.8790,-1.6771
122.11,-0.6790,-1.3771
122.11,-1.6290,0.4229
122.11,-0.5790,-2.4271
122.11,-0.4790,-3.3271
122.11,-0.5790,-4.1771
122.11,-0.5790,-1.7771
122.11,0.4710,-1.6271
122.11,0.6710,-0.5271
122.11,0.4210,-4.0771
122.11,0.5710,-1.0771
122.11,1.4710,0.5729
122.11,0.4710,-3.3771
122.11,1.1210,0.3229
122.11,0.7710,-0.2271
122.11,0.3210,1.0729
122.11,-0.5790,-2.9271
122.11,0.4210,-2.2271
122.11,-0.7290,-1.1271
122.11,-1.1290,0.9729
122.11,-1.4790,-1.1271
122.11,1.4210,0.6729
122.11,-0.9790,1.0229
122.11,0.3210,-2.2271
122.11,1.0210,1.0729
122.11,-0.6290,-3.0771
122.11,-0.6790,-1.9271
122.11,-1.9290,-1.5271
122.11,-0.5790,-1.4271
124.45,0.4210,-2.6771
124.45,-1.8790,-1.6771
124.45,-0.6790,-1.3771
124.45,-1.6290,0.4229
124.45,-0.5790,-2.4271
124.45,-0.4790,-3.3271
124.45,-0.5790,-4.1771
124.45,-0.5790,-1.7771
124.45,0.4710,-1.6271
124.45,0.6710,-0.5271
124.45,0.4210,-4.0771
124.45,0.5710,-1.0771
124.45,1.4710,0.5729
124.45,0.4710,-3.3771
124.45,1.1210,0.3229
124.45,0.7710,-0.2271
124.45,0.3210,1.0729
124.45,-0.5790,-2.9271
124.45,0.4210,-2.2271
124.45,-0.7290,-1.1271
124.45,-1.1290,0.9729
124.45,-1.4790,-1.1271
124.45,1.4210,0.6729
124.45,-0.9790,1.0229
124.45,0.3210,-2.2271
124.45,1.0210,1.0729
124.45,-0.6290,-3.0771
124.45,-0.6790,-1.9271
124.45,-1.9290,-1.5271
124.45,-0.5790,-1.4271
126.62,0.4210,-2.6771
126.62,-1.8790,-1.6771
126.62,-0.6790,-1.3771
126.62,-1.6290,0.4229
126.62,-0.5790,-2.4271
126.62,-0.4790,-3.3271
126.62,-0.5790,-4.1771
126.62,-0.5790,-1.7771
126.62,0.4710,-1.6271
126.62,0.6710,-0.5271
126.62,0.4210,-4.0771
126.62,0.5710,-1.0771
126.62,1.4710,0.5729
126.62,0.4710,-3.3771
126.62,1.1210,0.3229
126.62,0.7710,-0.2271
126.62,0.3210,1.0729
126.62,-0.5790,-2.9271
126.62,0.4210,-2.2271
126.62,-0.7290,-1.1271
126.62,-1.1290,0.9729
126.62,-1.4790,-1.1271
126.62,1.4210,0.6729
126.62,-0.9790,1.0229
126.62,0.3210,-2.2271
126.62,1.0210,1.0729
126.62,-0.6290,-3.0771
126.62,-0.6790,-1.9271
126.62,-1.9290,-1.5271
126.62,-0.5790,-1.4271
128.87,0.4210,-2.6771
128.87,-1.8790,-1.6771
128.87,-0.6790,-1.3771
128.87,-1.6290,0.4229
128.87,-0.5790,-2.4271
128.87,-0.4790,-3.3271
128.87,-0.5790,-4.1771
128.87,-0.5790,-1.7771
128.87,0.4710,-1.6271
128.87,0.6710,-0.5271
128.87,0.4210,-4.0771
128.87,0.5710,-1.0771
128.87,1.4710,0.5729
128.87,0.4710,-3.3771
128.87,1.1210,0.3229
128.87,0.7710,-0.2271
128.87,0.3210,1.0729
128.87,-0.5790,-2.9271
128.87,0.4210,-2.2271
128.87,-0.7290,-1.1271
128.87,-1.1290,0.9729
128.87,-1.4790,-1.1271
128.87,1.4210,0.6729
128.87,-0.9790,1.0229
128.87,0.3210,-2.2271
128.87,1.0210,1.0729
128.87,-0.6290,-3.0771
128.87,-0.6790,-1.9271
128.87,-1.9290,-1.5271
128.87,-0.5790,-1.4271
130.33,0.4210,-2.6771
130.33,-1.8790,-1.6771
130.33,-0.6790,-1.3771
130.33,-1.6290,0.4229
130.33,-0.5790,-2.4271
130.33,-0.4790,-3.3271
130.33,-0.5790,-4.1771
130.33,-0.5790,-1.7771
130.33,0.4710,-1.6271
130.33,0.6710,-0.5271
130.33,0.4210,-4.0771
130.33,0.5710,-1.0771
130.33,1.4710,0.5729
130.33,0.4710,-3.3771
130.33,1.1210,0.3229
130.33,0.7710,-0.2271
130.33,0.3210,1.0729
130.33,-0.5790,-2.9271
130.33,0.4210,-2.2271
130.33,-0.7290,-1.1271
130.33,-1.1290,0.9729
130.33,-1.4790,-1.1271
130.33,1.4210,0.6729
130.33,-0.9790,1.0229
130.33,0.3210,-2.2271
130.33,1.0210,1.0729
130.33,-0.6290,-3.0771
130.33,-0.6790,-1.9271
130.33,-1.9290,-1.5271
130.33,-0.5790,-1.4271
132.16,0.4210,-2.6771
132.16,-1.8790,-1.6771
132.16,-0.6790,-1.3771
132.16,-1.6290,0.4229
132.16,-0.5790,-2.4271
132.16,-0.4790,-3.3271
132.16,-0.5790,-4.1771
132.16,-0.5790,-1.7771
132.16,0.4710,-1.6271
132.16,0.6710,-0.5271
132.16,0.4210,-4.0771
132.16,0.5710,-1.0771
132.16,1.4710,0.5729
132.16,0.4710,-3.3771
132.16,1.1210,0.3229
132.16,0.7710,-0.2271
132.16,0.3210,1.0729
132.16,-0.5790,-2.9271
132.16,0.4210,-2.2271
132.16,-0.7290,-1.1271
132.16,-1.1290,0.9729
132.16,-1.4790,-1.1271
132.16,1.4210,0.6729
132.16,-0.9790,1.0229
132.16,0.3210,-2.2271
132.16,1.0210,1.0729
132.16,-0.6290,-3.0771
132.16,-0.6790,-1.9271
132.16,-1.9290,-1.5271
132.16,-0.5790,-1.4271
134.20,0.4210,-2.6771
134.20,-1.8790,-1.6771
134.20,-0.6790,-1.3771
134.20,-1.6290,0.4229
134.20,-0.5790,-2.4271
134.20,-0.4790,-3.3271
134.20,-0.5790,-4.1771
134.20,-0.5790,-1.7771
134.20,0.4710,-1.6271
134.20,0.6710,-0.5271
134.20,0.4210,-4.0771
134.20,0.5710,-1.0771
134.20,1.4710,0.5729
134.20,0.4710,-3.3771
134.20,1.1210,0.3229
134.20,0.7710,-0.2271
134.20,0.3210,1.0729
134.20,-0.5790,-2.9271
134.20,0.4210,-2.2271
134.20,-0.7290,-1.1271
134.20,-1.1290,0.9729
134.20,-1.4790,-1.1271
134.20,1.4210,0.6729
134.20,-0.9790,1.0229
134.20,0.3210,-2.2271
134.20,1.0210,1.0729
134.20,-0.6290,-3.0771
134.20,-0.6790,-1.9271
134.20,-1.9290,-1.5271
134.20,-0.5790,-1.4271
136.27,0.4210,-2.6771
136.27,-1.8790,-1.6771
136.27,-0.6790,-1.3771
136.27,-1.6290,0.4229
136.27,-0.5790,-2.4271
136.27,-0.4790,-3.3271
136.27,-0.5790,-4.1771
136.27,-0.5790,-1.7771
136.27,0.4710,-1.6271
136.27,0.6710,-0.5271
136.27,0.4210,-4.0771
136.27,0.5710,-1.0771
136.27,1.4710,0.5729
136.27,0.4710,-3.3771
136.27,1.1210,0.3229
136.27,0.7710,-0.2271
136.27,0.3210,1.0729
136.27,-0.5790,-2.9271
136.27,0.4210,-2.2271
136.27,-0.7290,-1.1271
136.27,-1.1290,0.9729
136.27,-1.4790,-1.1271
136.27,1.4210,0.6729
136.27,-0.9790,1.0229
136.27,0.3210,-2.2271
136.27,1.0210,1.0729
136.27,-0.6290,-3.0771
136.27,-0.6790,-1.9271
136.27,-1.9290,-1.5271
136.27,-0.5790,-1.4271
138.22,0.4210,-2.6771
138.22,-1.8790,-1.6771
138.22,-0.6790,-1.3771
138.22,-1.6290,0.4229
138.22,-0.5790,-2.4271
138.22,-0.4790,-3.3271
138.22,-0.5790,-4.1771
138.22,-0.5790,-1.7771
138.22,0.4710,-1.6271
138.22,0.6710,-0.5271
138.22,0.4210,-4.0771
138.22,0.5710,-1.0771
138.22,1.4710,0.5729
138.22,0.4710,-3.3771
138.22,1.1210,0.3229
138.22,0.7710,-0.2271
138.22,0.3210,1.0729
138.22,-0.5790,-2.9271
138.22,0.4210,-2.2271
138.22,-0.7290,-1.1271
138.22,-1.1290,0.9729
138.22,-1.4790,-1.1271
138.22,1.4210,0.6729
138.22,-0.9790,1.0229
138.22,0.3210,-2.2271
138.22,1.0210,1.0729
138.22,-0.6290,-3.0771
138.22,-0.6790,-1.9271
138.22,-1.9290,-1.5271
138.22,-0.5790,-1.4271
140.14,0.4210,-2.6771
140.14,-1.8790,-1.6771
140.14,-0.6790,-1.3771
140.14,-1.6290,0.4229
140.14,-0.5790,-2.4271
140.14,-0.4790,-3.3271
140.14,-0.5790,-4.1771
140.14,-0.5790,-1.7771
140.14,0.4710,-1.6271
140.14,0.6710,-0.5271
140.14,0.4210,-4.0771
140.14,0.5710,-1.0771
140.14,1.4710,0.5729
140.14,0.4710,-3.3771
140.14,1.1210,0.3229
140.14,0.7710,-0.2271
140.14,0.3210,1.0729
140.14,-0.5790,-2.9271
140.14,0.4210,-2.2271
140.14,-0.7290,-1.1271
140.14,-1.1290,0.9729
140.14,-1.4790,-1.1271
140.14,1.4210,0.6729
140.14,-0.9790,1.0229
140.14,0.3210,-2.2271
140.14,1.0210,1.0729
140.14,-0.6290,-3.0771
140.14,-0.6790,-1.9271
140.14,-1.9290,-1.5271
140.14,-0.5790,-1.4271
142.36,0.4210,-2.6771
142.36,-1.8790,-1.6771
142.36,-0.6790,-1.3771
142.36,-1.6290,0.4229
142.36,-0.5790,-2.4271
142.36,-0.4790,-3.3271
142.36,-0.5790,-4.1771
142.36,-0.5790,-1.7771
142.36,0.4710,-1.6271
142.36,0.6710,-0.5271
142.36,0.4210,-4.0771
142.36,0.5710,-1.0771
142.36,1.4710,0.5729
142.36,0.4710,-3.3771
142.36,1.1210,0.3229
142.36,0.7710,-0.2271
142.36,0.3210,1.0729
142.36,-0.5790,-2.9271
142.36,0.4210,-2.2271
142.36,-0.7290,-1.1271
142.36,-1.1290,0.9729
142.36,-1.4790,-1.1271
142.36,1.4210,0.6729
142.36,-0.9790,1.0229
142.36,0.3210,-2.2271
142.36,1.0210,1.0729
142.36,-0.6290,-3.0771
142.36,-0.6790,-1.9271
142.36,-1.9290,-1.5271
142.36,-0.5790,-1.4271
144.50,0.4210,-2.6771
144.50,-1.8790,-1.6771
144.50,-0.6790,-1.3771
144.50,-1.6290,0.4229
144.50,-0.5790,-2.4271
144.50,-0.4790,-3.3271
144.50,-0.5790,-4.1771
144.50,-0.5790,-1.7771
144.50,0.4710,-1.6271
144.50,0.6710,-0.5271
144.50,0.4210,-4.0771
144.50,0.5710,-1.0771
144.50,1.4710,0.5729
144.50,0.4710,-3.3771
144.50,1.1210,0.3229
144.50,0.7710,-0.2271
144.50,0.3210,1.0729
144.50,-0.5790,-2.9271
144.50,0.4210,-2.2271
144.50,-0.7290,-1.1271
144.50,-1.1290,0.9729
144.50,-1.4790,-1.1271
144.50,1.4210,0.6729
144.50,-0.9790,1.0229
144.50,0.3210,-2.2271
144.50,1.0210,1.0729
144.50,-0.6290,-3.0771
144.50,-0.6790,-1.9271
144.50,-1.9290,-1.5271
144.50,-0.5790,-1.4271
146.45,0.4210,-2.6771
146.45,-1.8790,-1.6771
146.45,-0.6790,-1.3771
146.45,-1.6290,0.4229
146.45,-0.5790,-2.4271
146.45,-0.4790,-3.3271
146.45,-0.5790,-4.1771
146.45,-0.5790,-1.7771
146.45,0.4710,-1.6271
146.45,0.6710,-0.5271
146.45,0.4210,-4.0771
146.45,0.5710,-1.0771
146.45,1.4710,0.5729
146.45,0.4710,-3.3771
146.45,1.1210,0.3229
146.45,0.7710,-0.2271
146.45,0.3210,1.0729
146.45,-0.5790,-2.9271
146.45,0.4210,-2.2271
146.45,-0.7290,-1.1271
146.45,-1.1290,0.9729
146.45,-1.4790,-1.1271
146.45,1.4210,0.6729
146.45,-0.9790,1.0229
146.45,0.3210,-2.2271
146.45,1.0210,1.0729
146.45,-0.6290,-3.0771
146.45,-0.6790,-1.9271
146.45,-1.9290,-1.5271
146.45,-0.5790,-1.4271
148.46,0.4210,-2.6771
148.46,-1.8790,-1.6771
148.46,-0.6790,-1.3771
148.46,-1.6290,0.4229
148.46,-0.5790,-2.4271
148.46,-0.4790,-3.3271
148.46,-0.5790,-4.1771
148.46,-0.5790,-1.7771
148.46,0.4710,-1.6271
148.46,0.6710,-0.5271
148.46,0.4210,-4.0771
148.46,0.5710,-1.0771
148.46,1.4710,0.5729
148.46,0.4710,-3.3771
148.46,1.1210,0.3229
148.46,0.7710,-0.2271
148.46,0.3210,1.0729
148.46,-0.5790,-2.9271
148.46,0.4210,-2.2271
148.46,-0.7290,-1.1271
148.46,-1.1290,0.9729
148.46,-1.4790,-1.1271
148.46,1.4210,0.6729
148.46,-0.9790,1.0229
148.46,0.3210,-2.2271
148.46,1.0210,1.0729
148.46,-0.6290,-3.0771
148.46,-0.6790,-1.9271
148.46,-1.9290,-1.5271
148.46,-0.5790,-1.4271
150.15,0.4210,-2.6771
150.15,-1.8790,-1.6771
150.15,-0.6790,-1.3771
150.15,-1.6290,0.4229
150.15,-0.5790,-2.4271
150.15,-0.4790,-3.3271
150.15,-0.5790,-4.1771
150.15,-0.5790,-1.7771
150.15,0.4710,-1.6271
150.15,0.6710,-0.5271
150.15,0.4210,-4.0771
150.15,0.5710,-1.0771
150.15,1.4710,0.5729
150.15,0.4710,-3.3771
150.15,1.1210,0.3229
150.15,0.7710,-0.2271
150.15,0.3210,1.0729
150.15,-0.5790,-2.9271
150.15,0.4210,-2.2271
150.15,-0.7290,-1.1271
150.15,-1.1290,0.9729
150.15,-1.4790,-1.1271
150.15,1.4210,0.6729
150.15,-0.9790,1.0229
150.15,0.3210,-2.2271
150.15,1.0210,1.0729
150.15,-0.6290,-3.0771
150.15,-0.6790,-1.9271
150.15,-1.9290,-1.5271
150.15,-0.5790,-1.4271
152.52,0.4210,-2.6771
152.52,-1.8790,-1.6771
152.52,-0.6790,-1.3771
152.52,-1.6290,0.4229
152.52,-0.5790,-2.4271
152.52,-0.4790,-3.3271
152.52,-0.5790,-4.1771
152.52,-0.5790,-1.7771
152.52,0.4710,-1.6271
152.52,0.6710,-0.5271
152.52,0.4210,-4.0771
152.52,0.5710,-1.0771
152.52,1.4710,0.5729
152.52,0.4710,-3.3771
152.52,1.1210,0.3229
152.52,0.7710,-0.2271
152.52,0.3210,1.0729
152.52,-0.5790,-2.9271
152.52,0.4210,-2.2271
152.52,-0.7290,-1.1271
152.52,-1.1290,0.9729
152.52,-1.4790,-1.1271
152.52,1.4210,0.6729
152.52,-0.9790,1.0229
152.52,0.3210,-2.2271
152.52,1.0210,1.0729
152.52,-0.6290,-3.0771
152.52,-0.6790,-1.9271
152.52,-1.9290,-1.5271
152.52,-0.5790,-1.4271
154.33,0.4210,-2.6771
154.33,-1.8790,-1.6771
154.33,-0.6790,-1.3771
154.33,-1.6290,0.4229
154.33,-0.5790,-2.4271
154.33,-0.4790,-3.3271
154.33,-0.5790,-4.1771
154.33,-0.5790,-1.7771
154.33,0.4710,-1.6271
154.33,0.6710,-0.5271
154.33,0.4210,-4.0771
154.33,0.5710,-1.0771
154.33,1.4710,0.5729
154.33,0.4710,-3.3771
154.33,1.1210,0.3229
154.33,0.7710,-0.2271
154.33,0.3210,1.0729
154.33,-0.5790,-2.9271
154.33,0.4210,-2.2271
154.33,-0.7290,-1.1271
154.33,-1.1290,0.9729
154.33,-1.4790,-1.1271
154.33,1.4210,0.6729
154.33,-0.9790,1.0229
154.33,0.3210,-2.2271
154.33,1.0210,1.0729
154.33,-0.6290,-3.0771
154.33,-0.6790,-1.9271
154.33,-1.9290,-1.5271
154.33,-0.5790,-1.4271
156.54,0.4210,-2.6771
156.54,-1.8790,-1.6771
156.54,-0.6790,-1.3771
156.54,-1.6290,0.4229
156.54,-0.5790,-2.4271
156.54,-0.4790,-3.3271
156.54,-0.5790,-4.1771
156.54,-0.5790,-1.7771
156.54,0.4710,-1.6271
156.54,0.6710,-0.5271
156.54,0.4210,-4.0771
156.54,0.5710,-1.0771
156.54,1.4710,0.5729
156.54,0.4710,-3.3771
156.54,1.1210,0.3229
156.54,0.7710,-0.2271
156.54,0.3210,1.0729
156.54,-0.5790,-2.9271
156.54,0.4210,-2.2271
156.54,-0.7290,-1.1271
156.54,-1.1290,0.9729
156.54,-1.4790,-1.1271
156.54,1.4210,0.6729
156.54,-0.9790,1.0229
156.54,0.3210,-2.2271
156.54,1.0210,1.0729
156.54,-0.6290,-3.0771
156.54,-0.6790,-1.9271
156.54,-1.9290,-1.5271
156.54,-0.5790,-1.4271
158.29,0.4210,-2.6771
158.29,-1.8790,-1.6771
158.29,-0.6790,-1.3771
158.29,-1.6290,0.4229
158.29,-0.5790,-2.4271
158.29,-0.4790,-3.3271
158.29,-0.5790,-4.1771
158.29,-0.5790,-1.7771
158.29,0.4710,-1.6271
158.29,0.6710,-0.5271
158.29,0.4210,-4.0771
158.29,0.5710,-1.0771
158.29,1.4710,0.5729
158.29,0.4710,-3.3771
158.29,1.1210,0.3229
158.29,0.7710,-0.2271
158.29,0.3210,1.0729
158.29,-0.5790,-2.9271
158.29,0.4210,-2.2271
158.29,-0.7290,-1.1271
158.29,-1.1290,0.9729
158.29,-1.4790,-1.1271
158.29,1.4210,0.6729
158.29,-0.9790,1.0229
158.29,0.3210,-2.2271
158.29,1.0210,1.0729
158.29,-0.6290,-3.0771
158.29,-0.6790,-1.9271
158.29,-1.9290,-1.5271
158.29,-0.5790,-1.4271
160.15,0.4210,-2.6771
160.15,-1.8790,-1.6771
160.15,-0.6790,-1.3771
160.15,-1.6290,0.4229
160.15,-0.5790,-2.4271
160.15,-0.4790,-3.3271
160.15,-0.5790,-4.1771
160.15,-0.5790,-1.7771
160.15,0.4710,-1.6271
160.15,0.6710,-0.5271
160.15,0.4210,-4.0771
160.15,0.5710,-1.0771
160.15,1.4710,0.5729
160.15,0.4710,-3.3771
160.15,1.1210,0.3229
160.15,0.7710,-0.2271
160.15,0.3210,1.0729
160.15,-0.5790,-2.9271
160.15,0.4210,-2.2271
160.15,-0.7290,-1.1271
160.15,-1.1290,0.9729
160.15,-1.4790,-1.1271
160.15,1.4210,0.6729
160.15,-0.9790,1.0229
160.15,0.3210,-2.2271
160.15,1.0210,1.0729
160.15,-0.6290,-3.0771
160.15,-0.6790,-1.9271
160.15,-1.9290,-1.5271
160.15,-0.5790,-1.4271
162.84,0.4210,-2.6771
162.84,-1.8790,-1.6771
162.84,-0.6790,-1.3771
162.84,-1.6290,0.4229
162.84,-0.5790,-2.4271
162.84,-0.4790,-3.3271
162.84,-0.5790,-4.1771
162.84,-0.5790,-1.7771
162.84,0.4710,-1.6271
162.84,0.6710,-0.5271
162.84,0.4210,-4.0771
162.84,0.5710,-1.0771
162.84,1.4710,0.5729
162.84,0.4710,-3.3771
162.84,1.1210,0.3229
162.84,0.7710,-0.2271
162.84,0.3210,1.0729
162.84,-0.5790,-2.9271
162.84,0.4210,-2.2271
162.84,-0.7290,-1.1271
162.84,-1.1290,0.9729
162.84,-1.4790,-1.1271
162.84,1.4210,0.6729
162.84,-0.9790,1.0229
162.84,0.3210,-2.2271
162.84,1.0210,1.0729
162.84,-0.6290,-3.0771
162.84,-0.6790,-1.9271
162.84,-1.9290,-1.5271
162.84,-0.5790,-1.4271
164.50,-0.5790,-3.4271
164.50,0.4210,-2.6771
164.50,-1.8790,-1.6771
164.50,-0.6790,-1.3771
164.50,-1.6290,0.4229
164.50,-0.5790,-2.4271
164.50,-0.5790,-4.1771
164.50,0.4710,-1.6271
164.50,0.6710,-0.5271
164.50,0.4210,-4.0771
164.50,1.4710,0.5729
164.50,0.4710,-3.3771
164.50,-0.5790,-1.8771
164.50,0.6210,-1.1271
164.50,0.7710,-0.2271
164.50,1.1210,0.3229
164.50,0.3210,1.0729
164.50,0.4210,-2.2271
164.50,-1.3290,1.0729
164.50,-0.7290,-1.1271
164.50,-0.6290,-2.8771
164.50,-1.4790,-1.1271
164.50,1.4210,0.6729
164.50,0.3210,-2.2271
164.50,-0.6290,-1.6271
164.50,-1.0290,0.9229
164.50,1.0210,1.0729
164.50,-0.6790,-1.9271
164.50,-1.9290,-1.5271
164.50,0.3710,-1.2271
166.90,-0.5790,-3.4771
166.90,0.4210,-2.6771
166.90,-1.8790,-1.6771
166.90,-0.7290,-1.4271
166.90,-1.6290,0.4229
166.90,-0.5790,-2.4271
166.90,0.4710,-1.6271
166.90,-0.5790,-4.0771
166.90,0.6710,-0.5271
166.90,1.4710,0.5729
166.90,0.4210,-4.0771
166.90,0.4710,-3.3771
166.90,-0.5790,-1.8771
166.90,0.6210,-1.1271
166.90,0.7710,-0.2271
166.90,1.1210,0.3229
166.90,0.3210,1.0729
166.90,0.4210,-2.2271
166.90,-1.3290,1.0729
166.90,-0.6290,-2.8771
166.90,-0.7290,-1.1771
166.90,-1.4790,-1.1271
166.90,1.4210,0.6729
166.90,0.3210,-2.2271
166.90,-0.6290,-1.6271
166.90,-0.5290,-1.2771
166.90,-1.0290,0.9229
166.90,1.0210,1.0729
166.90,-0.5790,-4.4771
166.90,0.4710,-4.4771
168.20,-0.5790,-3.4771
168.20,0.4210,-2.6771
168.20,-1.8790,-1.6771
168.20,-0.7290,-1.4271
168.20,-1.6290,0.4229
168.20,-0.5790,-2.4271
168.20,0.4710,-1.6271
168.20,-0.5790,-4.0771
168.20,0.6710,-0.5271
168.20,1.4710,0.5729
168.20,0.4210,-4.0771
168.20,0.4710,-3.3771
168.20,-0.5790,-1.8771
168.20,0.7710,-0.2271
168.20,1.1210,0.3229
168.20,0.4210,-2.2271
168.20,0.3210,1.0729
168.20,-1.3290,1.0729
168.20,-1.1290,0.7729
168.20,-0.6290,-2.8771
168.20,-0.7290,-1.1771
168.20,-1.4790,-1.1271
168.20,0.5710,-1.0271
168.20,0.3210,-2.2271
168.20,-0.6290,-1.6271
168.20,-0.5290,-1.2771
168.20,0.6710,-1.2271
168.20,1.4710,0.6729
168.20,-1.2790,0.9229
168.20,-1.0290,0.9229
170.28,-0.5790,-3.4771
170.28,0.4210,-2.6771
170.28,-1.8790,-1.6771
170.28,-0.7290,-1.4271
170.28,-1.6290,0.4229
170.28,-0.5790,-2.4271
170.28,0.4710,-1.6271
170.28,-0.5790,-4.0771
170.28,0.6710,-0.5271
170.28,1.4710,0.5729
170.28,0.4210,-4.0771
170.28,0.4710,-3.3771
170.28,-0.5790,-1.8771
170.28,0.7710,-0.2271
170.28,1.1210,0.3229
170.28,0.4210,-2.2271
170.28,0.3210,1.0729
170.28,-1.3290,1.0729
170.28,-1.1290,0.7729
170.28,-0.6290,-2.8771
170.28,-0.7290,-1.1771
170.28,-1.4790,-1.1271
170.28,0.5710,-1.0271
170.28,0.3210,-2.2271
170.28,-0.6290,-1.6271
170.28,-0.5290,-1.2771
170.28,0.6710,-1.2271
170.28,1.4710,0.6729
170.28,-1.2790,0.9229
170.28,-1.0290,0.9229
172.59,-0.5790,-3.4771
172.59,0.4210,-2.6771
172.59,-1.8790,-1.6771
172.59,-0.7290,-1.4271
172.59,-1.6290,0.4229
172.59,-0.5790,-2.4271
172.59,0.4710,-1.6271
172.59,-0.5790,-4.0771
172.59,0.6710,-0.5271
172.59,1.4710,0.5729
172.59,0.4210,-4.0771
172.59,0.4710,-3.3771
172.59,-0.5790,-1.8771
172.59,0.7710,-0.2271
172.59,1.1210,0.3229
172.59,0.4210,-2.2271
172.59,0.3210,1.0729
172.59,-1.3290,1.0729
172.59,-1.1290,0.7729
172.59,-0.6290,-2.8771
172.59,-0.7290,-1.1771
172.59,-1.4790,-1.1271
172.59,0.5710,-1.0271
172.59,0.3210,-2.2271
172.59,-0.6290,-1.6271
172.59,-0.5290,-1.2771
172.59,0.6710,-1.2271
172.59,1.4710,0.6729
172.59,-1.2790,0.9229
172.59,-1.0290,0.9229
174.39,-0.5790,-3.4771
174.39,0.4210,-2.6771
174.39,-1.8790,-1.6771
174.39,-0.7290,-1.4271
174.39,-1.6290,0.4229
174.39,-0.5790,-2.4271
174.39,0.4710,-1.6271
174.39,-0.5790,-4.0771
174.39,0.6710,-0.5271
174.39,1.4710,0.5729
174.39,0.4210,-4.0771
174.39,0.4710,-3.3771
174.39,-0.5790,-1.8771
174.39,0.7710,-0.2271
174.39,1.1210,0.3229
174.39,0.4210,-2.2271
174.39,0.3210,1.0729
174.39,-1.3290,1.0729
174.39,-1.1290,0.7729
174.39,-0.6290,-2.8771
174.39,-0.7290,-1.1771
174.39,-1.4790,-1.1271
174.39,0.5710,-1.0271
174.39,0.3210,-2.2271
174.39,-0.6290,-1.6271
174.39,-0.5290,-1.2771
174.39,0.6710,-1.2271
174.39,1.4710,0.6729
174.39,-1.2790,0.9229
174.39,-1.0290,0.9229
176.26,-0.5790,-3.4771
176.26,0.4210,-2.6771
176.26,-1.8790,-1.6771
176.26,-0.7290,-1.4271
176.26,-1.6290,0.4229
176.26,-0.5790,-2.4271
176.26,0.4710,-1.6271
176.26,-0.5790,-4.0771
176.26,0.6710,-0.5271
176.26,1.4710,0.5729
176.26,0.4210,-4.0771
176.26,0.4710,-3.3771
176.26,-0.5790,-1.8771
176.26,0.7710,-0.2271
176.26,1.1210,0.3229
176.26,0.4210,-2.2271
176.26,0.3210,1.0729
176.26,-1.3290,1.0729
176.26,-1.1290,0.7729
176.26,-0.6290,-2.8771
176.26,-0.7290,-1.1771
176.26,-1.4790,-1.1271
176.26,0.5710,-1.0271
176.26,0.3210,-2.2271
176.26,-0.6290,-1.6271
176.26,-0.5290,-1.2771
176.26,0.6710,-1.2271
176.26,1.4710,0.6729
176.26,-1.2790,0.9229
176.26,-1.0290,0.9229
178.13,-0.5790,-3.4771
178.13,0.4210,-2.6771
178.13,-1.8790,-1.6771
178.13,-0.7290,-1.4271
178.13,-1.6290,0.4229
178.13,-0.5790,-2.4271
178.13,0.4710,-1.6271
178.13,-0.5790,-4.0771
178.13,0.6710,-0.5271
178.13,1.4710,0.5729
178.13,0.4210,-4.0771
178.13,0.4710,-3.3771
178.13,-0.5790,-1.8771
178.13,0.7710,-0.2271
178.13,1.1210,0.3229
178.13,0.4210,-2.2271
178.13,0.3210,1.0729
178.13,-1.3290,1.0729
178.13,-1.1290,0.7729
178.13,-0.6290,-2.8771
178.13,-0.7290,-1.1771
178.13,-1.4790,-1.1271
178.13,0.5710,-1.0271
178.13,0.3210,-2.2271
178.13,-0.6290,-1.6271
178.13,-0.5290,-1.2771
178.13,0.6710,-1.2271
178.13,1.4710,0.6729
178.13,-1.2790,0.9229
178.13,-1.0290,0.9229
180.57,-0.5790,-3.4771
180.57,-1.9790,-1.6771
180.57,-1.6290,0.4229
180.57,0.4210,-2.6771
180.57,-0.5790,-2.4271
180.57,0.4710,-1.6271
180.57,-0.8290,-1.6271
180.57,-0.5790,-4.0771
180.57,-0.6290,-1.2771
180.57,0.6710,-0.5271
180.57,1.4710,0.5729
180.57,0.4210,-4.0771
180.57,0.4710,-3.3771
180.57,-0.5790,-1.8771
180.57,0.7710,-0.2271
180.57,1.1210,0.3229
180.57,0.3210,1.0729
180.57,-1.3290,1.0729
180.57,-1.2290,0.9229
180.57,-0.6290,-2.8771
180.57,-0.7290,-1.1771
180.57,-1.4790,-1.1271
180.57,-1.2790,0.7729
180.57,0.4710,-2.2271
180.57,-0.6290,-1.6271
180.57,-0.5290,-1.2771
180.57,0.5710,-1.0271
180.57,-1.0290,0.9229
180.57,1.0210,1.0729
180.57,-0.5790,-4.4771
183.19,-0.5790,-3.4771
183.19,0.5710,-1.8771
183.19,-1.6290,0.4229
183.19,-0.5790,-2.4271
183.19,0.4210,-2.7271
183.19,-1.9290,-1.8271
183.19,-1.9790,-1.5771
183.19,-0.6790,-1.2271
183.19,-0.8290,-1.6271
183.19,-0.5790,-4.0771
183.19,0.6710,-0.5271
183.19,1.4710,0.5729
183.19,-1.4790,-1.1771
183.19,0.4710,-4.0771
183.19,0.4710,-3.3771
183.19,-0.5790,-1.8771
183.19,0.7710,-0.2271
183.19,1.1210,0.3229
183.19,0.3210,1.0729
183.19,-1.3290,1.0729
183.19,-1.2290,0.9229
183.19,-0.6290,-2.8771
183.19,0.4710,-4.4271
183.19,-0.6290,-1.6271
183.19,-0.5290,-1.2771
183.19,0.6210,-1.0271
183.19,-1.0290,0.9229
183.19,1.0210,1.0729
183.19,-0.5790,-4.4771
183.19,-0.6790,-1.9271
184.99,-0.5790,-3.4771
184.99,0.6210,-1.9271
184.99,-1.6290,0.4229
184.99,-0.5790,-2.4271
184.99,-1.9290,-1.7771
184.99,-1.9790,-1.5271
184.99,-0.6790,-1.2271
184.99,0.4210,-2.7771
184.99,-0.8290,-1.6271
184.99,-0.5790,-4.0771
184.99,0.6710,-0.5271
184.99,1.4710,0.5729
184.99,-1.4790,-1.1771
184.99,0.4710,-4.0771
184.99,0.4710,-3.3771
184.99,0.8710,-2.5271
184.99,-0.5790,-1.8771
184.99,0.7710,-0.2271
184.99,1.1210,0.3229
184.99,0.3210,1.0729
184.99,-1.3290,1.0729
184.99,-0.6290,-2.8771
184.99,-1.2290,0.9229
184.99,0.4710,-4.4271
184.99,-0.6290,-1.6271
184.99,-0.5290,-1.2771
184.99,0.4710,-1.1771
184.99,-1.2290,0.7729
184.99,-1.0290,0.9229
184.99,1.0210,1.0729
186.51,-0.5790,-3.4771
186.51,0.6210,-1.9271
186.51,-1.6290,0.4229
186.51,-0.5790,-2.4271
186.51,-1.9290,-1.7771
186.51,-1.9790,-1.5271
186.51,-0.6790,-1.2271
186.51,0.4210,-2.7771
186.51,-0.8290,-1.6271
186.51,-0.5790,-4.0771
186.51,0.6710,-0.5271
186.51,1.4710,0.5729
186.51,-1.4790,-1.1771
186.51,0.4710,-4.0771
186.51,0.4710,-3.3771
186.51,0.8710,-2.5271
186.51,-0.5790,-1.8771
186.51,0.7710,-0.2271
186.51,1.1210,0.3229
186.51,0.3210,1.0729
186.51,-1.3290,1.0729
186.51,-0.6290,-2.8771
186.51,-1.2290,0.9229
186.51,0.4710,-4.4271
186.51,-0.6290,-1.6271
186.51,-0.5290,-1.2771
186.51,0.4710,-1.1771
186.51,-1.2290,0.7729
186.51,-1.0290,0.9229
186.51,1.0210,1.0729
188.09,-0.6290,-3.4450
188.09,0.6210,-2.0450
188.09,-1.5790,0.3050
188.09,-1.6790,0.6550
188.09,-1.9290,-1.7950
188.09,-0.6290,-1.2450
188.09,-1.9790,-1.4950
188.09,0.4210,-2.7950
188.09,-0.5790,-4.0950
188.09,-0.7790,-1.5950
188.09,-0.5790,-2.3950
188.09,0.6710,-0.5450
188.09,0.4710,-4.0450
188.09,-0.5790,-1.8450
188.09,1.1210,0.3050
188.09,0.4710,-3.3450
188.09,0.7710,-0.2450
188.09,0.3210,1.1050
188.09,-1.1790,0.8550
188.09,-1.4290,-1.1450
188.09,1.4210,0.5550
188.09,-1.2790,1.0550
188.09,-1.0790,1.2050
188.09,0.4710,-4.4450
188.09,-1.8790,0.0550
188.09,-0.6290,-2.8950
188.09,-0.6290,-2.6450
188.09,-1.2290,0.7550
188.09,1.0210,1.0550
188.09,-0.5790,-4.4950
190.46,-0.6290,-3.4450
190.46,0.6210,-2.0450
190.46,-1.6290,0.3050
190.46,-1.6790,0.6550
190.46,-1.9290,-1.7950
190.46,-0.6290,-1.2450
190.46,-0.5790,-4.0950
190.46,0.4210,-2.7950
190.46,-0.7790,-1.5950
190.46,-0.5790,-2.3950
190.46,0.6710,-0.5450
190.46,0.4710,-4.0450
190.46,-0.5790,-1.8450
190.46,1.1210,0.3050
190.46,0.4710,-3.3450
190.46,-1.4790,-1.1950
190.46,0.3210,1.1050
190.46,-2.1290,-1.6950
190.46,-1.8290,-1.3450
190.46,1.4210,0.5550
190.46,-1.1790,0.8550
190.46,-1.2790,1.0550
190.46,0.7710,-0.1950
190.46,-1.0790,1.2050
190.46,0.4710,-4.4450
190.46,-1.8790,0.0550
190.46,-0.6290,-2.8950
190.46,-0.6290,-2.6450
190.46,-1.2290,0.7550
190.46,1.0210,1.0550
193.17,-0.6290,-3.4450
193.17,0.6710,-2.0950
193.17,-1.6290,0.3050
193.17,-1.6790,0.6550
193.17,-1.9290,-1.7950
193.17,-0.6290,-1.2450
193.17,-0.5790,-4.0950
193.17,0.4210,-2.7950
193.17,-0.7790,-1.5950
193.17,-0.5790,-2.3950
193.17,0.6710,-0.5450
193.17,0.4710,-4.0450
193.17,-0.5790,-1.8450
193.17,1.1210,0.3050
193.17,0.4710,-3.3450
193.17,-1.4790,-1.1950
193.17,0.3210,1.1050
193.17,-2.1290,-1.6950
193.17,-1.8290,-1.3450
193.17,1.4210,0.5550
193.17,-1.1790,0.8550
193.17,-1.2790,1.0550
193.17,0.7710,-0.1950
193.17,-1.0790,1.2050
193.17,0.4710,-4.4450
193.17,-1.8790,0.0550
193.17,-0.6290,-2.8950
193.17,-0.6290,-2.6450
193.17,-1.2290,0.7550
193.17,1.0210,1.0550
195.55,0.6710,-2.0889
195.55,-1.6290,0.3111
195.55,-1.6290,0.6111
195.55,-0.5790,-3.4389
195.55,-1.9290,-1.7889
195.55,-1.9790,-1.4889
195.55,-1.2790,1.0111
195.55,-0.5790,-4.0889
195.55,-0.5790,-2.3889
195.55,0.6710,-0.5389
195.55,0.4710,-4.0389
195.55,-0.8290,-1.6389
195.55,-1.4790,-1.1889
195.55,1.1210,0.3111
195.55,-0.5790,-1.8889
195.55,0.4710,-3.3389
195.55,0.4210,-2.9389
195.55,1.4210,0.5611
195.55,0.3210,1.0611
195.55,-1.6790,1.2111
195.55,-0.6290,-1.2389
195.55,0.7210,-0.2889
195.55,0.7710,-0.1889
195.55,-1.0790,1.1611
195.55,0.4710,-4.4389
195.55,-0.6290,-2.8889
195.55,-0.6290,-2.6389
195.55,-0.6290,-1.6389
195.55,-0.5290,-1.2889
195.55,-2.2290,0.2111
196.77,0.9374,-2.8389
196.77,-0.6126,-2.3889
196.77,-1.5126,0.3611
196.77,-1.5626,0.6111
196.77,0.5874,-1.7889
196.77,-0.6126,-3.3889
196.77,-0.6626,-1.9889
196.77,-1.9626,-1.8389
196.77,1.4374,0.5611
196.77,-0.5626,-4.1389
196.77,0.4874,-4.0389
196.77,-1.5126,-1.1889
196.77,0.6374,-0.5389
196.77,1.0874,0.3111
196.77,-0.6126,-1.2389
196.77,0.4374,-2.9389
196.77,-2.1626,-1.7389
196.77,-1.8626,-1.3889
196.77,-1.2626,1.0111
196.77,-1.6626,1.2111
196.77,0.4874,-3.3889
196.77,-0.5626,-1.3389
196.77,0.3874,0.9111
196.77,0.3374,1.1611
196.77,-1.1126,1.2111
196.77,-0.7626,-1.5389
196.77,0.6374,-1.3889
196.77,0.6874,-0.2889
196.77,-2.1126,0.4111
196.77,-2.4126,0.6111
198.80,0.9214,-2.9889
198.80,-1.4786,0.3611
198.80,-1.6286,0.6111
198.80,-0.5786,-3.4389
198.80,-1.9286,-1.7889
198.80,0.5214,-1.6389
198.80,-1.9786,-1.4889
198.80,-2.3786,0.6111
198.80,-0.5786,-4.0889
198.80,-0.5786,-2.3889
198.80,0.8214,-2.1389
198.80,0.4714,-4.0389
198.80,-1.4786,-1.1889
198.80,1.1214,0.3111
198.80,-0.5786,-1.8889
198.80,-0.7786,-1.6389
198.80,0.4714,-3.3389
198.80,-2.5286,0.5111
198.80,0.4214,-2.9389
198.80,0.5714,-0.4389
198.80,1.4214,0.5611
198.80,0.3214,1.0611
198.80,-1.6786,1.2111
198.80,-0.6286,-2.6889
198.80,0.6214,-1.3889
198.80,-0.6286,-1.2889
198.80,0.7214,-0.2889
198.80,0.7714,-0.1889
198.80,-1.0786,1.1611
198.80,0.4714,-4.4389
200.70,0.9214,-2.9889
200.70,-1.4786,0.3611
200.70,-1.6286,0.6111
200.70,-0.5786,-3.4389
200.70,0.6214,-1.7889
200.70,-1.9286,-1.7889
200.70,-1.9786,-1.4889
200.70,-2.3786,0.6111
200.70,-0.5786,-4.0889
200.70,-0.5786,-2.3889
200.70,0.4714,-4.0389
200.70,-1.4786,-1.1889
200.70,1.1214,0.3111
200.70,-0.5786,-1.8889
200.70,-0.7786,-1.6389
200.70,0.4714,-3.3389
200.70,-0.5786,-1.2889
200.70,-2.5286,0.5111
200.70,0.4214,-2.9389
200.70,0.5714,-0.4389
200.70,1.4214,0.5611
200.70,0.3214,1.0611
200.70,-1.6786,1.2111
200.70,-0.6286,-2.6889
200.70,0.7214,-0.2889
200.70,0.7714,-0.1889
200.70,-1.0786,1.1611
200.70,0.4714,-4.4389
200.70,-0.6286,-1.6389
200.70,0.6214,-1.3889
202.25,0.9214,-2.9889
202.25,-1.4786,0.3611
202.25,-1.6286,0.6111
202.25,-0.5786,-3.4389
202.25,0.6214,-1.7889
202.25,-1.9286,-1.7889
202.25,-1.9786,-1.4889
202.25,-2.3786,0.6111
202.25,-0.5786,-4.0889
202.25,-0.5786,-2.3889
202.25,0.4714,-4.0389
202.25,-1.4786,-1.1889
202.25,1.1214,0.3111
202.25,-0.5786,-1.8889
202.25,-0.7786,-1.6389
202.25,0.4714,-3.3389
202.25,-0.5786,-1.2889
202.25,-2.5286,0.5111
202.25,0.4214,-2.9389
202.25,0.5714,-0.4389
202.25,1.4214,0.5611
202.25,0.3214,1.0611
202.25,-1.6786,1.2111
202.25,-0.6286,-2.6889
202.25,0.7214,-0.2889
202.25,0.7714,-0.1889
202.25,-1.0786,1.1611
202.25,0.4714,-4.4389
202.25,-0.6286,-1.6389
202.25,0.6214,-1.3889
205.10,1.0714,-3.2389
205.10,-1.4786,0.3611
205.10,-1.6286,0.6111
205.10,-0.5786,-3.4389
205.10,0.6214,-1.7889
205.10,-1.9286,-1.7889
205.10,-2.3786,0.6111
205.10,-1.9786,-1.4889
205.10,-0.5786,-4.0889
205.10,-0.5786,-2.3889
205.10,0.4714,-4.0389
205.10,-1.4786,-1.1889
205.10,1.1214,0.3111
205.10,-0.5786,-1.8889
205.10,-0.7786,-1.6389
205.10,0.4714,-3.3389
205.10,-0.5786,-1.2889
205.10,-1.6786,1.2111
205.10,0.4214,-2.9389
205.10,0.5714,-0.4389
205.10,-2.5786,0.5111
205.10,1.4214,0.5611
205.10,0.3214,1.0611
205.10,-0.6286,-2.6889
205.10,0.7214,-0.2889
205.10,-1.0786,1.1611
205.10,0.4714,-4.4389
205.10,-0.6286,-1.6389
205.10,0.6214,-1.3889
205.10,0.7714,-0.1389
206.42,1.0714,-3.2389
206.42,-1.4786,0.3611
206.42,-1.6286,0.6111
206.42,-0.5786,-3.4389
206.42,0.6214,-1.7889
206.42,0.5214,-4.0389
206.42,-1.9286,-1.7889
206.42,-2.3786,0.6111
206.42,-1.9786,-1.4889
206.42,-0.5786,-4.0889
206.42,-0.5786,-2.3889
206.42,-1.4786,-1.1889
206.42,1.1214,0.3111
206.42,-0.5786,-1.8889
206.42,-0.7786,-1.6389
206.42,0.5214,-3.3389
206.42,-0.5786,-1.2889
206.42,-1.6786,1.2111
206.42,0.4214,-2.9389
206.42,0.5714,-0.4389
206.42,-2.5786,0.5111
206.42,1.4214,0.5611
206.42,0.3214,1.0611
206.42,-0.6286,-2.6889
206.42,0.7214,-0.2889
206.42,-1.0786,1.1611
206.42,0.4714,-4.4389
206.42,0.5714,-3.5889
206.42,-0.6286,-1.6389
206.42,0.6214,-1.3889
209.04,0.6214,-4.2889
209.04,1.0214,-3.1889
209.04,-1.4786,0.3611
209.04,-1.6286,0.6111
209.04,-0.5786,-3.4389
209.04,0.6214,-1.7889
209.04,-1.9286,-1.7889
209.04,-0.5786,-4.1889
209.04,-2.3786,0.6111
209.04,-1.9786,-1.4889
209.04,-0.5786,-2.3889
209.04,-1.4786,-1.1889
209.04,1.1214,0.3111
209.04,-0.5786,-1.8889
209.04,0.5214,-3.3389
209.04,-0.5786,-1.3389
209.04,-1.6786,1.2111
209.04,0.4214,-2.9389
209.04,0.5714,-0.4389
209.04,-2.5786,0.5111
209.04,1.4214,0.5611
209.04,0.3214,1.0611
209.04,-0.6286,-2.6889
209.04,0.7214,-0.2889
209.04,-1.0786,1.1611
209.04,0.4714,-4.4389
209.04,0.4714,-4.0389
209.04,0.5714,-3.5889
209.04,-0.8786,-1.7389
209.04,-0.6286,-1.6389
211.30,0.6214,-4.2889
211.30,1.0214,-3.1889
211.30,-1.4786,0.3611
211.30,-1.6286,0.6111
211.30,0.6214,-1.7889
211.30,-0.6286,-3.4389
211.30,-1.9286,-1.7889
211.30,-2.3786,0.6111
211.30,-0.5786,-2.3889
211.30,-1.4786,-1.1889
211.30,-0.5786,-1.8889
211.30,-1.8786,-1.3889
211.30,1.1214,0.3111
211.30,-0.6786,-4.0389
211.30,0.5214,-3.3389
211.30,-0.5786,-1.3389
211.30,-1.6786,1.2111
211.30,0.4214,-2.9389
211.30,0.5714,-0.4389
211.30,-2.5786,0.5111
211.30,1.4214,0.5611
211.30,0.3214,1.0611
211.30,-0.6286,-2.6889
211.30,-2.1786,-1.7389
211.30,0.7214,-0.2889
211.30,-1.0786,1.1611
211.30,0.4714,-4.4389
211.30,0.4714,-4.0389
211.30,0.5714,-3.5889
211.30,-0.8786,-1.7389
212.66,0.6214,-4.2889
212.66,1.0214,-3.1889
212.66,-1.4786,0.3611
212.66,-1.6286,0.6111
212.66,0.6214,-1.7889
212.66,-0.6286,-3.4389
212.66,-1.9286,-1.7889
212.66,-2.3786,0.6111
212.66,-1.6786,1.2111
212.66,-0.5786,-2.3889
212.66,-1.4786,-1.1889
212.66,-0.5786,-1.8889
212.66,1.1214,0.3111
212.66,-0.6786,-4.0389
212.66,0.5214,-3.3389
212.66,0.4214,-2.9389
212.66,-2.5786,0.5111
212.66,1.4214,0.5611
212.66,0.3214,1.0611
212.66,-1.8286,-1.2889
212.66,-0.5786,-1.3389
212.66,0.6214,-0.4389
212.66,-0.6286,-4.4389
212.66,-2.1786,-1.7389
212.66,-1.0786,1.1611
212.66,0.4714,-4.4389
212.66,0.4714,-4.0389
212.66,0.5714,-3.5889
212.66,-0.6286,-2.6389
212.66,-0.8786,-1.7389
214.30,0.6214,-4.2889
214.30,1.0214,-3.1889
214.30,-1.4786,0.3611
214.30,-1.6286,0.6111
214.30,0.6214,-1.7889
214.30,-0.6286,-3.4389
214.30,-1.9286,-1.7889
214.30,-2.3786,0.6111
214.30,-1.6786,1.2111
214.30,-0.5786,-2.3889
214.30,-1.4786,-1.1889
214.30,-0.5786,-1.8889
214.30,1.1214,0.3111
214.30,-0.6786,-4.0389
214.30,0.5214,-3.3389
214.30,0.4214,-2.9389
214.30,-2.5786,0.5111
214.30,1.4214,0.5611
214.30,0.3214,1.0611
214.30,-1.8286,-1.2889
214.30,-0.5786,-1.3389
214.30,0.6214,-0.4389
214.30,-0.6786,-4.4389
214.30,-2.1786,-1.7389
214.30,0.6214,-1.4389
214.30,-1.0786,1.1611
214.30,0.4714,-4.4389
214.30,0.4714,-4.0389
214.30,0.5714,-3.5889
214.30,-0.6286,-2.6389
216.38,0.6214,-4.2889
216.38,1.0214,-3.1889
216.38,-1.4786,0.3611
216.38,-1.6286,0.6111
216.38,0.6214,-1.7889
216.38,-0.6286,-3.4389
216.38,-1.9286,-1.7889
216.38,-2.3786,0.6111
216.38,-1.6786,1.2111
216.38,-0.5786,-2.3889
216.38,-1.4786,-1.1889
216.38,-0.5786,-1.8889
216.38,1.1214,0.3111
216.38,-0.6786,-4.0389
216.38,0.5214,-3.3389
216.38,0.4214,-2.9389
216.38,-2.5786,0.5111
216.38,1.4214,0.5611
216.38,0.3214,1.0611
216.38,-1.8286,-1.2889
216.38,-0.5786,-1.3389
216.38,0.6214,-0.4389
216.38,-0.6786,-4.4389
216.38,-2.1786,-1.7389
216.38,0.6214,-1.4389
216.38,-1.0786,1.1611
216.38,0.4714,-4.4389
216.38,0.4714,-4.0389
216.38,0.5714,-3.5889
216.38,-0.6286,-2.6389
218.55,0.6214,-4.2889
218.55,1.0714,-3.2389
218.55,-1.4786,0.3611
218.55,-1.6286,0.6111
218.55,0.6214,-1.7889
218.55,-0.6286,-3.4389
218.55,-1.9286,-1.7889
218.55,-2.3786,0.6111
218.55,-1.6786,1.2111
218.55,-0.5786,-2.3889
218.55,-1.4786,-1.1889
218.55,-0.5786,-1.8889
218.55,1.1214,0.3111
218.55,-0.6786,-4.0389
218.55,0.5214,-3.3389
218.55,0.4214,-2.9389
218.55,-2.5786,0.5111
218.55,1.4214,0.5611
218.55,0.3214,1.0611
218.55,0.6214,-1.4389
218.55,-1.8286,-1.2889
218.55,-0.5786,-1.3389
218.55,0.6214,-0.4389
218.55,-2.1786,-1.7389
218.55,-1.0786,1.1611
218.55,-0.6786,-4.4389
218.55,0.4714,-4.4389
218.55,0.4714,-4.0389
218.55,0.5714,-3.5889
218.55,-0.6286,-2.6389
220.34,0.6214,-4.2889
220.34,1.0714,-3.2389
220.34,-1.4786,0.3611
220.34,-1.6286,0.6111
220.34,-0.6286,-3.4389
220.34,0.6214,-1.7889
220.34,-1.9286,-1.7889
220.34,-2.3786,0.6111
220.34,-1.6786,1.2111
220.34,-0.5786,-2.3889
220.34,-1.4786,-1.1889
220.34,-0.5786,-1.8889
220.34,1.1214,0.3111
220.34,-0.6786,-4.0389
220.34,0.5214,-3.3389
220.34,0.4214,-2.9389
220.34,-2.5786,0.5111
220.34,1.4214,0.5611
220.34,0.3214,1.0611
220.34,0.6214,-1.4389
220.34,-1.8286,-1.2889
220.34,0.6214,-0.4389
220.34,-2.1786,-1.7389
220.34,-1.0786,1.1611
220.34,-0.6786,-4.4389
220.34,0.4714,-4.4389
220.34,0.4714,-4.0389
220.34,0.5714,-3.5889
220.34,-0.6286,-2.6389
220.34,-0.8786,-1.7389
223.19,0.6214,-4.2889
223.19,1.0714,-3.2389
223.19,-1.4786,0.3611
223.19,-1.6286,0.6111
223.19,-0.6286,-3.4389
223.19,0.6214,-1.7889
223.19,-1.9286,-1.7889
223.19,-2.3786,0.6111
223.19,-1.6786,1.2111
223.19,-0.5786,-2.3889
223.19,-1.4786,-1.1889
223.19,1.1214,0.3111
223.19,-0.6786,-4.0389
223.19,0.5214,-3.3389
223.19,0.4214,-2.9389
223.19,-2.5786,0.5111
223.19,1.4214,0.5611
223.19,0.3214,1.0611
223.19,0.6214,-1.4389
223.19,-1.8286,-1.2889
223.19,0.6214,-0.4389
223.19,-2.1786,-1.7389
223.19,-1.0786,1.1611
223.19,-0.6786,-4.4389
223.19,0.4714,-4.4389
223.19,0.4714,-4.0389
223.19,0.5714,-3.5889
223.19,-0.6286,-2.6389
223.19,-0.5786,-1.9889
223.19,-0.8786,-1.7389
224.53,0.6214,-4.2657
224.53,1.1214,-3.4157
224.53,-1.5286,0.4843
224.53,-1.6786,1.2343
224.53,-1.9286,-1.8157
224.53,0.6214,-1.8157
224.53,-2.3786,0.6343
224.53,0.5214,-3.4157
224.53,-0.6286,-3.3657
224.53,1.1214,0.3343
224.53,1.4214,0.5343
224.53,-0.6786,-4.0657
224.53,0.6714,-2.5157
224.53,-0.5786,-2.4657
224.53,-1.4786,-1.2157
224.53,0.5714,-0.4157
224.53,-1.8786,0.4843
224.53,0.3214,1.0843
224.53,0.4214,-2.9157
224.53,-1.8286,-1.3157
224.53,-2.5786,0.5343
224.53,-2.1286,-1.7157
224.53,0.6714,-1.5157
224.53,-1.0286,1.2343
224.53,0.4714,-4.4657
224.53,-0.6786,-4.4157
224.53,-0.6286,-2.9157
224.53,-0.5786,-2.2157
224.53,0.7214,-0.2657
224.53,-0.6286,-3.7157
226.87,0.6214,-4.2657
226.87,1.0714,-3.3157
226.87,-1.5286,0.4843
226.87,-1.6786,1.2343
226.87,-1.9286,-1.8157
226.87,0.6214,-1.8157
226.87,-2.3786,0.6343
226.87,0.5214,-3.4157
226.87,-0.6286,-3.3657
226.87,1.1214,0.3343
226.87,1.4214,0.5343
226.87,-0.6786,-4.0657
226.87,-0.5786,-2.4657
226.87,-1.4786,-1.2157
226.87,0.5714,-0.4157
226.87,-1.8786,0.4843
226.87,0.3214,1.0843
226.87,0.4214,-2.9157
226.87,-1.8286,-1.3157
226.87,-2.5786,0.5343
226.87,0.6214,-2.5657
226.87,-2.1286,-1.7157
226.87,0.6214,-1.5157
226.87,-1.0286,1.2343
226.87,0.4714,-4.4657
226.87,-0.6786,-4.4157
226.87,-0.6286,-2.9157
226.87,-0.5786,-2.2157
226.87,0.7214,-0.2657
226.87,-0.6286,-3.7157
228.96,0.6714,-4.1657
228.96,1.0714,-3.3157
228.96,-1.5286,0.4843
228.96,-1.6786,1.2343
228.96,-1.9286,-1.8157
228.96,0.6214,-1.8157
228.96,-2.3786,0.6343
228.96,0.5214,-3.4157
228.96,-0.6286,-3.3657
228.96,1.1214,0.3343
228.96,1.4214,0.5343
228.96,-0.6786,-4.0657
228.96,-0.5786,-2.4657
228.96,-1.4786,-1.2157
228.96,0.6714,-4.5657
228.96,0.5714,-0.4157
228.96,-1.8786,0.4843
228.96,0.3214,1.0843
228.96,0.4214,-2.9157
228.96,-1.8286,-1.3157
228.96,-2.5786,0.5343
228.96,-2.1286,-1.7157
228.96,0.6214,-1.5157
228.96,-1.0286,1.2343
228.96,0.4714,-4.4657
228.96,-0.6786,-4.4157
228.96,-0.6286,-2.9157
228.96,-0.5786,-2.2157
228.96,0.7214,-0.2657
228.96,-0.6286,-3.7157
230.90,0.6714,-4.1657
230.90,1.0214,-3.2657
230.90,-1.5286,0.4843
230.90,-1.6786,1.2343
230.90,-1.9286,-1.8157
230.90,0.6214,-1.8157
230.90,-2.3786,0.6343
230.90,0.5214,-3.4157
230.90,-0.6286,-3.3657
230.90,1.1214,0.3343
230.90,1.4214,0.5343
230.90,-0.6786,-4.0657
230.90,-0.5786,-2.4657
230.90,-1.4786,-1.2157
230.90,0.6714,-4.5657
230.90,0.5714,-0.4157
230.90,-1.8786,0.4843
230.90,0.3214,1.0843
230.90,0.4214,-2.9157
230.90,-1.8286,-1.3157
230.90,-2.5786,0.5343
230.90,-2.1286,-1.7157
230.90,0.6214,-1.5157
230.90,-1.0286,1.2343
230.90,0.4714,-4.4657
230.90,-0.6786,-4.4157
230.90,-0.6286,-2.9157
230.90,-0.5786,-2.2157
230.90,0.7214,-0.2657
230.90,-0.6286,-3.7157
232.91,0.6714,-4.1657
232.91,1.0214,-3.2657
232.91,-1.5286,0.4843
232.91,-1.6786,1.2343
232.91,-1.9286,-1.8157
232.91,0.6214,-1.8157
232.91,-2.3786,0.6343
232.91,0.5214,-3.4157
232.91,-0.6286,-3.3657
232.91,1.1214,0.3343
232.91,1.4214,0.5343
232.91,-0.6786,-4.0657
232.91,-0.5786,-2.4657
232.91,-1.4786,-1.2157
232.91,0.6714,-4.5657
232.91,0.5714,-0.4157
232.91,-1.8786,0.4843
232.91,0.3214,1.0843
232.91,0.4214,-2.9157
232.91,-1.8286,-1.3157
232.91,-2.5786,0.5343
232.91,-2.1286,-1.7157
232.91,0.6214,-1.5157
232.91,-1.0286,1.2343
232.91,0.4714,-4.4657
232.91,-0.6786,-4.4157
232.91,-0.6286,-2.9157
232.91,-0.5786,-2.2157
232.91,0.7214,-0.2657
232.91,-0.6286,-3.7157
234.36,0.6714,-4.2779
234.36,0.9214,-3.3279
234.36,1.1214,-3.3279
234.36,-1.5786,0.4721
234.36,-0.5786,-2.4279
234.36,-1.6286,1.2721
234.36,-1.9286,-1.7779
234.36,0.6214,-1.8279
234.36,-2.3786,0.6221
234.36,-0.5786,-3.3279
234.36,1.4714,0.5721
234.36,-1.4786,-1.1779
234.36,-0.6786,-4.0779
234.36,0.6214,-1.5779
234.36,1.1214,0.3221
234.36,0.5714,-3.5279
234.36,0.5714,-0.4279
234.36,0.5214,-3.2779
234.36,0.4214,-2.9279
234.36,-2.5786,0.5221
234.36,0.3214,1.0721
234.36,-2.1286,-1.7279
234.36,-1.8286,-1.2779
234.36,-0.6786,-4.4279
234.36,-0.6286,-2.8779
234.36,0.7214,-0.2779
234.36,-1.0286,1.2221
234.36,0.4714,-4.4279
234.36,-0.6286,-3.7279
234.36,-0.5786,-1.9779
236.78,0.6714,-4.2779
236.78,0.9214,-3.3279
236.78,1.1214,-3.3279
236.78,-1.5786,0.4721
236.78,-0.5786,-2.4279
236.78,-1.6286,1.2721
236.78,-1.9286,-1.7779
236.78,0.6214,-1.8279
236.78,-2.3786,0.6221
236.78,-0.5786,-3.3279
236.78,1.4714,0.5721
236.78,-1.4786,-1.1779
236.78,-0.6786,-4.0779
236.78,0.6214,-1.5779
236.78,1.1214,0.3221
236.78,0.5714,-3.5279
236.78,0.5714,-0.4279
236.78,0.5214,-3.2779
236.78,0.4214,-2.9279
236.78,-2.5786,0.5221
236.78,0.3214,1.0721
236.78,-2.1286,-1.7279
236.78,-1.8286,-1.2779
236.78,-0.6786,-4.4279
236.78,-0.6286,-2.8779
236.78,0.7214,-0.2779
236.78,-1.0286,1.2221
236.78,0.4714,-4.4279
236.78,-0.6286,-3.7279
236.78,-0.5786,-1.9779
238.91,0.6714,-4.2779
238.91,0.9214,-3.3279
238.91,1.1214,-3.3279
238.91,-1.5786,0.4721
238.91,-0.5786,-2.4279
238.91,-1.6286,1.2721
238.91,0.5714,-3.4279
238.91,-1.9286,-1.7779
238.91,0.6214,-1.8279
238.91,-2.3786,0.6221
238.91,-0.5786,-3.3279
238.91,1.4714,0.5721
238.91,-1.4786,-1.1779
238.91,-0.6786,-4.0779
238.91,0.6214,-1.5779
238.91,1.1214,0.3221
238.91,0.5714,-0.4279
238.91,0.4214,-2.9279
238.91,-2.5786,0.5221
238.91,0.3214,1.0721
238.91,0.8714,-4.1779
238.91,-2.1286,-1.7279
238.91,-1.8286,-1.2779
238.91,-0.6786,-4.4279
238.91,-0.6286,-2.8779
238.91,0.7214,-0.2779
238.91,-1.0286,1.2221
238.91,0.4714,-4.4279
238.91,-0.6286,-3.7279
238.91,-0.5786,-1.9779
241.26,0.6714,-4.2779
241.26,0.9214,-3.3279
241.26,1.1714,-3.3279
241.26,-1.5786,0.4721
241.26,-1.6286,1.2721
241.26,-0.5786,-2.4279
241.26,0.5714,-3.4279
241.26,-1.9286,-1.7779
241.26,0.6214,-1.8279
241.26,-2.3786,0.6221
241.26,-0.5786,-3.3279
241.26,1.4714,0.5721
241.26,-1.4786,-1.1779
241.26,-0.6786,-4.0779
241.26,1.1214,0.3221
241.26,0.5714,-0.4279
241.26,0.4214,-2.9279
241.26,0.6214,-1.5779
241.26,-2.5786,0.5221
241.26,0.3214,1.0721
241.26,0.8714,-4.1779
241.26,-2.1286,-1.7279
241.26,-1.8286,-1.2779
241.26,-0.6786,-4.4279
241.26,-0.6286,-2.8779
241.26,0.7214,-0.2779
241.26,-1.0286,1.2221
241.26,0.4714,-4.4279
241.26,-0.6286,-3.7279
241.26,-0.5786,-1.9779
243.10,0.6714,-4.2779
243.10,0.9214,-3.3279
243.10,1.1714,-3.3279
243.10,-1.5786,0.4721
243.10,-1.6286,1.2721
243.10,-0.5786,-2.4279
243.10,0.5714,-3.4279
243.10,-1.9286,-1.7779
243.10,0.6214,-1.8279
243.10,-2.3786,0.6221
243.10,-0.5786,-3.3279
243.10,1.4714,0.5721
243.10,-1.4786,-1.1779
243.10,-0.6786,-4.0779
243.10,1.1214,0.3221
243.10,0.5714,-0.4279
243.10,0.4214,-2.9279
243.10,0.6214,-1.5779
243.10,-2.5786,0.5221
243.10,0.3214,1.0721
243.10,0.8714,-4.1779
243.10,-2.1286,-1.7279
243.10,-1.8286,-1.2779
243.10,-0.6786,-4.4279
243.10,-0.6286,-2.8779
243.10,0.7214,-0.2779
243.10,-1.0286,1.2221
243.10,0.4714,-4.4279
243.10,-0.6286,-3.7279
243.10,-0.5786,-1.9779
244.30,0.6714,-4.1935
244.30,0.9714,-3.3435
244.30,1.1214,-3.2935
244.30,-1.4786,0.3565
244.30,-1.6786,0.6565
244.30,-1.6286,1.3065
244.30,-0.6286,-3.4435
244.30,-1.9286,-1.7935
244.30,-2.3786,0.6065
244.30,0.6714,-1.7935
244.30,0.9714,-4.9435
244.30,0.5714,-3.3935
244.30,-0.5786,-2.3935
244.30,1.1214,0.3065
244.30,-1.4786,-1.1935
244.30,1.4214,0.5565
244.30,0.3214,1.1065
244.30,-0.6786,-4.0435
244.30,0.6714,-1.5935
244.30,-2.5786,0.5065
244.30,0.4214,-2.9435
244.30,-1.8286,-1.2935
244.30,0.6214,-0.4435
244.30,0.4714,-4.4435
244.30,-2.1786,-1.7435
244.30,-2.6786,0.2565
244.30,-0.6786,-4.4435
244.30,-0.6286,-2.6435
244.30,0.7714,-0.3435
244.30,0.7714,-0.1435
246.52,0.6714,-4.1935
246.52,0.9714,-3.3435
246.52,1.1214,-3.2935
246.52,-1.4786,0.3565
246.52,-1.6786,0.6565
246.52,-1.6286,1.3065
246.52,-0.6286,-3.4435
246.52,-1.9286,-1.7935
246.52,-2.3786,0.6065
246.52,0.6714,-1.7935
246.52,0.9714,-4.9435
246.52,0.5714,-3.3935
246.52,-0.5786,-2.3935
246.52,1.1214,0.3065
246.52,-1.4786,-1.1935
246.52,1.4214,0.5565
246.52,0.3214,1.1065
246.52,-0.6786,-4.0435
246.52,0.6714,-1.5935
246.52,-2.5786,0.5065
246.52,0.4214,-2.9435
246.52,-1.8286,-1.2935
246.52,0.6214,-0.4435
246.52,0.4714,-4.4435
246.52,-2.1786,-1.7435
246.52,-2.6786,0.2565
246.52,-0.6786,-4.4435
246.52,-0.6286,-2.6435
246.52,0.7714,-0.3435
246.52,0.7714,-0.1435
249.03,0.6714,-4.1935
249.03,0.9714,-3.3435
249.03,1.1214,-3.2935
249.03,-1.4786,0.3565
249.03,-1.6786,0.6565
249.03,-1.6286,1.3065
249.03,-0.6286,-3.4435
249.03,-1.9286,-1.7935
249.03,-2.3786,0.6065
249.03,0.6714,-1.7935
249.03,0.9714,-4.9435
249.03,0.5714,-3.3935
249.03,-0.5786,-2.3935
249.03,1.1214,0.3065
249.03,-1.4786,-1.1935
249.03,1.4214,0.5565
249.03,0.3214,1.1065
249.03,-0.6786,-4.0435
249.03,0.6714,-1.5935
249.03,-2.5786,0.5065
249.03,0.4214,-2.9435
249.03,-1.8286,-1.2935
249.03,0.6214,-0.4435
249.03,0.4714,-4.4435
249.03,-2.1786,-1.7435
249.03,-2.6786,0.2565
249.03,-0.6786,-4.4435
249.03,-0.6286,-2.6435
249.03,0.7714,-0.3435
249.03,-1.2286,0.7565
251.51,0.6714,-4.1935
251.51,0.9714,-3.3435
251.51,1.1214,-3.2935
251.51,-1.4786,0.3565
251.51,-1.6786,0.6565
251.51,-1.6286,1.3065
251.51,-0.6286,-3.4435
251.51,-1.9286,-1.7935
251.51,-2.3786,0.6065
251.51,0.6714,-1.7935
251.51,0.9714,-4.9435
251.51,0.5714,-3.3935
251.51,-0.5786,-2.3935
251.51,1.1214,0.3065
251.51,-1.4786,-1.1935
251.51,1.4214,0.5565
251.51,0.3214,1.1065
251.51,-0.6786,-4.0435
251.51,0.6714,-1.5935
251.51,-2.5786,0.5065
251.51,0.4214,-2.9435
251.51,-1.8286,-1.2935
251.51,0.6214,-0.4435
251.51,0.4714,-4.4435
251.51,-2.1786,-1.7435
251.51,-2.6786,0.2565
251.51,-0.6786,-4.4435
251.51,-0.6286,-2.6435
251.51,0.7714,-0.3435
251.51,-1.2286,0.7565
252.80,0.6714,-4.1935
252.80,0.9714,-3.3435
252.80,1.1214,-3.2935
252.80,-1.4786,0.3565
252.80,-1.6786,0.6565
252.80,-1.6286,1.3065
252.80,-0.6286,-3.4435
252.80,-1.9286,-1.7935
252.80,-2.3786,0.6065
252.80,0.6714,-1.7935
252.80,0.9714,-4.9435
252.80,0.5714,-3.3935
252.80,-0.5786,-2.3935
252.80,1.1214,0.3065
252.80,-1.4786,-1.1935
252.80,1.4214,0.5565
252.80,0.3214,1.1065
252.80,-0.6786,-4.0435
252.80,0.6714,-1.5935
252.80,-2.5786,0.5065
252.80,0.4214,-2.9435
252.80,-1.8286,-1.2935
252.80,0.6214,-0.4435
252.80,0.4714,-4.4435
252.80,-2.1786,-1.7435
252.80,-2.6786,0.2565
252.80,-0.6786,-4.4435
252.80,-0.6286,-2.6435
252.80,0.7714,-0.3435
252.80,-1.2286,0.7565
254.59,0.6714,-4.1935
254.59,0.9714,-3.3435
254.59,1.1214,-3.2935
254.59,-1.4786,0.3565
254.59,-1.6786,0.6565
254.59,-1.6286,1.3065
254.59,-0.6286,-3.4435
254.59,-1.9286,-1.7935
254.59,-2.3786,0.6065
254.59,0.6714,-1.7935
254.59,0.9714,-4.9435
254.59,0.5714,-3.3935
254.59,-0.5786,-2.3935
254.59,-1.4786,-1.1935
254.59,1.1214,0.3065
254.59,1.4214,0.5565
254.59,0.3214,1.1065
254.59,-1.0286,1.3565
254.59,-0.6786,-4.0435
254.59,0.6714,-1.5935
254.59,-2.5786,0.5065
254.59,0.4214,-2.9435
254.59,-1.8286,-1.2935
254.59,0.6214,-0.4435
254.59,0.4714,-4.4435
254.59,-2.1786,-1.7435
254.59,-2.6786,0.2565
254.59,-0.6786,-4.4435
254.59,-0.6286,-2.6435
254.59,0.7714,-0.3435
257.61,0.7214,-4.1435
257.61,0.9714,-3.3435
257.61,1.1214,-3.2935
257.61,0.5714,-3.2935
257.61,-1.4786,0.3565
257.61,-1.6786,0.6565
257.61,-1.6286,1.3065
257.61,-0.6286,-3.4435
257.61,-1.9286,-1.7935
257.61,-2.3786,0.6065
257.61,0.6714,-1.7935
257.61,0.9714,-4.9435
257.61,-0.5786,-2.3935
257.61,-1.4786,-1.1935
257.61,1.1214,0.3065
257.61,1.4214,0.5565
257.61,0.3214,1.1065
257.61,-1.0286,1.3565
257.61,-0.6786,-4.0435
257.61,0.6714,-1.5935
257.61,-2.5786,0.5065
257.61,-1.8286,-1.2935
257.61,0.6214,-0.4435
257.61,0.4714,-4.4435
257.61,-2.1786,-1.7435
257.61,-2.6786,0.2565
257.61,1.0214,-4.4935
257.61,-0.6786,-4.4435
257.61,-0.6286,-2.6435
257.61,0.7714,-0.3435
260.14,0.7214,-4.1435
260.14,0.9714,-3.3435
260.14,1.1214,-3.2935
260.14,0.5714,-3.2935
260.14,-1.4786,0.3565
260.14,-1.6786,0.6565
260.14,-1.6286,1.3065
260.14,-0.6286,-3.4435
260.14,-1.9286,-1.7935
260.14,-2.3786,0.6065
260.14,0.6714,-1.7935
260.14,0.9714,-4.9435
260.14,-1.4786,-1.1935
260.14,1.1214,0.3065
260.14,1.4214,0.5565
260.14,-1.0286,1.3565
260.14,-0.6786,-4.0435
260.14,-0.5786,-2.4435
260.14,0.6714,-1.5935
260.14,-2.5786,0.5065
260.14,0.3214,1.1565
260.14,-1.8286,-1.2935
260.14,0.6214,-0.4435
260.14,0.4714,-4.4435
260.14,-2.1786,-1.7435
260.14,-2.6786,0.2565
260.14,1.0214,-4.4935
260.14,-0.6786,-4.4435
260.14,-0.6286,-2.6435
260.14,0.7714,-0.3435
261.94,0.8214,-4.1935
261.94,0.9714,-3.3435
261.94,1.1214,-3.2935
261.94,-1.4786,0.3565
261.94,-1.6786,0.6565
261.94,0.6214,-1.7435
261.94,0.9714,-4.9435
261.94,-1.6286,1.3065
261.94,-0.6286,-3.4435
261.94,-1.9286,-1.7935
261.94,-2.3786,0.6065
261.94,1.3214,-5.3435
261.94,-1.4786,-1.1935
261.94,1.4214,0.5565
261.94,-1.0286,1.3565
261.94,-0.6786,-4.0435
261.94,-0.5786,-2.4435
261.94,1.1714,0.3065
261.94,-2.5786,0.5065
261.94,0.3214,1.1565
261.94,-1.8286,-1.2935
261.94,0.6214,-0.4435
261.94,1.4714,-5.5935
261.94,0.4714,-4.4435
261.94,-2.1786,-1.7435
261.94,-2.6786,0.2565
261.94,-2.5286,0.3065
261.94,1.5714,-5.9935
261.94,-0.6786,-4.4435
261.94,-0.6286,-2.6435
264.51,0.8714,-4.3435
264.51,0.9714,-3.3435
264.51,1.1214,-3.2935
264.51,-1.4786,0.3565
264.51,-1.6786,0.6565
264.51,0.6214,-1.7435
264.51,0.9714,-4.9435
264.51,-1.6286,1.3065
264.51,-0.6286,-3.4435
264.51,-1.9286,-1.7935
264.51,-2.3786,0.6065
264.51,1.5214,-5.6435
264.51,-1.4786,-1.1935
264.51,1.4214,0.5565
264.51,-1.0286,1.3565
264.51,-0.6786,-4.0435
264.51,-0.5786,-2.4435
264.51,1.1714,0.3065
264.51,-2.5786,0.5065
264.51,0.3214,1.1565
264.51,-1.8286,-1.2935
264.51,0.6214,-0.4435
264.51,1.6214,-5.9935
264.51,0.4714,-4.4435
264.51,-2.1786,-1.7435
264.51,-2.6786,0.2565
264.51,-2.5286,0.3065
264.51,-0.6786,-4.4435
264.51,-0.6286,-2.6435
264.51,0.7714,-0.3435
266.94,0.8714,-4.3435
266.94,0.9714,-3.3435
266.94,1.1214,-3.2935
266.94,-1.4786,0.3565
266.94,-1.6786,0.6565
266.94,0.6214,-1.7435
266.94,0.9714,-4.9435
266.94,-1.6286,1.3065
266.94,-0.6286,-3.4435
266.94,-1.9286,-1.7935
266.94,-2.3786,0.6065
266.94,1.5214,-5.6435
266.94,-1.0286,1.3565
266.94,-1.4786,-1.1935
266.94,1.4214,0.5565
266.94,-0.6786,-4.0435
266.94,-0.5786,-2.4435
266.94,1.1714,0.3065
266.94,-2.5786,0.5065
266.94,0.3214,1.1565
266.94,-1.8286,-1.2935
266.94,0.6214,-0.4435
266.94,1.6214,-5.9935
266.94,0.4714,-4.4435
266.94,-2.1786,-1.7435
266.94,-2.6786,0.2565
266.94,-2.5286,0.3065
266.94,-0.6786,-4.4435
266.94,-0.6286,-2.6435
266.94,0.7714,-0.3435
269.50,0.8714,-4.3435
269.50,0.9714,-3.3435
269.50,1.1214,-3.2935
269.50,-1.4786,0.3565
269.50,-1.6786,0.6565
269.50,0.6214,-1.7435
269.50,0.9714,-4.9435
269.50,-1.6286,1.3065
269.50,-0.6286,-3.4435
269.50,-1.9286,-1.7935
269.50,-2.3786,0.6065
269.50,1.5214,-5.6435
269.50,-1.0286,1.3565
269.50,-1.4786,-1.1935
269.50,1.4214,0.5565
269.50,-0.6786,-4.0435
269.50,-0.5786,-2.4435
269.50,1.1714,0.3065
269.50,-2.5786,0.5065
269.50,0.3214,1.1565
269.50,-1.8286,-1.2935
269.50,0.6214,-0.4435
269.50,1.6214,-5.9935
269.50,0.4714,-4.4435
269.50,-2.1786,-1.7435
269.50,-2.6786,0.2565
269.50,-2.5286,0.3065
269.50,-0.6786,-4.4435
269.50,-0.6286,-2.6435
269.50,0.7714,-0.3435
271.53,0.9714,-4.5435
271.53,0.9714,-3.3435
271.53,1.1214,-3.2935
271.53,-1.4786,0.4065
271.53,-1.6786,0.6565
271.53,0.6214,-1.7435
271.53,0.9714,-4.9435
271.53,-1.6286,1.3065
271.53,-0.6286,-3.4435
271.53,-1.9286,-1.7935
271.53,-2.3786,0.6065
271.53,-1.0286,1.3565
271.53,-1.4786,-1.1935
271.53,1.4214,0.5565
271.53,-0.6786,-4.0435
271.53,-0.5786,-2.4435
271.53,1.1714,0.3065
271.53,-2.5786,0.5065
271.53,0.3214,1.1565
271.53,-1.8286,-1.2935
271.53,0.6214,-0.4435
271.53,0.4714,-4.4435
271.53,-2.1786,-1.7435
271.53,-2.6786,0.2565
271.53,-2.5286,0.3065
271.53,-0.6786,-4.4435
271.53,-0.6286,-2.6435
271.53,0.7714,-0.3435
271.53,-1.2286,0.7565
271.53,0.4714,-4.0435
274.54,1.0214,-4.6435
274.54,0.9714,-3.3435
274.54,1.1214,-3.2935
274.54,-1.6786,0.6565
274.54,0.6214,-1.7435
274.54,0.9714,-4.9435
274.54,-1.6286,1.3065
274.54,-0.6286,-3.4435
274.54,-1.9286,-1.7935
274.54,-2.3786,0.7065
274.54,-1.1786,0.3565
274.54,0.5714,-3.0435
274.54,-1.0286,1.3565
274.54,-1.4786,-1.1935
274.54,1.4214,0.5565
274.54,-0.6786,-4.0435
274.54,-0.5786,-2.4435
274.54,1.1714,0.3065
274.54,-1.5286,0.4065
274.54,-2.5786,0.5065
274.54,0.3214,1.1565
274.54,-1.8286,0.5065
274.54,-1.8286,-1.2935
274.54,0.6214,-0.4435
274.54,0.4714,-4.4435
274.54,-2.1786,-1.7435
274.54,-2.6786,0.2565
274.54,-2.5286,0.3065
274.54,-0.6786,-4.4435
274.54,-0.6286,-2.6435
277.86,1.0214,-4.6935
277.86,0.9714,-3.3435
277.86,1.1214,-3.2935
277.86,-1.6786,0.6565
277.86,0.6214,-1.7435
277.86,-1.6286,1.3065
277.86,-0.6286,-3.4435
277.86,-1.9286,-1.7935
277.86,-2.3786,0.7065
277.86,-1.1786,0.3565
277.86,0.5714,-3.0435
277.86,-1.0286,1.3565
277.86,-1.4786,-1.1935
277.86,1.4214,0.5565
277.86,-0.6786,-4.0435
277.86,-0.5786,-2.4435
277.86,1.1714,0.3065
277.86,-1.5286,0.4065
277.86,-2.5786,0.5065
277.86,0.3214,1.1565
277.86,-1.8286,0.5065
277.86,-1.8286,-1.2935
277.86,0.6214,-0.4435
277.86,0.4714,-4.4435
277.86,-2.1786,-1.7435
277.86,-2.6786,0.2565
277.86,-2.5286,0.3065
277.86,-0.6786,-4.4435
277.86,-0.6286,-2.6435
277.86,0.7714,-0.3435
279.65,1.0214,-4.6935
279.65,0.9714,-3.3435
279.65,1.1214,-3.2935
279.65,-1.6786,0.6565
279.65,0.6214,-1.7435
279.65,-1.6286,1.3065
279.65,-0.6286,-3.4435
279.65,-1.9286,-1.7935
279.65,-2.3786,0.7065
279.65,0.5714,-3.0435
279.65,-1.1786,0.3565
279.65,-1.0286,1.3565
279.65,-1.4786,-1.1935
279.65,1.4214,0.5565
279.65,-0.6786,-4.0435
279.65,-0.5786,-2.4435
279.65,1.1714,0.3065
279.65,-1.5286,0.4065
279.65,-2.5786,0.5065
279.65,0.3214,1.1565
279.65,-1.8286,0.5065
279.65,-1.8286,-1.2935
279.65,0.6214,-0.4435
279.65,0.4714,-4.4435
279.65,-2.1786,-1.7435
279.65,-2.6786,0.2565
279.65,-2.5286,0.3065
279.65,-0.6786,-4.4435
279.65,-0.6286,-2.6435
279.65,0.7714,-0.3435
281.10,1.0214,-4.6935
281.10,0.9714,-3.3435
281.10,1.1214,-3.2935
281.10,-1.6786,0.6565
281.10,0.6214,-1.7435
281.10,-1.6286,1.3065
281.10,-0.6286,-3.4435
281.10,-1.9286,-1.7935
281.10,-2.3786,0.7065
281.10,0.5714,-3.0435
281.10,-1.1786,0.3565
281.10,-1.0286,1.3565
281.10,-1.4786,-1.1935
281.10,1.4214,0.5565
281.10,-0.6786,-4.0435
281.10,-0.5786,-2.4435
281.10,1.1714,0.3065
281.10,-1.5286,0.4065
281.10,-2.5786,0.5065
281.10,0.3214,1.1565
281.10,-1.8286,0.5065
281.10,-1.8286,-1.2935
281.10,0.6214,-0.4435
281.10,0.4714,-4.4435
281.10,-2.1786,-1.7435
281.10,-2.6786,0.2565
281.10,-2.5286,0.3065
281.10,-0.6786,-4.4435
281.10,-0.6286,-2.6435
281.10,0.7714,-0.3435
283.10,1.0214,-4.7460
283.10,0.9714,-3.3460
283.10,1.1214,-3.2960
283.10,-1.6286,1.3040
283.10,0.6214,-1.7460
283.10,-1.6286,0.7040
283.10,-0.6286,-3.4460
283.10,-1.9286,-1.7960
283.10,0.5714,-3.0460
283.10,-1.4786,-1.1960
283.10,-2.0786,0.7040
283.10,-1.0286,1.3540
283.10,1.1214,0.2540
283.10,-0.6786,-4.0460
283.10,-0.5786,-2.4460
283.10,-1.0286,-1.2960
283.10,-2.5786,0.3040
283.10,-2.5786,0.5040
283.10,-1.8286,-1.2960
283.10,-2.4786,0.7540
283.10,-2.1286,-1.6960
283.10,0.6214,-0.4460
283.10,0.4714,-4.4460
283.10,1.4714,0.5040
283.10,-2.2286,1.0040
283.10,-0.6786,-4.4460
283.10,0.5214,-2.7460
283.10,-0.6286,-2.6460
283.10,-0.5786,-2.2460
283.10,0.7714,-0.3460
284.85,1.0214,-4.7460
284.85,0.9714,-3.3460
284.85,-0.7786,-3.0960
284.85,1.1214,-3.2960
284.85,-2.3786,1.3040
284.85,-1.6286,1.3040
284.85,0.6714,-1.7460
284.85,-1.9286,-1.7960
284.85,-1.5786,0.7040
284.85,-0.8786,-3.9960
284.85,0.5714,-3.0460
284.85,-1.4786,-1.1960
284.85,-1.0286,1.3540
284.85,1.1214,0.2540
284.85,-0.6786,-3.5960
284.85,-2.5786,0.3040
284.85,-2.5786,0.5040
284.85,-2.3786,1.0040
284.85,-1.8286,-1.2960
284.85,-2.1286,-1.6960
284.85,0.6214,-0.4460
284.85,0.4714,-4.4460
284.85,1.4714,0.4540
284.85,-2.4286,0.7540
284.85,-0.6786,-4.4460
284.85,-0.6786,-4.0960
284.85,0.6714,-3.8460
284.85,0.5214,-2.7460
284.85,0.7714,-0.3460
284.85,1.6714,0.5540
286.56,1.0214,-4.7460
286.56,-0.8786,-2.9960
286.56,0.9714,-3.3460
286.56,1.1214,-3.2960
286.56,-2.4286,1.3540
286.56,-1.6286,1.3040
286.56,0.6714,-1.7460
286.56,-1.9286,-1.7960
286.56,-1.5786,0.7540
286.56,0.5714,-3.0460
286.56,-1.4786,-1.1960
286.56,-1.0286,1.3540
286.56,1.1214,0.2540
286.56,-2.5786,0.3040
286.56,-2.5786,0.5040
286.56,-2.3786,1.0040
286.56,-1.8286,-1.2960
286.56,-1.0286,-3.5460
286.56,-2.1286,-1.6960
286.56,0.6214,-0.4460
286.56,0.4714,-4.4460
286.56,1.4714,0.4540
286.56,-2.4286,0.7540
286.56,-0.6786,-4.4460
286.56,-1.1286,-3.8960
286.56,0.6714,-3.8460
286.56,0.5214,-2.7460
286.56,0.7714,-0.3460
286.56,1.6714,0.5540
286.56,-1.2286,0.7540
289.04,1.0214,-4.7460
289.04,-1.1786,-3.3460
289.04,0.9714,-3.3460
289.04,1.1214,-3.2960
289.04,-2.3786,1.3040
289.04,-1.6286,1.3040
289.04,0.6714,-1.7460
289.04,-1.9286,-1.7960
289.04,-1.5286,0.7540
289.04,0.5714,-3.0460
289.04,-1.4786,-1.1960
289.04,-1.0286,1.3540
289.04,1.1214,0.2540
289.04,-2.5786,0.3040
289.04,-2.5786,0.5040
289.04,-2.3786,1.0040
289.04,-1.8286,-1.2960
289.04,-2.1286,-1.6960
289.04,0.6214,-0.4460
289.04,0.4714,-4.4460
289.04,-0.9786,-2.1960
289.04,1.4714,0.4540
289.04,-2.4286,0.7540
289.04,-0.6786,-4.4460
289.04,0.6714,-3.8460
289.04,0.5214,-2.7460
289.04,0.7714,-0.3460
289.04,1.6714,0.5540
289.04,-1.2286,0.7540
289.04,-0.8286,1.1540
290.55,1.0714,-4.7960
290.55,-1.2286,-3.5960
290.55,0.9714,-3.3460
290.55,1.1214,-3.2960
290.55,-1.6286,1.3040
290.55,0.6714,-1.7460
290.55,-1.9286,-1.7960
290.55,-2.2786,1.3040
290.55,-1.5286,0.7540
290.55,0.5714,-3.0460
290.55,-1.4786,-1.1960
290.55,-1.0286,1.3540
290.55,-0.9786,-2.2460
290.55,1.1214,0.2540
290.55,-2.5786,0.3040
290.55,-2.5786,0.5040
290.55,-2.3786,1.0040
290.55,-1.8286,-1.2960
290.55,-2.1286,-1.6960
290.55,0.6214,-0.4460
290.55,0.4714,-4.4460
290.55,1.4714,0.4540
290.55,-2.4286,0.7540
290.55,-2.6286,1.4540
290.55,-0.6786,-4.4460
290.55,0.6714,-3.8460
290.55,0.5214,-2.7460
290.55,0.7714,-0.3460
290.55,1.6714,0.5540
290.55,-1.2286,0.7540
292.27,1.0714,-4.7960
292.27,-1.2286,-3.5960
292.27,0.9714,-3.3460
292.27,1.1214,-3.2960
292.27,-1.6286,1.3040
292.27,0.6714,-1.7460
292.27,-1.9286,-1.7960
292.27,-2.2786,1.3040
292.27,-1.5286,0.7540
292.27,0.5714,-3.0460
292.27,-1.4786,-1.1960
292.27,-1.0286,1.3540
292.27,-0.9786,-2.2460
292.27,1.1214,0.2540
292.27,-2.5786,0.3040
292.27,-2.5786,0.5040
292.27,-2.3786,1.0040
292.27,-1.8286,-1.2960
292.27,-2.1286,-1.6960
292.27,0.6214,-0.4460
292.27,0.4714,-4.4460
292.27,1.4714,0.4540
292.27,-2.4286,0.7540
292.27,-2.6286,1.4540
292.27,-0.6786,-4.4460
292.27,0.6714,-3.8460
292.27,0.5214,-2.7460
292.27,0.7714,-0.3460
292.27,1.6714,0.5540
292.27,-1.2286,0.7540
294.26,1.0714,-4.7960
294.26,-1.2286,-3.5960
294.26,0.9714,-3.3460
294.26,1.1214,-3.2960
294.26,-1.6286,1.3040
294.26,0.6714,-1.7460
294.26,-1.9286,-1.7960
294.26,-2.2786,1.3040
294.26,-1.5286,0.7540
294.26,0.5714,-3.0460
294.26,-1.4786,-1.1960
294.26,-1.0286,1.3540
294.26,-0.9786,-2.2460
294.26,1.1214,0.2540
294.26,-2.5786,0.3040
294.26,-2.5786,0.5040
294.26,-2.3786,1.0040
294.26,-1.8286,-1.2960
294.26,-2.1286,-1.6960
294.26,0.6214,-0.4460
294.26,0.4714,-4.4460
294.26,1.4714,0.4540
294.26,-2.4286,0.7540
294.26,-2.6286,1.4540
294.26,-0.6786,-4.4460
294.26,0.6714,-3.8460
294.26,0.5214,-2.7460
294.26,0.7714,-0.3460
294.26,1.6714,0.5540
294.26,-1.2286,0.7540
296.70,1.0714,-4.7960
296.70,-1.2286,-3.5960
296.70,0.9714,-3.3460
296.70,1.1214,-3.2960
296.70,-1.6286,1.3040
296.70,0.6714,-1.7460
296.70,-1.9286,-1.7960
296.70,-2.2786,1.3040
296.70,-1.5286,0.7540
296.70,0.5714,-3.0460
296.70,-1.4786,-1.1960
296.70,-1.0286,1.3540
296.70,-0.9786,-2.2460
296.70,1.1214,0.2540
296.70,-2.5786,0.3040
296.70,-2.5786,0.5040
296.70,-2.3786,1.0040
296.70,-1.8286,-1.2960
296.70,-2.1286,-1.6960
296.70,0.6214,-0.4460
296.70,0.4714,-4.4460
296.70,1.4714,0.4540
296.70,-2.4286,0.7540
296.70,-2.6286,1.4540
296.70,-0.6786,-4.4460
296.70,0.6714,-3.8460
296.70,0.5214,-2.7460
296.70,0.7714,-0.3460
296.70,1.6714,0.5540
296.70,-1.2286,0.7540
298.63,1.0714,-4.7960
298.63,-1.2286,-3.5960
298.63,0.9714,-3.3460
298.63,1.1214,-3.2960
298.63,-1.6286,1.3040
298.63,0.6714,-1.7460
298.63,-1.9286,-1.7960
298.63,-2.2786,1.3040
298.63,-1.5286,0.7540
298.63,0.5714,-3.0460
298.63,-1.4786,-1.1960
298.63,-1.0286,1.3540
298.63,-0.9786,-2.2460
298.63,1.1214,0.2540
298.63,-2.5786,0.3040
298.63,-2.5786,0.5040
298.63,-2.3786,1.0040
298.63,-1.8286,-1.2960
298.63,-2.1286,-1.6960
298.63,0.6214,-0.4460
298.63,0.4714,-4.4460
298.63,1.4714,0.4540
298.63,-2.4286,0.7540
298.63,-2.6286,1.4540
298.63,-0.6786,-4.4460
298.63,0.6714,-3.8460
298.63,0.5214,-2.7460
298.63,0.7714,-0.3460
298.63,1.6714,0.5540
298.63,-1.2286,0.7540
300.55,1.0714,-4.7960
300.55,-1.2286,-3.5960
300.55,0.9714,-3.3460
300.55,1.1214,-3.2960
300.55,-1.6286,1.3040
300.55,0.6714,-1.7460
300.55,-1.9286,-1.7960
300.55,-2.2786,1.3040
300.55,-1.5286,0.7540
300.55,0.5714,-3.0460
300.55,-1.4786,-1.1960
300.55,-1.0286,1.3540
300.55,-0.9786,-2.2460
300.55,1.1214,0.2540
300.55,-2.5786,0.3040
300.55,-2.5786,0.5040
300.55,-2.3786,1.0040
300.55,-1.8286,-1.2960
300.55,-2.1286,-1.6960
300.55,0.6214,-0.4460
300.55,0.4714,-4.4460
300.55,1.4714,0.4540
300.55,-2.4286,0.7540
300.55,-2.6286,1.4540
300.55,-0.6786,-4.4460
300.55,0.6714,-3.8460
300.55,0.5214,-2.7460
300.55,0.7714,-0.3460
300.55,1.6714,0.5540
300.55,-1.2286,0.7540
302.23,1.0714,-4.7960
302.23,-1.2286,-3.5960
302.23,0.9714,-3.3460
302.23,1.1214,-3.2960
302.23,-1.6286,1.3040
302.23,0.6714,-1.7460
302.23,-1.9286,-1.7960
302.23,-2.2786,1.3040
302.23,-1.5286,0.7540
302.23,0.5714,-3.0460
302.23,-1.4786,-1.1960
302.23,-1.0286,1.3540
302.23,-0.9786,-2.2460
302.23,1.1214,0.2540
302.23,-2.5786,0.3040
302.23,-2.5786,0.5040
302.23,-2.3786,1.0040
302.23,-1.8286,-1.2960
302.23,-2.1286,-1.6960
302.23,0.6214,-0.4460
302.23,0.4714,-4.4460
302.23,1.4714,0.4540
302.23,-2.4286,0.7540
302.23,-2.6286,1.4540
302.23,-0.6786,-4.4460
302.23,0.6714,-3.8460
302.23,0.5214,-2.7460
302.23,0.7714,-0.3460
302.23,1.6714,0.5540
302.23,-1.2286,0.7540
304.50,1.0714,-4.7960
304.50,-1.2286,-3.5960
304.50,0.9714,-3.3460
304.50,1.1214,-3.2960
304.50,-1.6286,1.3040
304.50,0.6714,-1.7460
304.50,-1.9286,-1.7960
304.50,-2.2786,1.3040
304.50,-1.5286,0.7540
304.50,0.5714,-3.0460
304.50,-1.4786,-1.1960
304.50,-1.0286,1.3540
304.50,-0.9786,-2.2460
304.50,1.1214,0.2540
304.50,-2.5786,0.3040
304.50,-2.5786,0.5040
304.50,-2.3786,1.0040
304.50,-1.8286,-1.2960
304.50,-2.1286,-1.6960
304.50,0.6214,-0.4460
304.50,0.4714,-4.4460
304.50,1.4714,0.4540
304.50,-2.4286,0.7540
304.50,-2.6286,1.4540
304.50,-0.6786,-4.4460
304.50,0.6714,-3.8460
304.50,0.5214,-2.7460
304.50,0.7714,-0.3460
304.50,1.6714,0.5540
304.50,-1.2286,0.7540
306.59,1.0714,-4.7960
306.59,-1.2286,-3.5960
306.59,0.9714,-3.3460
306.59,1.1214,-3.2960
306.59,-1.6286,1.3040
306.59,0.6714,-1.7460
306.59,-1.9286,-1.7960
306.59,-2.2786,1.3040
306.59,-1.5286,0.7540
306.59,0.5714,-3.0460
306.59,-1.4786,-1.1960
306.59,-1.0286,1.3540
306.59,-0.9786,-2.2460
306.59,1.1214,0.2540
306.59,-2.5786,0.3040
306.59,-2.5786,0.5040
306.59,-2.3786,1.0040
306.59,-1.8286,-1.2960
306.59,-2.1286,-1.6960
306.59,0.6214,-0.4460
306.59,0.4714,-4.4460
306.59,1.4714,0.4540
306.59,-2.4286,0.7540
306.59,-2.6286,1.4540
306.59,-0.6786,-4.4460
306.59,0.6714,-3.8460
306.59,0.5214,-2.7460
306.59,0.7714,-0.3460
306.59,1.6714,0.5540
306.59,-1.2286,0.7540
308.50,1.0501,-4.7960
308.50,-1.3499,-3.9960
308.50,0.9501,-3.2960
308.50,1.1501,-3.2960
308.50,-1.1499,-2.9960
308.50,-1.6499,1.3040
308.50,-1.9499,-1.8460
308.50,-2.2999,1.3040
308.50,-1.5499,0.7540
308.50,0.6501,-3.2960
308.50,1.2001,-2.4460
308.50,-1.0499,-2.2960
308.50,0.7501,-1.8960
308.50,-2.5999,0.1540
308.50,0.9001,-1.4960
308.50,-1.4999,-1.1960
308.50,1.1501,0.2540
308.50,-2.5499,0.5040
308.50,-2.3499,1.0040
308.50,-0.7999,1.3540
308.50,1.5501,-2.9460
308.50,-2.1499,-1.6960
308.50,-1.8499,-1.2960
308.50,0.5501,-0.3460
308.50,-2.5499,0.3540
308.50,1.5001,0.5040
308.50,-2.6499,1.4540
308.50,1.0501,-5.2460
308.50,1.4001,-3.8960
308.50,0.8501,-3.7960
310.29,1.0501,-4.7960
310.29,-1.3499,-3.9960
310.29,0.9501,-3.2960
310.29,1.1501,-3.2960
310.29,-1.1499,-2.9960
310.29,-1.6499,1.3040
310.29,-1.9499,-1.8460
310.29,-2.2999,1.3040
310.29,-1.5499,0.7540
310.29,0.6501,-3.2960
310.29,1.2001,-2.4460
310.29,-1.0499,-2.2960
310.29,0.7501,-1.8960
310.29,-2.5999,0.1540
310.29,0.9001,-1.4960
310.29,-1.4999,-1.1960
310.29,1.1501,0.2540
310.29,-2.5499,0.5040
310.29,-2.3499,1.0040
310.29,-0.7999,1.3540
310.29,1.5501,-2.9460
310.29,-2.1499,-1.6960
310.29,-1.8499,-1.2960
310.29,0.5501,-0.3460
310.29,-2.5499,0.3540
310.29,1.5001,0.5040
310.29,-2.6499,1.4540
310.29,1.0501,-5.2460
310.29,1.4001,-3.8960
310.29,0.8501,-3.7960
312.49,1.0501,-4.7960
312.49,-1.3499,-3.9960
312.49,0.9501,-3.2960
312.49,1.1501,-3.2960
312.49,-1.1499,-2.9960
312.49,-1.6499,1.3040
312.49,-1.9499,-1.8460
312.49,-2.2999,1.3040
312.49,-1.5499,0.7540
312.49,0.6501,-3.2960
312.49,1.2001,-2.4460
312.49,-1.0499,-2.2960
312.49,0.7501,-1.8960
312.49,-2.5999,0.1540
312.49,0.9001,-1.4960
312.49,-1.4999,-1.1960
312.49,1.1501,0.2540
312.49,-2.5499,0.5040
312.49,-2.3499,1.0040
312.49,-0.7999,1.3540
312.49,1.5501,-2.9460
312.49,-2.1499,-1.6960
312.49,-1.8499,-1.2960
312.49,0.5501,-0.3460
312.49,-2.5499,0.3540
312.49,1.5001,0.5040
312.49,-2.6499,1.4540
312.49,1.0501,-5.2460
312.49,1.4001,-3.8960
312.49,0.8501,-3.7960
315.05,1.0501,-4.7960
315.05,-1.3499,-3.9960
315.05,0.9501,-3.2960
315.05,-1.3499,-2.9460
315.05,1.1501,-3.2960
315.05,-2.4499,-2.2960
315.05,-0.0499,2.0040
315.05,-0.2499,1.5540
315.05,-1.1499,-2.9960
315.05,-1.6499,1.3040
315.05,1.7001,-0.4960
315.05,-2.2999,1.3040
315.05,-1.3999,-1.2460
315.05,-1.5499,0.7540
315.05,0.6501,-3.2960
315.05,1.2001,-2.4460
315.05,0.7501,-1.8960
315.05,-2.5999,0.1540
315.05,0.9001,-1.4960
315.05,1.6001,0.3540
315.05,-1.1499,-1.6460
315.05,-2.5499,0.5040
315.05,-2.3499,1.0040
315.05,-0.7999,1.3540
315.05,1.5501,-2.9460
315.05,1.8001,-0.1960
315.05,-2.1499,-1.6960
315.05,-1.8499,-1.2960
315.05,1.0501,-0.6960
315.05,1.8001,0.3540
317.22,1.0501,-4.7960
317.22,-1.3499,-3.9960
317.22,0.9501,-3.2960
317.22,-1.3499,-2.9460
317.22,1.1501,-3.2960
317.22,-2.4499,-2.2960
317.22,-0.0499,2.0040
317.22,-0.2499,1.5540
317.22,-1.1499,-2.9960
317.22,-1.6499,1.3040
317.22,1.7001,-0.4960
317.22,-2.2999,1.3040
317.22,-1.3999,-1.2460
317.22,-1.5499,0.7540
317.22,0.6501,-3.2960
317.22,1.2001,-2.4460
317.22,0.7501,-1.8960
317.22,-2.5999,0.1540
317.22,0.9001,-1.4960
317.22,1.6001,0.3540
317.22,-1.1499,-1.6460
317.22,-2.5499,0.5040
317.22,-2.3499,1.0040
317.22,-0.7999,1.3540
317.22,1.5501,-2.9460
317.22,1.8001,-0.1960
317.22,-2.1499,-1.6960
317.22,-1.8499,-1.2960
317.22,1.0501,-0.6960
317.22,1.8001,0.3540
319.75,1.0424,-4.7960
319.75,-1.3576,-3.8960
319.75,0.9924,-3.4460
319.75,-1.4076,-3.0960
319.75,1.1424,-3.2460
319.75,-2.4576,-2.2960
319.75,-3.3076,-0.3960
319.75,2.1924,0.0040
319.75,-3.1576,1.1040
319.75,-2.4076,1.3540
319.75,-0.0576,2.0040
319.75,-0.2576,1.5540
319.75,-2.4076,0.9040
319.75,-1.6076,1.3040
319.75,1.1924,-1.5460
319.75,1.0924,-1.9460
319.75,1.6924,-0.4960
319.75,-1.1076,-2.8460
319.75,-1.5076,0.7540
319.75,0.6424,-3.2960
319.75,-2.6076,0.4040
319.75,-2.5576,-0.7460
319.75,-3.0576,0.4040
319.75,-1.2076,-3.2960
319.75,1.2924,-2.5460
319.75,-1.1576,-1.6460
319.75,-2.5576,0.1040
319.75,-2.1576,-1.6960
319.75,1.0424,-0.6960
319.75,-0.8076,1.3540
323.23,1.0424,-4.7960
323.23,-1.3576,-3.8960
323.23,0.9924,-3.4460
323.23,-1.4076,-3.0960
323.23,1.1424,-3.2460
323.23,-2.4576,-2.2960
323.23,-3.3076,-0.3960
323.23,-3.3076,1.1540
323.23,-3.0076,1.3040
323.23,-2.4076,1.3540
323.23,-0.0576,2.0040
323.23,-0.2576,1.5540
323.23,-1.6076,1.3040
323.23,2.1924,0.0540
323.23,-2.4076,0.9540
323.23,1.6924,-0.4960
323.23,2.2924,-0.0960
323.23,-3.1076,0.7540
323.23,-1.1076,-2.8460
323.23,-1.5076,0.7540
323.23,0.6424,-3.2960
323.23,-4.1076,-0.1960
323.23,-2.5576,-0.7460
323.23,-3.0576,0.4040
323.23,-1.2076,-3.2960
323.23,1.2924,-2.5460
323.23,-1.1576,-1.6460
323.23,1.1924,-1.4460
323.23,-2.5576,0.1040
323.23,-2.1576,-1.6960
325.26,1.0424,-4.7960
325.26,-1.3576,-3.8960
325.26,0.9924,-3.4460
325.26,-1.4076,-3.0960
325.26,1.1424,-3.2460
325.26,-2.4576,-2.2960
325.26,-3.3076,-0.3960
325.26,-3.3076,1.1540
325.26,-3.0076,1.3040
325.26,-2.4076,1.3540
325.26,-0.0576,2.0040
325.26,-0.2576,1.5540
325.26,-1.6076,1.3040
325.26,2.1924,0.0540
325.26,-2.4076,0.9540
325.26,1.6924,-0.4960
325.26,2.2924,-0.0960
325.26,-3.1076,0.7540
325.26,-1.1076,-2.8460
325.26,-1.5076,0.7540
325.26,0.6424,-3.2960
325.26,-4.1076,-0.1960
325.26,-2.5576,-0.7460
325.26,-3.0576,0.4040
325.26,-1.2076,-3.2960
325.26,1.2924,-2.5460
325.26,-1.1576,-1.6460
325.26,1.1924,-1.4460
325.26,-2.5576,0.1040
325.26,-2.1576,-1.6960
327.18,1.0424,-4.7960
327.18,-1.3576,-3.8960
327.18,0.9924,-3.4460
327.18,-1.4076,-3.0960
327.18,1.1424,-3.2460
327.18,-2.4576,-2.2960
327.18,-3.3076,-0.3960
327.18,-3.3076,1.1540
327.18,-3.0076,1.3040
327.18,-2.4076,1.3540
327.18,-0.0576,2.0040
327.18,-0.2576,1.5540
327.18,-1.6076,1.3040
327.18,2.1924,0.0540
327.18,-2.4076,0.9540
327.18,1.6924,-0.4960
327.18,2.2924,-0.0960
327.18,-3.1076,0.7540
327.18,-1.1076,-2.8460
327.18,-1.5076,0.7540
327.18,0.6424,-3.2960
327.18,-4.1076,-0.1960
327.18,-2.5576,-0.7460
327.18,-3.0576,0.4040
327.18,-1.2076,-3.2960
327.18,1.2924,-2.5460
327.18,-1.1576,-1.6460
327.18,1.1924,-1.4460
327.18,-2.5576,0.1040
327.18,-2.1576,-1.6960
328.87,1.0424,-4.7960
328.87,-1.3576,-3.8960
328.87,0.9924,-3.4460
328.87,-1.4076,-3.0960
328.87,1.1424,-3.2460
328.87,-2.4576,-2.2960
328.87,-3.3076,-0.3960
328.87,-3.3076,1.1540
328.87,-3.0076,1.3040
328.87,-2.4076,1.3540
328.87,-0.0576,2.0040
328.87,-0.2576,1.5540
328.87,-1.6076,1.3040
328.87,2.1924,0.0540
328.87,-2.4076,0.9540
328.87,1.6924,-0.4960
328.87,2.2924,-0.0960
328.87,-3.1076,0.7540
328.87,-1.1076,-2.8460
328.87,-1.5076,0.7540
328.87,0.6424,-3.2960
328.87,-4.1076,-0.1960
328.87,-2.5576,-0.7460
328.87,-3.0576,0.4040
328.87,-1.2076,-3.2960
328.87,1.2924,-2.5460
328.87,-1.1576,-1.6460
328.87,1.1924,-1.4460
328.87,-2.5576,0.1040
328.87,-2.1576,-1.6960
330.49,1.0424,-4.7960
330.49,-1.3576,-3.8960
330.49,0.9924,-3.4460
330.49,-1.4076,-3.0960
330.49,1.1424,-3.2460
330.49,-2.4576,-2.2960
330.49,-3.3076,-0.3960
330.49,-3.3076,1.1540
330.49,-3.0076,1.3040
330.49,-2.4076,1.3540
330.49,-0.0576,2.0040
330.49,-0.2576,1.5540
330.49,-1.6076,1.3040
330.49,2.1924,0.0540
330.49,-2.4076,0.9540
330.49,1.6924,-0.4960
330.49,2.2924,-0.0960
330.49,-3.1076,0.7540
330.49,-1.1076,-2.8460
330.49,-1.5076,0.7540
330.49,0.6424,-3.2960
330.49,-4.1076,-0.1960
330.49,-2.5576,-0.7460
330.49,-3.0576,0.4040
330.49,-1.2076,-3.2960
330.49,1.2924,-2.5460
330.49,-1.1576,-1.6460
330.49,1.1924,-1.4460
330.49,-2.5576,0.1040
330.49,-2.1576,-1.6960
333.45,1.0424,-4.7960
333.45,-1.3576,-3.8960
333.45,0.9924,-3.4460
333.45,-1.4076,-3.0960
333.45,1.1424,-3.2460
333.45,-2.4576,-2.2960
333.45,-3.3076,-0.3960
333.45,-3.3076,1.1540
333.45,-3.0076,1.3040
333.45,-2.4076,1.3540
333.45,-0.0576,2.0040
333.45,-0.2576,1.5540
333.45,-1.6076,1.3040
333.45,2.1924,0.0540
333.45,-2.4076,0.9540
333.45,1.6924,-0.4960
333.45,2.2924,-0.0960
333.45,-3.1076,0.7540
333.45,-1.1076,-2.8460
333.45,-1.5076,0.7540
333.45,0.6424,-3.2960
333.45,-4.1076,-0.1960
333.45,-2.5576,-0.7460
333.45,-3.0576,0.4040
333.45,-1.2076,-3.2960
333.45,1.2924,-2.5460
333.45,-1.1576,-1.6460
333.45,1.1924,-1.4460
333.45,-2.5576,0.1040
333.45,-2.1576,-1.6960
335.13,1.0424,-4.7960
335.13,-1.3576,-3.8960
335.13,0.9924,-3.4460
335.13,-1.4076,-3.0960
335.13,1.1424,-3.2460
335.13,-2.4576,-2.2960
335.13,-3.3076,-0.3960
335.13,-3.3076,1.1540
335.13,-3.0076,1.3040
335.13,-2.4076,1.3540
335.13,-0.0576,2.0040
335.13,-0.2576,1.5540
335.13,-1.6076,1.3040
335.13,2.1924,0.0540
335.13,-2.4076,0.9540
335.13,1.6924,-0.4960
335.13,2.2924,-0.0960
335.13,-3.1076,0.7540
335.13,-1.1076,-2.8460
335.13,-1.5076,0.7540
335.13,0.6424,-3.2960
335.13,-4.1076,-0.1960
335.13,-2.5576,-0.7460
335.13,-3.0576,0.4040
335.13,-1.2076,-3.2960
335.13,1.2924,-2.5460
335.13,-1.1576,-1.6460
335.13,1.1924,-1.4460
335.13,-2.5576,0.1040
335.13,-2.1576,-1.6960
337.19,1.0424,-4.7960
337.19,-1.3576,-3.8960
337.19,0.9924,-3.4460
337.19,-1.4076,-3.0960
337.19,1.1424,-3.2460
337.19,-2.4576,-2.2960
337.19,-3.3076,-0.3960
337.19,-3.3076,1.1540
337.19,-3.0076,1.3040
337.19,-2.4076,1.3540
337.19,-0.0576,2.0040
337.19,-0.2576,1.5540
337.19,-1.6076,1.3040
337.19,2.1924,0.0540
337.19,-2.4076,0.9540
337.19,1.6924,-0.4960
337.19,2.2924,-0.0960
337.19,-3.1076,0.7540
337.19,-1.1076,-2.8460
337.19,-1.5076,0.7540
337.19,0.6424,-3.2960
337.19,-4.1076,-0.1960
337.19,-2.5576,-0.7460
337.19,-3.0576,0.4040
337.19,-1.2076,-3.2960
337.19,1.2924,-2.5460
337.19,-1.1576,-1.6460
337.19,1.1924,-1.4460
337.19,-2.5576,0.1040
337.19,-2.1576,-1.6960
338.63,1.0424,-4.7960
338.63,-1.3576,-3.8960
338.63,0.9924,-3.4460
338.63,-1.4076,-3.0960
338.63,1.1424,-3.2460
338.63,-2.4576,-2.2960
338.63,-3.3076,-0.3960
338.63,-3.3076,1.1540
338.63,-3.0076,1.3040
338.63,-2.4076,1.3540
338.63,-0.0576,2.0040
338.63,-0.2576,1.5540
338.63,-1.6076,1.3040
338.63,2.1924,0.0540
338.63,-2.4076,0.9540
338.63,1.6924,-0.4960
338.63,2.2924,-0.0960
338.63,-3.1076,0.7540
338.63,-1.1076,-2.8460
338.63,-1.5076,0.7540
338.63,0.6424,-3.2960
338.63,-4.1076,-0.1960
338.63,-2.5576,-0.7460
338.63,-3.0576,0.4040
338.63,-1.2076,-3.2960
338.63,1.2924,-2.5460
338.63,-1.1576,-1.6460
338.63,1.1924,-1.4460
338.63,-2.5576,0.1040
338.63,-2.1576,-1.6960
340.80,1.0424,-4.7960
340.80,-1.3576,-3.8960
340.80,0.9924,-3.4460
340.80,-1.4076,-3.0960
340.80,1.1424,-3.2460
340.80,-2.4576,-2.2960
340.80,-3.3076,-0.3960
340.80,-3.3076,1.1540
340.80,-3.0076,1.3040
340.80,-2.4076,1.3540
340.80,-0.0576,2.0040
340.80,-0.2576,1.5540
340.80,-1.6076,1.3040
340.80,2.1924,0.0540
340.80,-2.4076,0.9540
340.80,1.6924,-0.4960
340.80,2.2924,-0.0960
340.80,-3.1076,0.7540
340.80,-1.1076,-2.8460
340.80,-1.5076,0.7540
340.80,0.6424,-3.2960
340.80,-4.1076,-0.1960
340.80,-2.5576,-0.7460
340.80,-3.0576,0.4040
340.80,-1.2076,-3.2960
340.80,1.2924,-2.5460
340.80,-1.1576,-1.6460
340.80,1.1924,-1.4460
340.80,-2.5576,0.1040
340.80,-2.1576,-1.6960
343.30,1.0424,-4.7960
343.30,-1.3576,-3.8960
343.30,0.9924,-3.4460
343.30,-1.4076,-3.0960
343.30,1.1424,-3.2460
343.30,-2.4576,-2.2960
343.30,-3.3076,-0.3960
343.30,-3.3076,1.1540
343.30,-3.0076,1.3040
343.30,-2.4076,1.3540
343.30,-0.0576,2.0040
343.30,-0.2576,1.5540
343.30,-1.6076,1.3040
343.30,2.1924,0.0540
343.30,-2.4076,0.9540
343.30,1.6924,-0.4960
343.30,2.2924,-0.0960
343.30,-3.1076,0.7540
343.30,-1.1076,-2.8460
343.30,-1.5076,0.7540
343.30,0.6424,-3.2960
343.30,-4.1076,-0.1960
343.30,-2.5576,-0.7460
343.30,-3.0576,0.4040
343.30,-1.2076,-3.2960
343.30,1.2924,-2.5460
343.30,-1.1576,-1.6460
343.30,1.1924,-1.4460
343.30,-2.5576,0.1040
343.30,-2.1576,-1.6960
345.18,1.0424,-4.7960
345.18,-1.3576,-3.8960
345.18,0.9924,-3.4460
345.18,-1.4076,-3.0960
345.18,1.1424,-3.2460
345.18,-2.4576,-2.2960
345.18,-3.3076,-0.3960
345.18,-3.3076,1.1540
345.18,-3.0076,1.3040
345.18,-2.4076,1.3540
345.18,-0.0576,2.0040
345.18,-0.2576,1.5540
345.18,-1.6076,1.3040
345.18,2.1924,0.0540
345.18,-2.4076,0.9540
345.18,1.6924,-0.4960
345.18,2.2924,-0.0960
345.18,-3.1076,0.7540
345.18,-1.1076,-2.8460
345.18,-1.5076,0.7540
345.18,0.6424,-3.2960
345.18,-4.1076,-0.1960
345.18,-2.5576,-0.7460
345.18,-3.0576,0.4040
345.18,-1.2076,-3.2960
345.18,1.2924,-2.5460
345.18,-1.1576,-1.6460
345.18,1.1924,-1.4460
345.18,-2.5576,0.1040
345.18,-2.1576,-1.6960
346.90,1.0424,-4.7960
346.90,-1.3576,-3.8960
346.90,0.9924,-3.4460
346.90,-1.4076,-3.0960
346.90,1.1424,-3.2460
346.90,-2.4576,-2.2960
346.90,-3.3076,-0.3960
346.90,-3.3076,1.1540
346.90,-3.0076,1.3040
346.90,-2.4076,1.3540
346.90,-0.0576,2.0040
346.90,-0.2576,1.5540
346.90,-1.6076,1.3040
346.90,2.1924,0.0540
346.90,-2.4076,0.9540
346.90,1.6924,-0.4960
346.90,2.2924,-0.0960
346.90,-3.1076,0.7540
346.90,-1.1076,-2.8460
346.90,-1.5076,0.7540
346.90,0.6424,-3.2960
346.90,-4.1076,-0.1960
346.90,-2.5576,-0.7460
346.90,-3.0576,0.4040
346.90,-1.2076,-3.2960
346.90,1.2924,-2.5460
346.90,-1.1576,-1.6460
346.90,1.1924,-1.4460
346.90,-2.5576,0.1040
346.90,-2.1576,-1.6960
348.54,1.0424,-4.7960
348.54,-1.3576,-3.8960
348.54,0.9924,-3.4460
348.54,-1.4076,-3.0960
348.54,1.1424,-3.2460
348.54,-2.4576,-2.2960
348.54,-3.3076,-0.3960
348.54,-3.3076,1.1540
348.54,-3.0076,1.3040
348.54,-2.4076,1.3540
348.54,-0.0576,2.0040
348.54,-0.2576,1.5540
348.54,-1.6076,1.3040
348.54,2.1924,0.0540
348.54,-2.4076,0.9540
348.54,1.6924,-0.4960
348.54,2.2924,-0.0960
348.54,-3.1076,0.7540
348.54,-1.1076,-2.8460
348.54,-1.5076,0.7540
348.54,0.6424,-3.2960
348.54,-4.1076,-0.1960
348.54,-2.5576,-0.7460
348.54,-3.0576,0.4040
348.54,-1.2076,-3.2960
348.54,1.2924,-2.5460
348.54,-1.1576,-1.6460
348.54,1.1924,-1.4460
348.54,-2.5576,0.1040
348.54,-2.1576,-1.6960
351.15,1.0424,-4.7960
351.15,-1.3576,-3.8960
351.15,0.9924,-3.4460
351.15,-1.4076,-3.0960
351.15,1.1424,-3.2460
351.15,-2.4576,-2.2960
351.15,-3.3076,-0.3960
351.15,-3.3076,1.1540
351.15,-3.0076,1.3040
351.15,-2.4076,1.3540
351.15,-0.0576,2.0040
351.15,-0.2576,1.5540
351.15,-1.6076,1.3040
351.15,2.1924,0.0540
351.15,-2.4076,0.9540
351.15,1.6924,-0.4960
351.15,2.2924,-0.0960
351.15,-3.1076,0.7540
351.15,-1.1076,-2.8460
351.15,-1.5076,0.7540
351.15,0.6424,-3.2960
351.15,-4.1076,-0.1960
351.15,-2.5576,-0.7460
351.15,-3.0576,0.4040
351.15,-1.2076,-3.2960
351.15,1.2924,-2.5460
351.15,-1.1576,-1.6460
351.15,1.1924,-1.4460
351.15,-2.5576,0.1040
351.15,-2.1576,-1.6960
352.92,1.0424,-4.7960
352.92,-1.3576,-3.8960
352.92,0.9924,-3.4460
352.92,-1.4076,-3.0960
352.92,1.1424,-3.2460
352.92,-2.4576,-2.2960
352.92,-2.6076,-1.0460
352.92,-3.3076,-0.3960
352.92,-3.3076,1.1540
352.92,-3.0076,1.3040
352.92,-2.4076,1.3540
352.92,-0.0576,2.0040
352.92,2.1924,0.0540
352.92,-0.2576,1.5540
352.92,-1.6076,1.3040
352.92,-2.5076,-1.2460
352.92,-2.4076,0.9540
352.92,2.2924,-0.0960
352.92,-3.1076,0.7540
352.92,-1.1076,-2.8460
352.92,1.0424,-0.9460
352.92,1.7924,-0.4960
352.92,0.6424,-3.2960
352.92,-4.1076,-0.1960
352.92,-2.5576,-0.7460
352.92,-3.0576,0.4040
352.92,-1.2076,-3.2960
352.92,1.0424,-0.7460
352.92,-1.3076,0.6540
352.92,1.2924,-2.5460
355.22,1.0424,-4.7960
355.22,-1.3576,-3.8960
355.22,0.9924,-3.4460
355.22,-1.4076,-3.0960
355.22,1.1424,-3.2460
355.22,-2.4576,-2.2960
355.22,-2.6076,-1.0460
355.22,-3.3076,-0.3960
355.22,-3.3076,1.1540
355.22,-3.0076,1.3040
355.22,-2.4076,1.3540
355.22,-0.0576,2.0040
355.22,2.1924,0.0540
355.22,-0.2576,1.5540
355.22,-1.6076,1.3040
355.22,-2.5076,-1.2460
355.22,-2.4076,0.9540
355.22,2.2924,-0.0960
355.22,-3.1076,0.7540
355.22,-1.1076,-2.8460
355.22,1.0424,-0.9460
355.22,1.7924,-0.4960
355.22,0.6424,-3.2960
355.22,-4.1076,-0.1960
355.22,-2.5576,-0.7460
355.22,-3.0576,0.4040
355.22,-1.2076,-3.2960
355.22,1.0424,-0.7460
355.22,-1.3076,0.6540
355.22,1.2924,-2.5460
357.18,1.0424,-4.7960
357.18,-1.3576,-3.8960
357.18,0.9924,-3.4460
357.18,-1.4076,-3.0960
357.18,1.1424,-3.2460
357.18,-2.4576,-2.2960
357.18,-2.6076,-1.0460
357.18,-3.3076,-0.3960
357.18,-2.9576,0.6040
357.18,-3.3076,1.1540
357.18,-3.0076,1.3040
357.18,-2.4076,1.3540
357.18,-0.0576,2.0040
357.18,2.1924,0.0540
357.18,-0.2576,1.5540
357.18,-1.6076,1.3040
357.18,-2.5076,-1.2460
357.18,-2.4076,0.9540
357.18,1.2924,-2.5960
357.18,2.2924,-0.0960
357.18,-1.1076,-2.8460
357.18,1.0424,-0.9460
357.18,1.7924,-0.4960
357.18,0.6424,-3.2960
357.18,-4.1076,-0.1960
357.18,-2.5576,-0.7460
357.18,-3.0576,0.4040
357.18,-1.2076,-3.2960
357.18,1.0924,-2.6460
357.18,1.0424,-0.7460
358.87,1.0424,-4.7960
358.87,-1.3576,-3.8960
358.87,0.9924,-3.4460
358.87,-1.4076,-3.0960
358.87,1.1424,-3.2460
358.87,-2.4576,-2.2960
358.87,-2.6076,-1.0460
358.87,-3.3076,-0.3960
358.87,-2.9576,0.6040
358.87,-3.3076,1.1540
358.87,-3.0076,1.3040
358.87,-2.4076,1.3540
358.87,-0.0576,2.0040
358.87,2.1924,0.0540
358.87,-0.2576,1.5540
358.87,-1.6076,1.3040
358.87,-2.5076,-1.2460
358.87,-2.4076,0.9540
358.87,1.2924,-2.5960
358.87,2.2924,-0.0960
358.87,-1.1076,-2.8460
358.87,1.0424,-0.9460
358.87,1.7924,-0.4960
358.87,0.6424,-3.2960
358.87,-4.1076,-0.1960
358.87,-2.5576,-0.7460
358.87,-3.0576,0.4040
358.87,-1.2076,-3.2960
358.87,1.0924,-2.6460
358.87,1.0424,-0.7460
361.81,1.0424,-4.7960
361.81,-1.3576,-4.0460
361.81,0.9924,-3.4460
361.81,-1.5076,-3.1460
361.81,1.1424,-3.2460
361.81,-2.4576,-2.2960
361.81,-2.6076,-1.0460
361.81,-3.3076,-0.3960
361.81,-2.9576,0.6040
361.81,-3.3076,1.1540
361.81,-3.0076,1.3040
361.81,-2.4076,1.3540
361.81,-0.1076,2.0040
361.81,0.0924,2.1040
361.81,2.2424,0.0540
361.81,-1.6076,1.3040
361.81,-1.4576,-3.6460
361.81,-2.5076,-1.2460
361.81,-2.4076,0.9540
361.81,1.2924,-2.5960
361.81,2.2924,-0.0960
361.81,1.0424,-0.9460
361.81,1.7924,-0.4960
361.81,0.6424,-3.2960
361.81,-4.1076,-0.1960
361.81,-2.5576,-0.7460
361.81,-3.0576,0.4040
361.81,1.0924,-2.6460
361.81,1.0424,-0.7460
361.81,-1.3076,0.6540
362.85,1.0424,-4.7960
362.85,-1.3576,-4.0460
362.85,0.9924,-3.4460
362.85,-1.5076,-3.1460
362.85,1.1424,-3.2460
362.85,-2.4576,-2.2960
362.85,-2.6076,-1.0460
362.85,-3.3076,-0.3960
362.85,-2.9576,0.6040
362.85,-3.3076,1.1540
362.85,-3.0076,1.3040
362.85,-2.4076,1.3540
362.85,-0.1076,2.0040
362.85,0.0924,2.1040
362.85,2.2424,0.0540
362.85,-1.6076,1.3040
362.85,-2.5076,-1.2460
362.85,-2.4076,0.9540
362.85,1.2924,-2.5960
362.85,2.2924,-0.0960
362.85,1.0424,-0.9460
362.85,1.7924,-0.4960
362.85,0.6424,-3.2960
362.85,-4.1076,-0.1960
362.85,-2.5576,-0.7460
362.85,-3.0576,0.4040
362.85,1.0924,-2.6460
362.85,1.0424,-0.7460
362.85,-1.3076,0.6540
362.85,-1.1576,-1.6460
364.75,1.0424,-4.7960
364.75,-1.3576,-4.0460
364.75,0.9924,-3.4460
364.75,-1.5076,-3.1460
364.75,1.1424,-3.2460
364.75,-2.4576,-2.2960
364.75,-2.6076,-1.0460
364.75,-3.3076,-0.3960
364.75,-2.9576,0.6040
364.75,-3.3076,1.1540
364.75,-3.0076,1.3040
364.75,-2.4076,1.3540
364.75,-0.1076,2.0040
364.75,0.0924,2.1040
364.75,2.2424,0.0540
364.75,-1.6076,1.3040
364.75,-2.5076,-1.2460
364.75,-2.4076,0.9540
364.75,1.2924,-2.5960
364.75,2.2924,-0.0960
364.75,1.0424,-0.9460
364.75,1.7924,-0.4960
364.75,0.6424,-3.2960
364.75,-4.1076,-0.1960
364.75,-2.5576,-0.7460
364.75,-3.0576,0.4040
364.75,1.0924,-2.6460
364.75,1.0424,-0.7460
364.75,-1.3076,0.6540
364.75,-1.1576,-1.6460
366.87,1.0424,-4.7960
366.87,-1.3576,-4.0460
366.87,0.9924,-3.4460
366.87,-1.5076,-3.1460
366.87,1.1424,-3.2460
366.87,-2.4576,-2.2960
366.87,-2.6076,-1.0460
366.87,-3.3076,-0.3960
366.87,-2.9576,0.6040
366.87,-3.3076,1.1540
366.87,-3.0076,1.3040
366.87,-2.4076,1.3540
366.87,-0.1076,2.0040
366.87,0.0924,2.1040
366.87,2.2424,0.0540
366.87,-1.6076,1.3040
366.87,-2.5076,-1.2460
366.87,-2.4076,0.9540
366.87,1.2924,-2.5960
366.87,2.2924,-0.0960
366.87,1.0424,-0.9460
366.87,1.7924,-0.4960
366.87,0.6424,-3.2960
366.87,-4.1076,-0.1960
366.87,-2.5576,-0.7460
366.87,-3.0576,0.4040
366.87,1.0924,-2.6460
366.87,1.0424,-0.7460
366.87,-1.3076,0.6540
366.87,-1.1576,-1.6460
369.10,1.0424,-4.7960
369.10,-1.3576,-4.0460
369.10,0.9924,-3.4460
369.10,-1.5076,-3.1460
369.10,1.1424,-3.2460
369.10,-2.4576,-2.2960
369.10,-2.6076,-1.0460
369.10,-3.3076,-0.3960
369.10,-2.9576,0.6040
369.10,-3.3076,1.1540
369.10,-3.0076,1.3040
369.10,-2.4076,1.3540
369.10,-0.1076,2.0040
369.10,0.0924,2.1040
369.10,2.2424,0.0540
369.10,-1.6076,1.3040
369.10,-2.5076,-1.2460
369.10,-2.4076,0.9540
369.10,1.2924,-2.5960
369.10,2.2924,-0.0960
369.10,1.0424,-0.9460
369.10,1.7924,-0.4960
369.10,0.6424,-3.2960
369.10,-4.1076,-0.1960
369.10,-2.5576,-0.7460
369.10,-3.0576,0.4040
369.10,1.1424,-1.3960
369.10,1.0424,-0.7460
369.10,-1.3076,0.6540
369.10,1.0924,-2.6460
371.40,1.0424,-4.7960
371.40,-1.3576,-4.0460
371.40,0.9924,-3.4460
371.40,-1.5076,-3.1460
371.40,1.1424,-3.2460
371.40,-2.4576,-2.2960
371.40,-2.6076,-1.0460
371.40,-3.3076,-0.3960
371.40,-2.9576,0.6040
371.40,-3.3076,1.1540
371.40,-3.0076,1.3040
371.40,-2.4076,1.3540
371.40,-0.1076,2.0040
371.40,0.0924,2.1040
371.40,2.2424,0.0540
371.40,-1.6076,1.3040
371.40,-2.5076,-1.2460
371.40,-2.4076,0.9540
371.40,1.2924,-2.5960
371.40,2.2924,-0.0960
371.40,1.0424,-0.9460
371.40,1.7924,-0.4960
371.40,0.6424,-3.2960
371.40,-4.1076,-0.1960
371.40,-2.5576,-0.7460
371.40,-3.0576,0.4040
371.40,1.1424,-1.3960
371.40,1.0424,-0.7460
371.40,-1.3076,0.6540
371.40,1.0924,-2.6460
373.43,1.0424,-4.7960
373.43,-1.3576,-4.0460
373.43,0.9924,-3.4460
373.43,-1.5076,-3.1460
373.43,1.1424,-3.2460
373.43,-2.4576,-2.2960
373.43,-2.6076,-1.0460
373.43,-3.3076,-0.3960
373.43,-2.9576,0.6040
373.43,-3.3076,1.1540
373.43,-3.0076,1.3040
373.43,-2.4076,1.3540
373.43,-0.1076,2.0040
373.43,0.0924,2.1040
373.43,2.2424,0.0540
373.43,-1.6076,1.3040
373.43,-2.5076,-1.2460
373.43,-2.4076,0.9540
373.43,1.2924,-2.5960
373.43,2.2924,-0.0960
373.43,1.0424,-0.9460
373.43,1.7924,-0.4960
373.43,0.6424,-3.2960
373.43,-4.1076,-0.1960
373.43,-2.5576,-0.7460
373.43,-3.0576,0.4040
373.43,1.1424,-1.3960
373.43,1.0424,-0.7460
373.43,-1.3076,0.6540
373.43,1.0924,-2.6460
374.99,1.0424,-4.7960
374.99,-1.3576,-4.0460
374.99,0.9924,-3.4460
374.99,-1.5076,-3.1460
374.99,1.1424,-3.2460
374.99,-2.4576,-2.2960
374.99,-2.6076,-1.0460
374.99,-3.3076,-0.3960
374.99,-2.9576,0.6040
374.99,-3.3076,1.1540
374.99,-3.0076,1.3040
374.99,-2.4076,1.3540
374.99,-0.1076,2.0040
374.99,0.0924,2.1040
374.99,2.2424,0.0540
374.99,-1.6076,1.3040
374.99,-2.5076,-1.2460
374.99,-2.4076,0.9540
374.99,1.2924,-2.5960
374.99,2.2924,-0.0960
374.99,1.0424,-0.9460
374.99,1.7924,-0.4960
374.99,0.6424,-3.2960
374.99,-4.1076,-0.1960
374.99,-2.5576,-0.7460
374.99,-3.0576,0.4040
374.99,1.1424,-1.3960
374.99,1.0424,-0.7460
374.99,-1.3076,0.6540
374.99,1.0924,-2.6460
376.54,1.0424,-4.7960
376.54,-1.3576,-4.0460
376.54,0.9924,-3.4460
376.54,-1.5076,-3.1460
376.54,1.1424,-3.2460
376.54,-2.4576,-2.2960
376.54,-2.6076,-1.0460
376.54,-3.3076,-0.3960
376.54,-2.9576,0.6040
376.54,-3.3076,1.1540
376.54,-3.0076,1.3040
376.54,-2.4076,1.3540
376.54,-0.1076,2.0040
376.54,0.0924,2.1040
376.54,2.2424,0.0540
376.54,-1.6076,1.3040
376.54,-2.5076,-1.2460
376.54,-2.4076,0.9540
376.54,1.2924,-2.5960
376.54,2.2924,-0.0960
376.54,1.0424,-0.9460
376.54,1.7924,-0.4960
376.54,0.6424,-3.2960
376.54,-4.1076,-0.1960
376.54,-2.5576,-0.7460
376.54,-3.0576,0.4040
376.54,1.1424,-1.3960
376.54,1.0424,-0.7460
376.54,-1.3076,0.6540
376.54,1.0924,-2.6460
379.10,1.0424,-4.7960
379.10,-1.3576,-4.0460
379.10,0.9924,-3.4460
379.10,-1.5076,-3.1460
379.10,1.1424,-3.2460
379.10,-2.4576,-2.2960
379.10,-2.6076,-1.0460
379.10,-3.3076,-0.3960
379.10,-2.9576,0.6040
379.10,-3.3076,1.1540
379.10,-3.0076,1.3040
379.10,-2.4076,1.3540
379.10,-0.1076,2.0040
379.10,0.0924,2.1040
379.10,2.2424,0.0540
379.10,-1.6076,1.3040
379.10,-2.5076,-1.2460
379.10,-2.4076,0.9540
379.10,1.2924,-2.5960
379.10,2.2924,-0.0960
379.10,1.0424,-0.9460
379.10,1.7924,-0.4960
379.10,0.6424,-3.2960
379.10,-4.1076,-0.1960
379.10,-2.5576,-0.7460
379.10,-3.0576,0.4040
379.10,1.1424,-1.3960
379.10,1.0424,-0.7460
379.10,-1.3076,0.6540
379.10,1.0924,-2.6460
381.26,1.0424,-4.7960
381.26,-1.3576,-4.0460
381.26,0.9924,-3.4460
381.26,-1.5076,-3.1460
381.26,1.1424,-3.2460
381.26,-2.4576,-2.2960
381.26,1.6424,-0.9460
381.26,-2.6076,-1.0460
381.26,-3.3076,-0.3960
381.26,-2.9576,0.6040
381.26,-3.3076,1.1540
381.26,0.5424,1.4040
381.26,-3.0076,1.3040
381.26,-2.4076,1.3540
381.26,0.3424,1.8040
381.26,-0.4576,1.9040
381.26,2.2424,0.0540
381.26,-1.6076,1.3040
381.26,-2.5076,-1.2460
381.26,-2.4076,0.9540
381.26,1.2924,-2.5960
381.26,0.0924,2.3540
381.26,2.2924,-0.0960
381.26,1.0424,-0.9460
381.26,0.6424,-3.2960
381.26,-4.1076,-0.1960
381.26,-2.5576,-0.7460
381.26,-3.0576,0.4040
381.26,-0.1076,2.1040
381.26,1.1424,-1.3960
382.73,1.0424,-4.7960
382.73,-1.3576,-4.0460
382.73,0.9924,-3.4460
382.73,-1.5076,-3.1460
382.73,1.1424,-3.2460
382.73,-2.4576,-2.2960
382.73,2.0424,-1.0960
382.73,-2.6076,-1.0460
382.73,-3.3076,-0.3960
382.73,-2.9576,0.6040
382.73,-3.3076,1.1540
382.73,-3.0076,1.3040
382.73,-2.4076,1.3540
382.73,0.8924,2.1040
382.73,0.5924,2.1040
382.73,2.2424,0.0540
382.73,-1.6076,1.3040
382.73,-2.5076,-1.2460
382.73,-2.4076,0.9540
382.73,1.2924,-2.5960
382.73,1.0424,-0.9460
382.73,0.5924,1.2040
382.73,0.0924,2.3540
382.73,2.2924,-0.0960
382.73,0.6424,-3.2960
382.73,1.0924,-0.7960
382.73,-4.1076,-0.1960
382.73,-2.5576,-0.7460
382.73,-3.0576,0.4040
382.73,1.1424,-1.3960
384.89,1.0424,-4.7960
384.89,-1.3576,-4.0460
384.89,0.9924,-3.4460
384.89,-1.5076,-3.1460
384.89,1.1424,-3.2460
384.89,-2.4576,-2.2960
384.89,2.0424,-1.0960
384.89,-2.6076,-1.0460
384.89,-3.3076,-0.3960
384.89,-2.9576,0.6040
384.89,-3.3076,1.1540
384.89,-3.0076,1.3040
384.89,-2.4076,1.3540
384.89,0.8924,2.1040
384.89,0.5924,2.1040
384.89,2.2424,0.0540
384.89,-1.6076,1.3040
384.89,-2.5076,-1.2460
384.89,-2.4076,0.9540
384.89,1.2924,-2.5960
384.89,1.0424,-0.9460
384.89,0.5924,1.2040
384.89,0.0924,2.3540
384.89,2.2924,-0.0960
384.89,0.6424,-3.2960
384.89,1.0924,-0.7960
384.89,-4.1076,-0.1960
384.89,-2.5576,-0.7460
384.89,-3.0576,0.4040
384.89,1.1424,-1.3960
386.75,1.0424,-4.7960
386.75,-1.3576,-4.0460
386.75,0.9924,-3.4460
386.75,-1.5076,-3.1460
386.75,1.1424,-3.2460
386.75,-2.4576,-2.2960
386.75,2.0424,-1.0960
386.75,-2.6076,-1.0460
386.75,-3.3076,-0.3960
386.75,-2.9576,0.6040
386.75,-3.3076,1.1540
386.75,-3.0076,1.3040
386.75,-2.4076,1.3540
386.75,0.8924,2.1040
386.75,0.5924,2.1040
386.75,2.2424,0.0540
386.75,-1.6076,1.3040
386.75,-2.5076,-1.2460
386.75,-2.4076,0.9540
386.75,1.2924,-2.5960
386.75,1.0424,-0.9460
386.75,0.5924,1.2040
386.75,0.0924,2.3540
386.75,2.2924,-0.0960
386.75,0.6424,-3.2960
386.75,1.0924,-0.7960
386.75,-4.1076,-0.1960
386.75,-2.5576,-0.7460
386.75,-3.0576,0.4040
386.75,1.1424,-1.3960
389.69,1.0424,-4.7960
389.69,-1.3576,-4.0460
389.69,0.9924,-3.4460
389.69,-1.6076,-3.3460
389.69,1.1424,-3.2460
389.69,-2.4576,-2.2960
389.69,2.0924,-1.3960
389.69,-2.6076,-1.0460
389.69,-3.3076,-0.3960
389.69,-2.9576,0.6040
389.69,-3.3076,1.1540
389.69,-3.0076,1.3040
389.69,-2.4076,1.3540
389.69,0.8924,2.1040
389.69,0.5924,2.1040
389.69,-1.6076,1.3040
389.69,-2.5076,-1.2460
389.69,-2.4076,0.9540
389.69,1.2924,-2.5960
389.69,2.9424,-1.6460
389.69,0.5924,1.2040
389.69,0.0924,2.3540
389.69,2.3924,0.1040
389.69,0.6424,-3.2960
389.69,1.0924,-1.0460
389.69,-4.1076,-0.1960
389.69,-2.5576,-0.7460
389.69,-3.0576,0.4040
389.69,1.1424,-1.3960
389.69,2.4424,-0.0460
391.33,1.0424,-4.7960
391.33,-1.3576,-4.0460
391.33,0.9924,-3.4460
391.33,-1.6076,-3.3460
391.33,1.1424,-3.2460
391.33,-2.4576,-2.2960
391.33,2.0924,-1.3960
391.33,-2.6076,-1.0460
391.33,-3.3076,-0.3960
391.33,-2.9576,0.6040
391.33,-3.3076,1.1540
391.33,-3.0076,1.3040
391.33,-2.4076,1.3540
391.33,0.8924,2.1040
391.33,0.5924,2.1040
391.33,-1.6076,1.3040
391.33,-2.5076,-1.2460
391.33,-2.4076,0.9540
391.33,1.2924,-2.5960
391.33,2.9424,-1.6460
391.33,0.5924,1.2040
391.33,0.0924,2.3540
391.33,2.3924,0.1040
391.33,0.6424,-3.2960
391.33,1.0924,-1.0460
391.33,-4.1076,-0.1960
391.33,-2.5576,-0.7460
391.33,-3.0576,0.4040
391.33,1.1424,-1.3960
391.33,2.4424,-0.0460
394.27,1.0424,-4.7960
394.27,-1.3576,-4.0460
394.27,0.9924,-3.4460
394.27,-1.6076,-3.3460
394.27,1.1424,-3.2460
394.27,-2.4576,-2.2960
394.27,2.0924,-1.3960
394.27,-2.6076,-1.0460
394.27,-3.3076,-0.3960
394.27,-2.9576,0.6040
394.27,-3.3076,1.1540
394.27,-3.0076,1.3040
394.27,-2.4076,1.3540
394.27,0.8924,2.1040
394.27,0.5924,2.1040
394.27,-1.6076,1.3040
394.27,-2.5076,-1.2460
394.27,-2.4076,0.9540
394.27,-2.5076,-0.7460
394.27,1.2924,-2.5960
394.27,2.9424,-1.6460
394.27,0.5924,1.2040
394.27,0.0924,2.3540
394.27,2.3924,0.1040
394.27,0.6424,-3.2960
394.27,1.0924,-1.0460
394.27,-4.1076,-0.1960
394.27,-3.0576,0.4040
394.27,2.4424,-0.0460
394.27,-1.3076,0.6540
397.15,1.0424,-4.7960
397.15,-1.3576,-4.0460
397.15,0.9924,-3.4460
397.15,-1.6076,-3.3460
397.15,1.1424,-3.2460
397.15,-2.4576,-2.2960
397.15,2.0924,-1.3960
397.15,-2.6076,-1.0460
397.15,-3.3076,-0.3960
397.15,-2.9576,0.6040
397.15,-3.3076,1.1540
397.15,-3.0076,1.3040
397.15,-2.4076,1.3540
397.15,0.8924,2.1040
397.15,0.5924,2.1040
397.15,-1.6076,1.3040
397.15,-2.5076,-1.2460
397.15,-2.4076,0.9540
397.15,1.2924,-2.5960
397.15,2.9424,-1.6460
397.15,0.5924,1.2040
397.15,0.0924,2.3540
397.15,2.3924,0.1040
397.15,0.6424,-3.2960
397.15,1.0924,-1.0460
397.15,-2.5076,-0.6960
397.15,-4.1076,-0.1960
397.15,-3.0576,0.4040
397.15,-2.3076,-0.7960
397.15,2.4424,-0.0460
